order_id,customer_id,product_id,order_date,ship_date,quantity,unit_price,discount_percent,shipping_cost,total_amount,payment_method,order_status,region,sales_channel,return_flag,Gross_amount,net_amount,loss_amount,cost_price,total_cost,profit,profit_margin_pct
ORD01073,CUST0013,PROD0086,2023-03-17,2023-03-22,1,1008,5,72.84,1081.83,COD,Processing,North,Mobile App,No,1081.83,1081.83,0,570.4,570.4,511.43,47.27
ORD01049,CUST0060,PROD0016,2023-05-29,2023-05-27,1,9295,0,146.52,9442.26,COD,Processing,West,Mobile App,No,9442.26,9442.26,0,7676.48,7676.48,1765.78,18.7
ORD00205,CUST0128,PROD0070,2023-06-01,2023-01-13,5,2262,5,54.22,10801.33,Net Banking,Shipped,West,Mobile App,No,10801.33,10801.33,0,1682.14,8410.7,2390.63,22.13
ORD00695,CUST0190,PROD0033,2024-11-28,2024-07-12,4,14138,10,134.07,51034.29,Debit Card,Delivered,South,Online,No,51034.29,51034.29,0,8668.21,34672.84,16361.45,32.06
ORD01759,CUST0100,PROD0018,2024-03-13,2024-03-19,3,21702,0,117.8,65225.36,Net Banking,Returned,West,In-Store,No,65225.36,0,65225.36,12543.29,117.8,-117.8,
ORD00285,CUST0027,PROD0051,2024-03-24,2024-03-30,1,4843,0,35.84,4878.86,Upi,Shipped,South,In-Store,No,4878.86,4878.86,0,3819.21,3819.21,1059.65,21.72
ORD01203,CUST0047,PROD0070,2023-03-31,2023-03-31,1,2262,20,55.55,1865.59,COD,Cancelled,West,Online,No,1865.59,0,1865.59,1682.14,0,0,0
ORD01763,CUST0106,PROD0067,2024-10-09,2024-09-19,2,12277,5,223.09,24778.29,Net Banking,Delivered,South,In-Store,No,24778.29,24778.29,0,7295.88,14591.76,10186.53,41.11
ORD01418,CUST0135,PROD0094,2024-05-06,2024-05-11,1,5579,10,63.82,5085.51,Upi,Returned,South,Online,Yes,5085.51,0,5085.51,3288.4,63.82,-63.82,
ORD01725,CUST0065,PROD0040,2024-09-18,2024-09-16,5,18476,20,149.78,74054.02,COD,Shipped,West,In-Store,Yes,74054.02,74054.02,0,13298.28,66491.4,7562.62,10.21
ORD00869,CUST0144,PROD0097,2023-01-18,2023-01-20,1,18995,15,240.01,16386.03,Credit Card,Cancelled,North,Mobile App,No,16386.03,0,16386.03,14670.87,0,0,0
ORD01338,CUST0192,PROD0004,2024-11-08,2024-08-20,4,10787,0,29.14,43179.26,Upi,Cancelled,East,Online,No,43179.26,0,43179.26,7012.9,0,0,0
ORD01783,CUST0165,PROD0065,2023-03-20,2023-03-19,1,1226,15,192.64,1235.16,Upi,Shipped,North,Online,No,1235.16,1235.16,0,713.8,713.8,521.36,42.21
ORD01704,CUST0121,PROD0016,2024-10-07,2024-07-14,1,9295,10,206.7,8572.87,Debit Card,Processing,South,In-Store,Yes,8572.87,8572.87,0,7676.48,7676.48,896.39,10.46
ORD00803,CUST0010,PROD0099,2023-10-01,2023-01-18,3,17888,15,200.05,45815.27,Debit Card,Delivered,South,Mobile App,No,45815.27,45815.27,0,13707.12,41121.36,4693.91,10.25
ORD01303,CUST0053,PROD0058,2024-06-22,2024-06-30,1,9834,5,14.45,9848.52,Credit Card,In-Transit,West,Mobile App,No,9848.52,9848.52,0,6032.58,6032.58,3815.94,38.75
ORD01275,CUST0009,PROD0038,2024-10-04,2024-04-20,1,7505,0,4.52,7510.22,Upi,In-Transit,North,Mobile App,No,7510.22,7510.22,0,5349.26,5349.26,2160.96,28.77
ORD01038,CUST0174,PROD0072,2024-09-10,2024-09-10,1,22878,5,166.56,23045.1,Debit Card,Cancelled,West,Mobile App,No,23045.1,0,23045.1,14012.9,0,0,0
ORD00596,CUST0198,PROD0083,2024-06-19,2024-06-24,1,17414,0,237.42,17651.47,COD,Processing,North,In-Store,No,17651.47,17651.47,0,12254.66,12254.66,5396.81,30.57
ORD01068,CUST0008,PROD0028,2023-05-10,2023-10-14,1,20039,0,31.76,20071.39,Credit Card,Delivered,West,Mobile App,No,20071.39,20071.39,0,12603.73,12603.73,7467.66,37.21
ORD01825,CUST0174,PROD0057,2023-10-30,2023-10-31,4,12771,5,149.14,48681.52,Upi,In-Transit,North,Online,No,48681.52,48681.52,0,8626.93,34507.72,14173.8,29.12
ORD01029,CUST0127,PROD0068,2023-12-31,2023-12-31,1,3558,0,19.85,3578.64,COD,Shipped,East,Online,No,3578.64,3578.64,0,2455.4,2455.4,1123.24,31.39
ORD00351,CUST0082,PROD0060,2024-07-20,2024-07-24,1,21989,5,7.23,21996.23,Debit Card,Returned,East,Mobile App,No,21996.23,0,21996.23,13181.61,7.23,-7.23,
ORD01090,CUST0157,PROD0050,2024-11-20,2024-11-30,2,17713,5,203.64,33859.61,Net Banking,Cancelled,East,Online,No,33859.61,0,33859.61,11469.96,0,0,0
ORD00003,CUST0099,PROD0031,2024-04-02,2024-04-07,2,15661,15,75.49,26699.53,Credit Card,Returned,North,In-Store,No,26699.53,0,26699.53,11664.97,75.49,-75.49,
ORD01076,CUST0078,PROD0057,2023-01-19,2023-01-21,1,12771,5,119.49,12898.82,Upi,Processing,East,In-Store,Yes,12898.82,12898.82,0,8626.93,8626.93,4271.89,33.12
ORD01505,CUST0080,PROD0064,2023-12-26,2023-12-31,1,13808,0,224.31,14032.76,Upi,Delivered,West,Online,No,14032.76,14032.76,0,8917.95,8917.95,5114.81,36.45
ORD00111,CUST0121,PROD0064,2023-06-19,2023-06-24,5,13808,15,60.22,58746.13,Debit Card,Delivered,West,Online,No,58746.13,58746.13,0,8917.95,44589.75,14156.38,24.1
ORD01063,CUST0182,PROD0091,2023-05-25,2023-01-06,2,18810,20,188.32,30285.42,Debit Card,Delivered,West,Mobile App,No,30285.42,30285.42,0,11590.5,23181,7104.42,23.46
ORD00109,CUST0157,PROD0049,2024-03-01,2024-10-01,1,17373,0,120.77,17494.08,Credit Card,In-Transit,,Mobile App,No,17494.08,17494.08,0,14247.06,14247.06,3247.02,18.56
ORD00919,CUST0196,PROD0037,2023-06-30,2023-06-29,1,8588,10,5.68,7735.21,Credit Card,Processing,South,In-Store,No,7735.21,7735.21,0,5237.56,5237.56,2497.65,32.29
ORD00501,CUST0005,PROD0083,2024-12-08,2024-12-13,5,17414,10,32.76,78395.99,Credit Card,Delivered,West,Online,No,78395.99,78395.99,0,12254.66,61273.3,17122.69,21.84
ORD00362,CUST0161,PROD0081,2023-04-10,2023-08-04,5,3839,20,202.01,15558.21,Upi,Delivered,South,In-Store,Yes,15558.21,15558.21,0,2182.74,10913.7,4644.51,29.85
ORD01548,CUST0038,PROD0081,2024-06-12,2024-06-17,1,3839,20,10.98,3082.22,Upi,Cancelled,North,Online,No,3082.22,0,3082.22,2182.74,0,0,0
ORD01282,CUST0074,PROD0096,2024-07-24,2024-07-31,2,1277,10,231.43,2530.55,Net Banking,Processing,East,Mobile App,No,2530.55,2530.55,0,882.12,1764.24,766.31,30.28
ORD01159,CUST0093,PROD0027,2023-11-28,2023-08-12,2,6491,10,103.22,11788.26,COD,In-Transit,North,Online,No,11788.26,11788.26,0,3613.09,7226.18,4562.08,38.7
ORD01328,CUST0024,PROD0068,2024-04-05,2024-11-05,2,3558,10,177.73,6583.55,Credit Card,Shipped,South,Mobile App,Yes,6583.55,6583.55,0,2455.4,4910.8,1672.75,25.41
ORD00197,CUST0034,PROD0024,2023-01-27,2023-06-02,2,20116,5,149.09,38369.49,COD,Returned,South,In-Store,No,38369.49,0,38369.49,13124.34,149.09,-149.09,
ORD01818,CUST0072,PROD0047,2024-02-13,2024-02-21,1,1927,0,90.01,2017.68,Net Banking,In-Transit,South,Mobile App,No,2017.68,2017.68,0,1218.11,1218.11,799.57,39.63
ORD00238,CUST0153,PROD0085,2023-08-11,2023-08-18,1,4165,0,21.6,4186.97,Credit Card,Shipped,North,Online,Yes,4186.97,4186.97,0,2640.63,2640.63,1546.34,36.93
ORD00789,CUST0024,PROD0079,2024-01-29,2024-02-03,4,14974,5,10.47,56912.58,Credit Card,Cancelled,North,In-Store,No,56912.58,0,56912.58,11348.98,0,0,0
ORD00721,CUST0128,PROD0039,2024-05-15,2024-05-20,1,15091,5,57.03,14393.62,Upi,Returned,West,Online,No,14393.62,0,14393.62,12191.32,57.03,-57.03,
ORD01296,CUST0114,PROD0001,2023-01-08,2023-07-08,3,21533,0,59.51,64661.33,COD,Shipped,South,Mobile App,No,64661.33,64661.33,0,13070.81,39212.43,25448.9,39.36
ORD01410,CUST0107,PROD0092,2024-05-19,2024-05-19,2,6775,15,175.54,11693.96,Credit Card,Delivered,South,Online,No,11693.96,11693.96,0,4388.06,8776.12,2917.84,24.95
ORD01705,CUST0084,PROD0095,2023-12-28,2024-04-01,4,14966,5,80.29,59945.85,COD,Returned,West,Online,Yes,59945.85,0,59945.85,11139.28,80.29,-80.29,
ORD00545,CUST0079,PROD0005,2024-08-07,2024-07-18,3,2915,0,227.51,8973.65,Upi,In-Transit,East,Online,Yes,8973.65,8973.65,0,2349.27,7047.81,1925.84,21.46
ORD01261,CUST0156,PROD0014,2024-09-29,2024-10-01,1,17479,20,31.28,14014.61,Upi,Cancelled,South,In-Store,Yes,14014.61,0,14014.61,9987.82,0,0,0
ORD01111,CUST0126,PROD0048,2024-09-21,2024-09-20,5,14926,0,13.68,74647.53,Net Banking,Shipped,North,Online,No,74647.53,74647.53,0,10203.52,51017.6,23629.93,31.66
ORD01307,CUST0071,PROD0001,2023-08-01,2023-06-01,4,21533,5,84.39,86220.15,Upi,Cancelled,North,Mobile App,No,86220.15,0,86220.15,13070.81,0,0,0
ORD00846,CUST0170,PROD0007,2024-01-10,2024-12-01,1,2136,20,182.4,1891.73,COD,Returned,West,In-Store,No,1891.73,0,1891.73,1243.29,182.4,-182.4,
ORD00842,CUST0003,PROD0100,2023-01-28,2023-02-07,1,15869,0,20.91,15890.27,Credit Card,Returned,West,Mobile App,No,15890.27,0,15890.27,13163.47,20.91,-20.91,
ORD01318,CUST0136,PROD0098,2023-03-04,2023-08-04,1,16965,0,73.73,17039.59,Net Banking,Processing,North,Online,No,17039.59,17039.59,0,9723.88,9723.88,7315.71,42.93
ORD01546,CUST0170,PROD0082,2024-10-10,2024-10-18,3,13459,5,32.38,40409.44,Credit Card,Processing,West,Mobile App,No,40409.44,40409.44,0,8946.5,26839.5,13569.94,33.58
ORD01648,CUST0096,PROD0009,2024-07-28,2024-07-31,5,9274,0,21,46394.9,Upi,Shipped,North,In-Store,Yes,46394.9,46394.9,0,7186.87,35934.35,10460.55,22.55
ORD01734,CUST0061,PROD0048,2024-11-19,2024-11-27,2,14926,0,209.61,30063.15,Net Banking,Delivered,North,Online,No,30063.15,30063.15,0,10203.52,20407.04,9656.11,32.12
ORD01057,CUST0027,PROD0002,2024-07-08,2024-12-08,1,10538,0,172.82,10711.47,Upi,Shipped,North,Mobile App,No,10711.47,10711.47,0,8006.01,8006.01,2705.46,25.26
ORD01794,CUST0091,PROD0087,2024-02-25,2024-06-03,4,3803,0,2.22,15217.5,Credit Card,Returned,East,In-Store,No,15217.5,0,15217.5,2356.33,2.22,-2.22,
ORD00173,CUST0112,PROD0042,2023-01-16,2023-01-21,2,17560,0,98.95,35220.87,COD,Delivered,South,Online,No,35220.87,35220.87,0,12010.2,24020.4,11200.47,31.8
ORD01788,CUST0007,PROD0028,2023-11-15,2023-11-21,1,20039,5,107.09,19144.74,COD,Processing,West,In-Store,Yes,19144.74,19144.74,0,12603.73,12603.73,6541.01,34.17
ORD00836,CUST0176,PROD0056,2023-07-06,2023-06-16,1,24757,0,118.43,24875.91,Credit Card,Delivered,East,In-Store,No,24875.91,24875.91,0,14778.47,14778.47,10097.44,40.59
ORD00442,CUST0176,PROD0031,2023-02-23,2023-03-03,3,15661,20,244.11,37830.99,COD,Delivered,North,In-Store,No,37830.99,37830.99,0,11664.97,34994.91,2836.08,7.5
ORD01555,CUST0170,PROD0020,2024-08-30,2024-08-30,3,9020,0,218.16,27279.42,Credit Card,Returned,West,In-Store,No,27279.42,0,27279.42,5528.06,218.16,-218.16,
ORD01376,CUST0089,PROD0044,2023-06-21,2023-06-26,1,15370,5,184.9,15555.17,Credit Card,In-Transit,West,In-Store,Yes,15555.17,15555.17,0,9076.55,9076.55,6478.62,41.65
ORD00790,CUST0054,PROD0001,2023-09-03,2023-09-03,1,21533,10,181.81,19562.36,Net Banking,Cancelled,South,Mobile App,No,19562.36,0,19562.36,13070.81,0,0,0
ORD00186,CUST0014,PROD0040,2024-06-20,2024-06-18,3,18476,0,81.71,55509.89,Credit Card,Shipped,East,Mobile App,No,55509.89,55509.89,0,13298.28,39894.84,15615.05,28.13
ORD00439,CUST0132,PROD0020,2024-02-25,2024-02-24,5,9020,0,38.91,45141.01,Net Banking,Shipped,South,Online,No,45141.01,45141.01,0,5528.06,27640.3,17500.71,38.77
ORD00373,CUST0039,PROD0042,2023-09-11,2023-09-09,2,17560,0,212.88,35334.8,COD,Delivered,East,In-Store,No,35334.8,35334.8,0,12010.2,24020.4,11314.4,32.02
ORD00141,CUST0043,PROD0034,2023-04-07,2023-10-07,4,11290,0,219.63,45380.95,Credit Card,Shipped,East,In-Store,No,45380.95,45380.95,0,8602.89,34411.56,10969.39,24.17
ORD01278,CUST0143,PROD0058,2023-07-01,2023-08-01,4,9834,20,12.1,31481.12,Upi,Delivered,East,Mobile App,Yes,31481.12,31481.12,0,6032.58,24130.32,7350.8,23.35
ORD01397,CUST0137,PROD0100,2024-02-01,2023-12-31,1,15869,0,11.27,15880.63,Upi,Processing,West,Online,Yes,15880.63,15880.63,0,13163.47,13163.47,2717.16,17.11
ORD01470,CUST0142,PROD0023,2023-01-09,2023-08-31,2,24502,10,33.13,44137.74,Credit Card,In-Transit,South,Mobile App,Yes,44137.74,44137.74,0,14497.4,28994.8,15142.94,34.31
ORD00587,CUST0183,PROD0019,2024-03-23,2024-03-29,5,7411,5,173.77,37233.37,Upi,Returned,South,Mobile App,No,37233.37,0,37233.37,5713.13,173.77,-173.77,
ORD00849,CUST0179,PROD0052,2024-09-25,2024-03-10,2,3087,0,130.43,6306.31,Credit Card,Cancelled,East,Online,No,6306.31,0,6306.31,1854.64,0,0,0
ORD00300,CUST0094,PROD0086,2024-11-04,2024-03-11,4,1008,0,59.01,4094.97,Net Banking,Shipped,West,Online,No,4094.97,4094.97,0,570.4,2281.6,1813.37,44.28
ORD00796,CUST0046,PROD0005,2023-05-17,2023-05-22,3,2915,15,166.51,7600.73,COD,Delivered,North,In-Store,No,7600.73,7600.73,0,2349.27,7047.81,552.92,7.27
ORD01413,CUST0178,PROD0008,2024-04-08,2024-08-13,2,15504,15,16.01,26373.22,COD,Delivered,West,Online,No,26373.22,26373.22,0,8746.91,17493.82,8879.4,33.67
ORD00354,CUST0102,PROD0090,2023-06-05,2023-06-05,1,12088,10,219.57,11099.07,COD,Returned,North,In-Store,Yes,11099.07,0,11099.07,9190.14,219.57,-219.57,
ORD01071,CUST0154,PROD0006,2024-08-21,2024-08-31,3,6650,20,98.55,16060.01,Debit Card,Returned,West,Mobile App,No,16060.01,0,16060.01,5343.94,98.55,-98.55,
ORD01465,CUST0196,PROD0054,2023-05-19,2023-05-24,1,16339,0,103.93,16443.78,Credit Card,Processing,South,Online,No,16443.78,16443.78,0,10050.81,10050.81,6392.97,38.88
ORD01687,CUST0086,PROD0041,2024-12-20,2024-12-23,1,1025,20,174.65,994.95,Upi,Processing,South,Mobile App,No,994.95,994.95,0,645.65,645.65,349.3,35.11
ORD01845,CUST0057,PROD0026,2023-03-02,2023-03-02,3,21234,15,145.93,54294.44,Credit Card,Shipped,South,Mobile App,Yes,54294.44,54294.44,0,12268.88,36806.64,17487.8,32.21
ORD00958,CUST0021,PROD0023,2023-10-15,2023-10-24,1,24502,0,93.13,24595.69,Credit Card,Delivered,East,Online,No,24595.69,24595.69,0,14497.4,14497.4,10098.29,41.06
ORD01535,CUST0130,PROD0062,2024-10-22,2024-10-23,3,9273,0,134.32,27956.26,Debit Card,Cancelled,South,In-Store,Yes,27956.26,0,27956.26,5255.74,0,0,0
ORD01683,CUST0030,PROD0089,2024-04-10,2024-10-08,2,21184,20,126.69,34021.91,Debit Card,Delivered,West,In-Store,No,34021.91,34021.91,0,14354.61,28709.22,5312.69,15.62
ORD00716,CUST0032,PROD0008,2024-12-22,2024-12-27,2,15504,0,46.39,31054.87,Credit Card,Cancelled,South,Mobile App,No,31054.87,0,31054.87,8746.91,0,0,0
ORD01433,CUST0010,PROD0096,2024-12-19,2024-12-18,1,1277,0,99.24,1376.53,COD,In-Transit,West,Mobile App,No,1376.53,1376.53,0,882.12,882.12,494.41,35.92
ORD00424,CUST0124,PROD0083,2024-12-20,2024-12-24,2,17414,0,24.86,34852.96,Credit Card,Returned,South,In-Store,No,34852.96,0,34852.96,12254.66,24.86,-24.86,
ORD00312,CUST0011,PROD0075,2023-03-07,2023-05-07,1,5250,5,232.58,5483.14,Upi,Delivered,East,Online,Yes,5483.14,5483.14,0,4357.65,4357.65,1125.49,20.53
ORD01324,CUST0134,PROD0083,2024-01-02,2024-09-02,1,17414,0,203.87,17617.92,COD,Delivered,South,Online,No,17617.92,17617.92,0,12254.66,12254.66,5363.26,30.44
ORD01382,CUST0040,PROD0068,2023-07-17,2023-07-22,2,3558,0,0.32,7117.9,Credit Card,Shipped,South,Online,No,7117.9,7117.9,0,2455.4,4910.8,2207.1,31.01
ORD01681,CUST0174,PROD0060,2024-05-10,2024-05-15,4,21989,15,242.36,75004.96,Net Banking,Returned,East,In-Store,No,75004.96,0,75004.96,13181.61,242.36,-242.36,
ORD00038,CUST0172,PROD0063,2024-06-24,2024-02-07,3,6598,20,152.83,15988.61,COD,Shipped,West,In-Store,No,15988.61,15988.61,0,4189.32,12567.96,3420.65,21.39
ORD00528,CUST0031,PROD0073,2024-02-03,2024-01-02,2,10432,0,161.28,21025.46,Debit Card,Delivered,East,Mobile App,No,21025.46,21025.46,0,7531.52,15063.04,5962.42,28.36
ORD00692,CUST0177,PROD0015,2023-10-25,2023-10-23,2,6720,15,246.1,11670.86,COD,Shipped,West,Mobile App,No,11670.86,11670.86,0,4712.77,9425.54,2245.32,19.24
ORD01241,CUST0180,PROD0042,2023-07-28,2023-07-08,2,17560,5,22.61,35144.53,Credit Card,Delivered,West,Mobile App,No,35144.53,35144.53,0,12010.2,24020.4,11124.13,31.65
ORD00708,CUST0122,PROD0044,2024-12-21,2024-12-21,2,15370,10,25.37,27691.86,Upi,Delivered,North,In-Store,Yes,27691.86,27691.86,0,9076.55,18153.1,9538.76,34.45
ORD00059,CUST0012,PROD0002,2023-08-09,2023-06-09,5,10538,15,95.74,44885,Upi,Shipped,South,In-Store,No,44885,44885,0,8006.01,40030.05,4854.95,10.82
ORD01497,CUST0155,PROD0081,2023-07-06,2023-07-11,3,3839,15,26.46,9816.04,Credit Card,Processing,North,Online,No,9816.04,9816.04,0,2182.74,6548.22,3267.82,33.29
ORD01211,CUST0199,PROD0035,2024-10-18,2024-10-17,2,13720,5,85.47,27526.57,Net Banking,Cancelled,West,Mobile App,No,27526.57,0,27526.57,8206.82,0,0,0
ORD00128,CUST0116,PROD0081,2024-02-19,2024-02-23,3,3839,0,97.38,11614.53,Credit Card,Cancelled,North,Online,No,11614.53,0,11614.53,2182.74,0,0,0
ORD00448,CUST0026,PROD0010,2024-07-13,2024-07-20,3,9930,10,181.34,26992.47,Debit Card,Returned,South,Mobile App,No,26992.47,0,26992.47,7617.78,181.34,-181.34,
ORD00398,CUST0083,PROD0024,2024-03-28,2024-05-04,1,20116,0,217.47,20333.47,Credit Card,Delivered,West,In-Store,No,20333.47,20333.47,0,13124.34,13124.34,7209.13,35.45
ORD00230,CUST0037,PROD0094,2024-06-23,2024-03-07,2,5579,5,129.24,11288.56,COD,Delivered,North,In-Store,No,11288.56,11288.56,0,3288.4,6576.8,4711.76,41.74
ORD01837,CUST0182,PROD0065,2024-12-29,2025-01-07,1,1226,0,10.6,1237.1,Net Banking,Cancelled,East,Online,No,1237.1,0,1237.1,713.8,0,0,0
ORD00971,CUST0041,PROD0073,2023-08-04,2023-04-08,1,10432,0,119.49,10610.01,Credit Card,Shipped,East,Online,No,10610.01,10610.01,0,7531.52,7531.52,3078.49,29.01
ORD01486,CUST0019,PROD0059,2024-02-03,2024-12-03,1,2138,10,43.53,1967.85,Net Banking,In-Transit,East,In-Store,No,1967.85,1967.85,0,1198.89,1198.89,768.96,39.08
ORD01151,CUST0117,PROD0034,2023-01-25,2023-01-31,2,11290,5,119.49,22785.88,COD,Delivered,South,Online,No,22785.88,22785.88,0,8602.89,17205.78,5580.1,24.49
ORD01806,CUST0182,PROD0024,2023-04-09,2023-09-09,5,20116,10,139.89,90661.89,Credit Card,Cancelled,West,In-Store,No,90661.89,0,90661.89,13124.34,0,0,0
ORD00749,CUST0182,PROD0043,2024-05-15,2024-05-14,3,11229,15,137.11,28771.09,Credit Card,Shipped,West,In-Store,No,28771.09,28771.09,0,7493.43,22480.29,6290.8,21.87
ORD01491,CUST0168,PROD0033,2024-08-13,2024-08-18,2,14138,5,156.07,28433.97,Upi,Cancelled,East,Mobile App,Yes,28433.97,0,28433.97,8668.21,0,0,0
ORD00591,CUST0182,PROD0008,2023-11-18,2023-11-17,1,15504,10,245.85,14199.67,COD,Delivered,West,Mobile App,No,14199.67,14199.67,0,8746.91,8746.91,5452.76,38.4
ORD00858,CUST0075,PROD0029,2023-08-25,2023-08-29,1,13437,5,85.74,13523.52,Debit Card,Processing,North,In-Store,No,13523.52,13523.52,0,10471.47,10471.47,3052.05,22.57
ORD00411,CUST0132,PROD0053,2024-07-11,2024-08-11,1,3950,15,4.16,3361.86,COD,Processing,South,Mobile App,No,3361.86,3361.86,0,3082.66,3082.66,279.2,8.3
ORD01107,CUST0163,PROD0083,2024-06-11,2024-08-11,5,17414,0,64.65,87134.9,Upi,Processing,West,In-Store,No,87134.9,87134.9,0,12254.66,61273.3,25861.6,29.68
ORD01785,CUST0028,PROD0096,2024-11-28,2024-01-12,1,1277,0,119.49,1472.63,Debit Card,Delivered,West,Mobile App,No,1472.63,1472.63,0,882.12,882.12,590.51,40.1
ORD01400,CUST0099,PROD0084,2024-04-10,2024-09-10,5,12225,0,71.22,61199.42,Credit Card,Processing,North,Mobile App,No,61199.42,61199.42,0,8993.95,44969.75,16229.67,26.52
ORD00929,CUST0051,PROD0004,2023-01-18,2023-01-25,4,10787,0,87.23,43237.35,Credit Card,Shipped,South,In-Store,No,43237.35,43237.35,0,7012.9,28051.6,15185.75,35.12
ORD00008,CUST0035,PROD0099,2024-10-18,2024-10-27,4,17888,15,248.21,61068.5,Net Banking,Delivered,South,Online,No,61068.5,61068.5,0,13707.12,54828.48,6240.02,10.22
ORD00722,CUST0189,PROD0097,2024-01-30,2024-03-02,1,18995,0,119.49,19192.39,COD,Delivered,East,In-Store,No,19192.39,19192.39,0,14670.87,14670.87,4521.52,23.56
ORD01442,CUST0001,PROD0045,2023-08-14,2023-08-13,1,13766,0,244.87,14011.47,Debit Card,Processing,West,In-Store,No,14011.47,14011.47,0,9947.7,9947.7,4063.77,29
ORD00972,CUST0178,PROD0067,2024-01-31,2024-02-05,4,12277,20,28.65,39316.97,Net Banking,In-Transit,East,Online,No,39316.97,39316.97,0,7295.88,29183.52,10133.45,25.77
ORD01445,CUST0023,PROD0094,2024-01-11,2024-05-11,1,5579,5,231.08,5810.74,COD,Returned,North,In-Store,No,5810.74,0,5810.74,3288.4,231.08,-231.08,
ORD00573,CUST0198,PROD0089,2023-11-09,2023-09-09,2,21184,0,203.25,42572.27,Credit Card,Delivered,West,Mobile App,No,42572.27,42572.27,0,14354.61,28709.22,13863.05,32.56
ORD01112,CUST0094,PROD0082,2023-08-08,2023-11-08,1,13459,10,109.59,12222.71,Upi,Processing,North,Mobile App,Yes,12222.71,12222.71,0,8946.5,8946.5,3276.21,26.8
ORD01815,CUST0185,PROD0046,2023-03-08,2023-07-08,4,6541,5,48.53,24905.55,Upi,In-Transit,East,In-Store,Yes,24905.55,24905.55,0,5338.05,21352.2,3553.35,14.27
ORD01421,CUST0178,PROD0072,2024-10-23,2024-01-11,2,22878,5,175.43,45932.51,Net Banking,Cancelled,South,Online,No,45932.51,0,45932.51,14012.9,0,0,0
ORD01577,CUST0032,PROD0060,2023-01-27,2023-01-28,4,21989,0,119.49,87960.82,COD,Delivered,East,Online,Yes,87960.82,87960.82,0,13181.61,52726.44,35234.38,40.06
ORD00021,CUST0102,PROD0011,2024-01-18,2024-01-22,5,13029,5,247.56,62135.31,Credit Card,Cancelled,East,Online,Yes,62135.31,0,62135.31,9186.1,0,0,0
ORD00453,CUST0157,PROD0038,2023-11-29,2023-11-27,1,7505,15,54.82,6434.66,COD,Delivered,East,Mobile App,No,6434.66,6434.66,0,5349.26,5349.26,1085.4,16.87
ORD00376,CUST0011,PROD0060,2024-08-06,2024-06-15,3,21989,20,112.79,52886.39,Debit Card,Shipped,South,Mobile App,Yes,52886.39,52886.39,0,13181.61,39544.83,13341.56,25.23
ORD01045,CUST0048,PROD0008,2024-03-05,2024-05-13,1,15504,0,4.54,15508.78,Net Banking,Delivered,East,Mobile App,No,15508.78,15508.78,0,8746.91,8746.91,6761.87,43.6
ORD01097,CUST0017,PROD0098,2024-03-24,2024-03-31,4,16965,5,5.4,67868.84,Net Banking,Cancelled,East,In-Store,No,67868.84,0,67868.84,9723.88,0,0,0
ORD00893,CUST0151,PROD0029,2024-12-12,2024-12-13,3,13437,15,119.49,34291.9,Net Banking,Shipped,East,In-Store,No,34291.9,34291.9,0,10471.47,31414.41,2877.49,8.39
ORD00563,CUST0007,PROD0048,2023-07-28,2023-07-30,4,14926,5,130.22,59837.3,Upi,Returned,North,Online,Yes,59837.3,0,59837.3,10203.52,130.22,-130.22,
ORD00471,CUST0129,PROD0025,2023-11-19,2023-11-29,4,15641,15,243.46,53426.09,COD,Cancelled,West,In-Store,Yes,53426.09,0,53426.09,11470.44,0,0,0
ORD00926,CUST0029,PROD0006,2024-07-22,2024-07-20,1,6650,0,9.68,6660.29,Credit Card,Returned,East,Online,No,6660.29,0,6660.29,5343.94,9.68,-9.68,
ORD00984,CUST0181,PROD0044,2024-02-24,2024-02-26,1,15370,5,42.92,15413.19,COD,Cancelled,North,Online,No,15413.19,0,15413.19,9076.55,0,0,0
ORD01792,CUST0079,PROD0050,2023-02-01,2023-02-02,4,17713,0,22.33,70877.01,Debit Card,Cancelled,South,Mobile App,No,70877.01,0,70877.01,11469.96,0,0,0
ORD00361,CUST0115,PROD0041,2023-01-06,2023-10-01,2,1025,15,20.45,1763.6,Debit Card,Shipped,East,Mobile App,No,1763.6,1763.6,0,645.65,1291.3,472.3,26.78
ORD00798,CUST0025,PROD0064,2024-09-13,2024-09-14,2,13808,0,98.35,27715.25,Debit Card,Processing,East,Online,No,27715.25,27715.25,0,8917.95,17835.9,9879.35,35.65
ORD01391,CUST0102,PROD0038,2023-03-10,2023-05-10,5,7505,5,214.92,37743.42,Credit Card,Shipped,East,In-Store,No,37743.42,37743.42,0,5349.26,26746.3,10997.12,29.14
ORD00480,CUST0070,PROD0033,2024-12-10,2024-12-10,1,14138,0,17.31,14156.26,Debit Card,Delivered,North,Online,No,14156.26,14156.26,0,8668.21,8668.21,5488.05,38.77
ORD01572,CUST0059,PROD0099,2023-10-22,2023-10-29,2,17888,5,165.8,34153.61,Net Banking,Cancelled,East,Mobile App,No,34153.61,0,34153.61,13707.12,0,0,0
ORD00739,CUST0078,PROD0047,2024-04-19,2024-04-17,2,1927,10,54.2,3524.01,COD,Cancelled,South,Online,No,3524.01,0,3524.01,1218.11,0,0,0
ORD00890,CUST0194,PROD0050,2024-01-26,2024-04-02,3,17713,5,142.3,53283.31,Upi,Cancelled,North,Mobile App,No,53283.31,0,53283.31,11469.96,0,0,0
ORD01595,CUST0060,PROD0026,2024-01-12,2024-01-18,2,21234,10,48.03,38270.51,Upi,Delivered,West,Mobile App,No,38270.51,38270.51,0,12268.88,24537.76,13732.75,35.88
ORD01196,CUST0112,PROD0010,2024-08-23,2024-01-09,1,9930,5,207.79,9641.34,Credit Card,Returned,West,In-Store,No,9641.34,0,9641.34,7617.78,207.79,-207.79,
ORD00263,CUST0039,PROD0027,2024-06-17,2024-06-25,1,6491,10,104.13,5946.65,Debit Card,Shipped,South,Online,No,5946.65,5946.65,0,3613.09,3613.09,2333.56,39.24
ORD00242,CUST0139,PROD0029,2023-04-01,2023-08-01,5,13437,0,141.81,67330.71,Credit Card,Cancelled,West,Mobile App,No,67330.71,0,67330.71,10471.47,0,0,0
ORD01364,CUST0037,PROD0096,2024-08-15,2024-08-23,1,1277,20,210.61,1232.44,Net Banking,Delivered,West,In-Store,Yes,1232.44,1232.44,0,882.12,882.12,350.32,28.42
ORD01351,CUST0040,PROD0004,2024-02-18,2024-02-22,5,10787,0,119.49,53963.42,Upi,Cancelled,West,In-Store,No,53963.42,0,53963.42,7012.9,0,0,0
ORD01065,CUST0087,PROD0094,2023-06-13,2023-06-14,2,5579,0,119.49,11289.4,COD,Delivered,West,In-Store,No,11289.4,11289.4,0,3288.4,6576.8,4712.6,41.74
ORD00654,CUST0105,PROD0006,2024-06-07,2024-10-07,1,6650,0,39.54,6690.15,Net Banking,Returned,East,In-Store,No,6690.15,0,6690.15,5343.94,39.54,-39.54,
ORD01742,CUST0133,PROD0066,2023-03-22,2023-03-24,2,16714,0,128.88,33558.08,COD,Cancelled,West,Mobile App,No,33558.08,0,33558.08,11527.69,0,0,0
ORD00052,CUST0110,PROD0041,2023-05-24,2023-05-25,2,1025,0,62.04,2112.8,Credit Card,Processing,North,In-Store,Yes,2112.8,2112.8,0,645.65,1291.3,821.5,38.88
ORD00037,CUST0008,PROD0095,2024-09-20,2024-09-21,5,14966,20,97.21,59962.77,Upi,Cancelled,West,Online,No,59962.77,0,59962.77,11139.28,0,0,0
ORD00621,CUST0118,PROD0048,2023-03-09,2023-03-14,5,14926,5,80.68,70982.84,COD,Processing,West,In-Store,No,70982.84,70982.84,0,10203.52,51017.6,19965.24,28.13
ORD01272,CUST0185,PROD0031,2023-12-17,2023-12-26,4,15661,0,50.02,62694.82,Net Banking,Delivered,East,Online,No,62694.82,62694.82,0,11664.97,46659.88,16034.94,25.58
ORD01758,CUST0158,PROD0070,2024-07-22,2024-07-27,1,2262,0,52.4,2314.95,Debit Card,Delivered,West,Mobile App,No,2314.95,2314.95,0,1682.14,1682.14,632.81,27.34
ORD00863,CUST0136,PROD0058,2023-07-18,2023-07-21,2,9834,5,119.49,18803.95,Upi,Processing,South,Online,No,18803.95,18803.95,0,6032.58,12065.16,6738.79,35.84
ORD00639,CUST0159,PROD0065,2024-03-26,2024-03-28,1,1226,0,60.78,1287.28,COD,Cancelled,West,In-Store,No,1287.28,0,1287.28,713.8,0,0,0
ORD01637,CUST0137,PROD0064,2023-02-25,2023-07-03,2,13808,0,68.35,27685.25,COD,Processing,East,Mobile App,Yes,27685.25,27685.25,0,8917.95,17835.9,9849.35,35.58
ORD01117,CUST0102,PROD0018,2024-08-24,2024-08-31,2,21702,20,157.28,34881.31,Credit Card,In-Transit,North,Online,No,34881.31,34881.31,0,12543.29,25086.58,9794.73,28.08
ORD00736,CUST0007,PROD0086,2024-12-14,2024-12-19,1,1008,0,10.03,1019.02,Credit Card,Processing,South,In-Store,No,1019.02,1019.02,0,570.4,570.4,448.62,44.02
ORD00207,CUST0170,PROD0089,2024-12-17,2024-12-24,1,21184,0,241.57,21426.08,Upi,Delivered,East,In-Store,No,21426.08,21426.08,0,14354.61,14354.61,7071.47,33
ORD01309,CUST0011,PROD0094,2023-07-03,2023-12-03,1,5579,5,102.05,5402.73,Net Banking,Processing,East,Online,No,5402.73,5402.73,0,3288.4,3288.4,2114.33,39.13
ORD01032,CUST0017,PROD0004,2024-12-01,2024-01-15,1,10787,0,9.09,10796.62,Net Banking,Processing,West,Online,No,10796.62,10796.62,0,7012.9,7012.9,3783.72,35.05
ORD00946,CUST0151,PROD0097,2023-12-09,2023-09-15,1,18995,5,178.68,18224.23,Debit Card,Delivered,North,Mobile App,Yes,18224.23,18224.23,0,14670.87,14670.87,3553.36,19.5
ORD01232,CUST0137,PROD0010,2023-09-26,2023-04-10,4,9930,0,76.18,39796.38,Debit Card,Shipped,West,Online,No,39796.38,39796.38,0,7617.78,30471.12,9325.26,23.43
ORD00748,CUST0147,PROD0018,2023-07-30,2023-08-08,4,21702,0,205.86,87015.94,Credit Card,Returned,East,Mobile App,No,87015.94,0,87015.94,12543.29,205.86,-205.86,
ORD00922,CUST0055,PROD0004,2023-09-23,2023-09-22,1,10787,0,35.21,10822.74,Net Banking,Returned,North,Online,No,10822.74,0,10822.74,7012.9,35.21,-35.21,
ORD01706,CUST0120,PROD0053,2023-05-27,2023-01-06,2,3950,15,191.76,6907.15,Upi,Returned,West,Online,Yes,6907.15,0,6907.15,3082.66,191.76,-191.76,
ORD00147,CUST0144,PROD0072,2024-10-05,2024-12-05,2,22878,15,193.55,39087.07,Credit Card,Delivered,West,In-Store,No,39087.07,39087.07,0,14012.9,28025.8,11061.27,28.3
ORD00279,CUST0057,PROD0017,2024-11-12,2024-11-12,2,5329,10,31.34,9624.51,Net Banking,Cancelled,North,In-Store,No,9624.51,0,9624.51,2960.88,0,0,0
ORD00431,CUST0097,PROD0014,2023-07-05,2023-07-05,1,17479,10,147.21,15878.45,COD,Delivered,North,In-Store,No,15878.45,15878.45,0,9987.82,9987.82,5890.63,37.1
ORD00624,CUST0032,PROD0014,2023-05-30,2023-01-06,1,17479,0,91.62,17570.78,COD,In-Transit,South,Online,No,17570.78,17570.78,0,9987.82,9987.82,7582.96,43.16
ORD00378,CUST0049,PROD0091,2024-10-09,2024-10-09,1,18810,10,2.13,16931.75,COD,Processing,North,Online,No,16931.75,16931.75,0,11590.5,11590.5,5341.25,31.55
ORD01843,CUST0139,PROD0001,2024-02-02,2024-06-02,1,21533,0,172.63,21706.57,Upi,Processing,South,Online,No,21706.57,21706.57,0,13070.81,13070.81,8635.76,39.78
ORD00745,CUST0144,PROD0090,2024-05-15,2024-05-25,2,12088,0,71.63,24248.29,Upi,In-Transit,North,In-Store,No,24248.29,24248.29,0,9190.14,18380.28,5868.01,24.2
ORD00375,CUST0057,PROD0026,2024-07-04,2024-08-04,4,21234,5,76.5,80768.4,Debit Card,Returned,South,Mobile App,No,80768.4,0,80768.4,12268.88,76.5,-76.5,
ORD00368,CUST0018,PROD0044,2023-07-13,2023-07-21,5,15370,5,149.94,77001.29,Credit Card,Delivered,West,Online,No,77001.29,77001.29,0,9076.55,45382.75,31618.54,41.06
ORD00817,CUST0148,PROD0028,2024-08-19,2024-08-29,1,20039,5,12.27,19049.92,COD,Returned,East,Mobile App,No,19049.92,0,19049.92,12603.73,12.27,-12.27,
ORD01479,CUST0009,PROD0099,2024-07-17,2024-07-26,2,17888,0,220.37,35997.01,COD,Processing,South,Mobile App,No,35997.01,35997.01,0,13707.12,27414.24,8582.77,23.84
ORD00260,CUST0014,PROD0015,2024-01-28,2024-01-31,5,6720,0,91.39,33693.64,Upi,Shipped,North,Online,No,33693.64,33693.64,0,4712.77,23563.85,10129.79,30.06
ORD01623,CUST0089,PROD0077,2023-03-23,2023-03-29,1,10379,5,173.28,10034,COD,Returned,West,Mobile App,No,10034,0,10034,8343.02,173.28,-173.28,
ORD01527,CUST0105,PROD0048,2024-12-02,2024-02-15,1,14926,0,60.54,14987.31,COD,Processing,East,Mobile App,No,14987.31,14987.31,0,10203.52,10203.52,4783.79,31.92
ORD01437,CUST0006,PROD0070,2024-05-02,2024-02-13,1,2262,0,119.49,2338.6,Debit Card,Shipped,East,Online,No,2338.6,2338.6,0,1682.14,1682.14,656.46,28.07
ORD00876,CUST0197,PROD0100,2023-09-27,2023-09-25,4,15869,10,16.79,57146.49,Upi,Cancelled,East,In-Store,No,57146.49,0,57146.49,13163.47,0,0,0
ORD01140,CUST0080,PROD0013,2024-11-10,2024-11-15,1,7082,10,136,6510.2,Upi,Shipped,East,Online,No,6510.2,6510.2,0,4333.79,4333.79,2176.41,33.43
ORD01833,CUST0156,PROD0052,2024-04-06,2024-04-11,2,3087,0,98.77,6274.65,COD,Processing,East,Mobile App,No,6274.65,6274.65,0,1854.64,3709.28,2565.37,40.88
ORD00652,CUST0040,PROD0018,2024-12-12,2024-12-17,1,21702,0,149.05,21851.57,Credit Card,Delivered,,In-Store,No,21851.57,21851.57,0,12543.29,12543.29,9308.28,42.6
ORD01840,CUST0031,PROD0074,2023-08-04,2023-04-16,2,4666,20,119.49,7599.8,Credit Card,Shipped,West,In-Store,No,7599.8,7599.8,0,3305.65,6611.3,988.5,13.01
ORD00218,CUST0090,PROD0071,2023-11-23,2023-11-28,1,1509,10,143.52,1501.85,Credit Card,Delivered,West,Mobile App,No,1501.85,1501.85,0,854.02,854.02,647.83,43.14
ORD00649,CUST0198,PROD0049,2024-08-27,2024-08-26,1,17373,0,126.68,17499.99,COD,Processing,South,Mobile App,No,17499.99,17499.99,0,14247.06,14247.06,3252.93,18.59
ORD00142,CUST0150,PROD0099,2023-06-07,2023-07-13,1,17888,10,41.93,16141.42,Credit Card,Delivered,West,In-Store,No,16141.42,16141.42,0,13707.12,13707.12,2434.3,15.08
ORD00340,CUST0153,PROD0030,2023-12-25,2023-12-27,2,509,0,178.59,1197.33,Upi,Returned,South,In-Store,No,1197.33,0,1197.33,383.16,178.59,-178.59,
ORD01110,CUST0083,PROD0092,2024-11-22,2024-11-25,1,6775,15,42.74,5801.95,Upi,Delivered,East,Online,Yes,5801.95,5801.95,0,4388.06,4388.06,1413.89,24.37
ORD00897,CUST0073,PROD0099,2023-03-31,2023-03-29,3,17888,0,114.16,53779.12,COD,In-Transit,East,Online,No,53779.12,53779.12,0,13707.12,41121.36,12657.76,23.54
ORD00314,CUST0014,PROD0030,2023-07-07,2023-05-07,5,509,10,40.89,2333.05,Net Banking,Returned,West,Online,No,2333.05,0,2333.05,383.16,40.89,-40.89,
ORD01119,CUST0167,PROD0038,2024-02-04,2024-02-06,1,7505,10,154.81,6909.94,Upi,Returned,South,Mobile App,Yes,6909.94,0,6909.94,5349.26,154.81,-154.81,
ORD00529,CUST0054,PROD0045,2024-12-24,2024-12-30,4,13766,0,43.62,55110.02,Debit Card,Processing,North,Online,No,55110.02,55110.02,0,9947.7,39790.8,15319.22,27.8
ORD00345,CUST0116,PROD0044,2024-01-22,2024-01-27,1,15370,0,126.19,15496.46,COD,Processing,West,Online,No,15496.46,15496.46,0,9076.55,9076.55,6419.91,41.43
ORD00998,CUST0141,PROD0007,2023-12-29,2024-01-03,3,2136,0,228.36,6638.34,Debit Card,Shipped,North,In-Store,No,6638.34,6638.34,0,1243.29,3729.87,2908.47,43.81
ORD00873,CUST0136,PROD0008,2024-09-18,2024-09-23,2,15504,0,73.26,31081.74,Credit Card,Processing,West,In-Store,No,31081.74,31081.74,0,8746.91,17493.82,13587.92,43.72
ORD01828,CUST0017,PROD0055,2024-11-14,2024-11-18,1,18803,0,145.07,18948.96,COD,Delivered,West,In-Store,No,18948.96,18948.96,0,10705.96,10705.96,8243,43.5
ORD01613,CUST0139,PROD0061,2024-08-02,2024-08-08,5,18867,0,229.92,94565.97,Upi,Cancelled,East,In-Store,No,94565.97,0,94565.97,12487.72,0,0,0
ORD01588,CUST0083,PROD0035,2023-03-03,2023-02-03,1,13720,0,119.49,13831.28,Upi,Shipped,West,Online,No,13831.28,13831.28,0,8206.82,8206.82,5624.46,40.66
ORD01129,CUST0171,PROD0032,2023-03-30,2023-04-07,3,8752,20,205.1,21211.99,Credit Card,Cancelled,North,In-Store,No,21211.99,0,21211.99,6910.99,0,0,0
ORD00667,CUST0188,PROD0078,2024-05-09,2024-08-09,2,13015,5,209.18,26239.9,Debit Card,Shipped,East,Mobile App,No,26239.9,26239.9,0,10237.94,20475.88,5764.02,21.97
ORD01277,CUST0034,PROD0053,2023-04-07,2023-05-07,3,3950,20,230.71,9711.26,Debit Card,Delivered,East,Mobile App,No,9711.26,9711.26,0,3082.66,9247.98,463.28,4.77
ORD01011,CUST0056,PROD0009,2024-07-14,2024-07-18,1,9274,5,224.8,9499.58,Credit Card,Delivered,West,In-Store,No,9499.58,9499.58,0,7186.87,7186.87,2312.71,24.35
ORD00451,CUST0117,PROD0065,2024-12-25,2025-03-01,1,1226,10,75.85,1179.7,Debit Card,Shipped,North,Mobile App,No,1179.7,1179.7,0,713.8,713.8,465.9,39.49
ORD00180,CUST0020,PROD0028,2024-06-15,2024-06-14,1,20039,5,132.92,19170.57,Net Banking,Cancelled,South,Mobile App,No,19170.57,0,19170.57,12603.73,0,0,0
ORD01485,CUST0036,PROD0028,2024-04-12,2024-12-12,2,20039,20,240.35,32303.76,COD,Shipped,North,Mobile App,Yes,32303.76,32303.76,0,12603.73,25207.46,7096.3,21.97
ORD00455,CUST0118,PROD0024,2023-06-30,2023-01-07,5,20116,0,161.89,100741.89,Credit Card,Delivered,East,In-Store,No,100741.89,100741.89,0,13124.34,65621.7,35120.19,34.86
ORD01079,CUST0186,PROD0021,2023-04-06,2023-11-06,2,6518,0,17.83,13055.57,COD,Cancelled,West,Online,No,13055.57,0,13055.57,3663.61,0,0,0
ORD00636,CUST0176,PROD0039,2024-09-16,2024-09-17,1,15091,15,39.1,12866.58,Net Banking,Processing,East,Online,Yes,12866.58,12866.58,0,12191.32,12191.32,675.26,5.25
ORD00329,CUST0107,PROD0087,2024-10-30,2024-08-11,3,3803,5,199.94,11611.4,Credit Card,Shipped,East,In-Store,No,11611.4,11611.4,0,2356.33,7068.99,4542.41,39.12
ORD00735,CUST0014,PROD0083,2024-12-15,2024-12-16,5,17414,0,10.54,87080.79,COD,Cancelled,North,In-Store,No,87080.79,0,87080.79,12254.66,0,0,0
ORD00579,CUST0083,PROD0060,2024-12-26,2024-12-31,1,21989,0,119.49,22219.31,Credit Card,Delivered,West,Online,Yes,22219.31,22219.31,0,13181.61,13181.61,9037.7,40.67
ORD01123,CUST0126,PROD0069,2023-03-23,2023-03-25,3,18001,0,221.88,54227.25,COD,Processing,East,Online,No,54227.25,54227.25,0,12936.13,38808.39,15418.86,28.43
ORD01707,CUST0194,PROD0014,2023-12-23,2023-12-31,1,17479,0,29.07,17508.23,Credit Card,Returned,West,Mobile App,No,17508.23,0,17508.23,9987.82,29.07,-29.07,
ORD01654,CUST0081,PROD0035,2024-02-28,2024-09-03,4,13720,0,128,55010.2,Credit Card,Cancelled,East,Online,No,55010.2,0,55010.2,8206.82,0,0,0
ORD01576,CUST0172,PROD0076,2024-05-15,2024-05-24,2,16298,10,119.49,29368.71,Net Banking,Shipped,South,Mobile App,Yes,29368.71,29368.71,0,11481.47,22962.94,6405.77,21.81
ORD00072,CUST0189,PROD0090,2024-01-03,2024-10-01,1,12088,15,236.89,10511.97,Net Banking,Shipped,East,Online,No,10511.97,10511.97,0,9190.14,9190.14,1321.83,12.57
ORD00766,CUST0083,PROD0031,2024-02-08,2024-03-08,3,15661,10,47.96,42333.2,Debit Card,Processing,East,Mobile App,No,42333.2,42333.2,0,11664.97,34994.91,7338.29,17.33
ORD00393,CUST0083,PROD0023,2023-01-16,2023-01-20,3,24502,0,97.3,73604.98,Debit Card,Cancelled,North,In-Store,No,73604.98,0,73604.98,14497.4,0,0,0
ORD00475,CUST0023,PROD0010,2023-03-07,2023-12-07,5,9930,10,246.54,44931.76,COD,Returned,North,Mobile App,No,44931.76,0,44931.76,7617.78,246.54,-246.54,
ORD00427,CUST0169,PROD0069,2024-03-31,2024-03-31,5,18001,15,130.67,76638.28,Debit Card,Delivered,West,In-Store,No,76638.28,76638.28,0,12936.13,64680.65,11957.63,15.6
ORD01515,CUST0092,PROD0054,2024-03-18,2024-03-27,3,16339,0,119.49,49182.7,Net Banking,Processing,North,Mobile App,No,49182.7,49182.7,0,10050.81,30152.43,19030.27,38.69
ORD01462,CUST0049,PROD0011,2023-04-13,2023-04-18,1,13029,5,164.21,12541.76,Net Banking,Shipped,East,In-Store,No,12541.76,12541.76,0,9186.1,9186.1,3355.66,26.76
ORD00201,CUST0078,PROD0100,2023-10-20,2023-10-25,1,15869,20,73.6,12769.09,Net Banking,Delivered,East,In-Store,No,12769.09,12769.09,0,13163.47,13163.47,-394.38,-3.09
ORD00566,CUST0073,PROD0017,2023-07-23,2023-07-31,1,5329,5,0.8,5063.86,Debit Card,Processing,East,Mobile App,Yes,5063.86,5063.86,0,2960.88,2960.88,2102.98,41.53
ORD01252,CUST0091,PROD0046,2023-08-16,2023-08-25,4,6541,10,125.31,23674.06,Credit Card,Shipped,East,Mobile App,No,23674.06,23674.06,0,5338.05,21352.2,2321.86,9.81
ORD01114,CUST0154,PROD0024,2024-03-13,2024-03-11,1,20116,5,126.51,20242.51,Net Banking,Shipped,North,Mobile App,No,20242.51,20242.51,0,13124.34,13124.34,7118.17,35.16
ORD00309,CUST0034,PROD0056,2023-07-31,2023-07-08,2,24757,10,119.49,44745.14,Debit Card,Processing,West,In-Store,No,44745.14,44745.14,0,14778.47,29556.94,15188.2,33.94
ORD01262,CUST0122,PROD0085,2024-09-01,2024-01-10,1,4165,5,153.92,4319.29,COD,In-Transit,North,Online,No,4319.29,4319.29,0,2640.63,2640.63,1678.66,38.86
ORD01381,CUST0105,PROD0022,2023-07-16,2023-07-22,1,21812,0,87.79,21900.47,Debit Card,Delivered,West,Mobile App,No,21900.47,21900.47,0,14768.15,14768.15,7132.32,32.57
ORD01691,CUST0042,PROD0047,2024-07-22,2024-07-24,1,1927,5,52,1883.29,Net Banking,In-Transit,East,In-Store,Yes,1883.29,1883.29,0,1218.11,1218.11,665.18,35.32
ORD00801,CUST0050,PROD0045,2023-09-03,2023-07-03,1,13766,10,97.39,12487.33,Upi,In-Transit,East,Mobile App,No,12487.33,12487.33,0,9947.7,9947.7,2539.63,20.34
ORD00604,CUST0061,PROD0048,2024-06-01,2024-09-01,1,14926,0,152.64,15079.41,Upi,Delivered,South,Online,No,15079.41,15079.41,0,10203.52,10203.52,4875.89,32.33
ORD00770,CUST0014,PROD0006,2023-03-13,2023-03-15,1,6650,10,31.86,6017.41,Credit Card,Delivered,South,In-Store,Yes,6017.41,6017.41,0,5343.94,5343.94,673.47,11.19
ORD01629,CUST0003,PROD0082,2023-09-03,2023-03-15,2,13459,0,229.6,27147.64,Debit Card,Delivered,East,In-Store,No,27147.64,27147.64,0,8946.5,17893,9254.64,34.09
ORD00117,CUST0116,PROD0018,2023-05-22,2023-05-26,1,21702,10,210.77,19743.04,Debit Card,Processing,South,Mobile App,No,19743.04,19743.04,0,12543.29,12543.29,7199.75,36.47
ORD01227,CUST0169,PROD0050,2024-06-19,2024-06-22,5,17713,20,223.57,71078.25,Credit Card,Shipped,East,Online,No,71078.25,71078.25,0,11469.96,57349.8,13728.45,19.31
ORD00299,CUST0035,PROD0004,2023-09-22,2023-02-10,2,10787,0,161.07,21736.13,Upi,Processing,North,Online,No,21736.13,21736.13,0,7012.9,14025.8,7710.33,35.47
ORD01661,CUST0169,PROD0087,2024-09-05,2024-05-09,2,3803,5,102.3,7709.94,Credit Card,Shipped,South,In-Store,Yes,7709.94,7709.94,0,2356.33,4712.66,2997.28,38.88
ORD00502,CUST0186,PROD0039,2023-09-10,2023-12-10,3,15091,20,19.94,36238.7,COD,Delivered,South,In-Store,No,36238.7,36238.7,0,12191.32,36573.96,-335.26,-0.93
ORD01777,CUST0110,PROD0070,2024-01-03,2024-02-29,1,2262,5,59.8,2322.35,COD,In-Transit,West,In-Store,No,2322.35,2322.35,0,1682.14,1682.14,640.21,27.57
ORD01160,CUST0038,PROD0092,2023-02-24,2023-02-23,1,6775,0,66.75,6842.29,Credit Card,Processing,West,In-Store,No,6842.29,6842.29,0,4388.06,4388.06,2454.23,35.87
ORD00005,CUST0196,PROD0032,2024-11-27,2024-12-02,1,8752,5,132.04,8884.91,Net Banking,Shipped,South,In-Store,No,8884.91,8884.91,0,6910.99,6910.99,1973.92,22.22
ORD01187,CUST0150,PROD0055,2023-06-05,2023-09-05,5,18803,5,137.95,89456.43,Net Banking,Cancelled,South,In-Store,No,89456.43,0,89456.43,10705.96,0,0,0
ORD00508,CUST0176,PROD0040,2024-08-14,2024-08-22,1,18476,0,115.24,18591.3,Net Banking,Processing,North,Online,No,18591.3,18591.3,0,13298.28,13298.28,5293.02,28.47
ORD00047,CUST0069,PROD0042,2023-10-18,2023-10-21,1,17560,0,141.54,17702.5,Credit Card,Delivered,East,Online,No,17702.5,17702.5,0,12010.2,12010.2,5692.3,32.16
ORD00850,CUST0080,PROD0100,2023-09-15,2023-09-14,5,15869,0,205.51,79552.31,Debit Card,Delivered,East,Online,Yes,79552.31,79552.31,0,13163.47,65817.35,13734.96,17.27
ORD01270,CUST0139,PROD0036,2023-01-19,2023-01-24,2,1072,0,44.55,2188.91,COD,In-Transit,North,In-Store,No,2188.91,2188.91,0,748.66,1497.32,691.59,31.6
ORD01826,CUST0200,PROD0085,2024-10-30,2024-02-11,2,4165,0,117.48,8448.22,COD,Delivered,West,In-Store,No,8448.22,8448.22,0,2640.63,5281.26,3166.96,37.49
ORD00432,CUST0193,PROD0050,2023-05-07,2023-07-08,1,17713,20,119.22,14290.16,COD,In-Transit,North,Online,Yes,14290.16,14290.16,0,11469.96,11469.96,2820.2,19.74
ORD01023,CUST0137,PROD0031,2023-08-19,2023-08-20,2,15661,5,237.34,29993.62,COD,Returned,West,Online,No,29993.62,0,29993.62,11664.97,237.34,-237.34,
ORD00331,CUST0159,PROD0030,2023-04-05,2023-10-05,2,509,5,64.46,1083.2,COD,Returned,East,Mobile App,No,1083.2,0,1083.2,383.16,64.46,-64.46,
ORD01600,CUST0084,PROD0084,2024-08-24,2024-03-09,5,12225,5,210.69,58282.48,Upi,In-Transit,West,Mobile App,No,58282.48,58282.48,0,8993.95,44969.75,13312.73,22.84
ORD01402,CUST0142,PROD0012,2024-12-18,2024-12-26,3,1389,5,136.86,4305.36,Credit Card,Cancelled,West,Mobile App,No,4305.36,0,4305.36,880.25,0,0,0
ORD00594,CUST0161,PROD0003,2023-06-23,2023-03-07,1,5104,5,159.49,5008.43,Debit Card,In-Transit,East,Mobile App,No,5008.43,5008.43,0,3913.93,3913.93,1094.5,21.85
ORD00562,CUST0067,PROD0078,2023-04-19,2023-04-20,2,13015,0,23.99,26054.71,Net Banking,Returned,West,Online,No,26054.71,0,26054.71,10237.94,23.99,-23.99,
ORD01589,CUST0147,PROD0002,2024-03-07,2024-03-15,5,10538,20,27.1,42181.7,Net Banking,Cancelled,West,Mobile App,No,42181.7,0,42181.7,8006.01,0,0,0
ORD00195,CUST0080,PROD0078,2023-04-12,2023-09-12,1,13015,0,51.69,13067.05,Net Banking,Delivered,East,In-Store,No,13067.05,13067.05,0,10237.94,10237.94,2829.11,21.65
ORD01327,CUST0125,PROD0057,2023-08-30,2023-08-09,1,12771,0,119.49,12981.65,Upi,Returned,North,Mobile App,No,12981.65,0,12981.65,8626.93,119.49,-119.49,
ORD01216,CUST0127,PROD0006,2024-03-17,2024-03-22,4,6650,5,240.41,25512.73,Upi,Processing,North,In-Store,No,25512.73,25512.73,0,5343.94,21375.76,4136.97,16.22
ORD01492,CUST0142,PROD0080,2024-01-07,2024-09-07,1,2998,0,108.17,3106.37,Debit Card,Delivered,East,In-Store,No,3106.37,3106.37,0,2141.84,2141.84,964.53,31.05
ORD00352,CUST0022,PROD0082,2024-05-27,2024-05-28,1,13459,15,135.11,11575.28,Credit Card,Delivered,West,In-Store,No,11575.28,11575.28,0,8946.5,8946.5,2628.78,22.71
ORD01012,CUST0046,PROD0071,2023-07-08,2023-08-14,2,1509,0,156.32,3174.82,Debit Card,Processing,West,Mobile App,No,3174.82,3174.82,0,854.02,1708.04,1466.78,46.2
ORD00464,CUST0035,PROD0015,2023-03-03,2023-03-06,3,6720,0,73.67,20235.02,Debit Card,Delivered,East,Online,No,20235.02,20235.02,0,4712.77,14138.31,6096.71,30.13
ORD01782,CUST0015,PROD0092,2024-05-22,2024-05-27,3,6775,0,89.53,20416.15,Upi,Delivered,West,Mobile App,No,20416.15,20416.15,0,4388.06,13164.18,7251.97,35.52
ORD00466,CUST0004,PROD0073,2024-03-02,2024-02-03,1,10432,5,185.89,10617.98,COD,In-Transit,North,Mobile App,No,10617.98,10617.98,0,7531.52,7531.52,3086.46,29.07
ORD01043,CUST0169,PROD0047,2024-01-31,2024-01-30,3,1927,10,197.69,5402.4,COD,Delivered,South,Online,No,5402.4,5402.4,0,1218.11,3654.33,1748.07,32.36
ORD00342,CUST0113,PROD0089,2024-05-16,2024-05-25,4,21184,0,36.09,84774.13,Credit Card,In-Transit,West,Online,No,84774.13,84774.13,0,14354.61,57418.44,27355.69,32.27
ORD01797,CUST0144,PROD0035,2023-07-13,2023-07-22,5,13720,5,8.48,68611.23,Upi,In-Transit,South,Mobile App,No,68611.23,68611.23,0,8206.82,41034.1,27577.13,40.19
ORD00397,CUST0134,PROD0054,2024-10-25,2024-10-27,1,16339,5,211.73,15734.59,Debit Card,Processing,West,In-Store,No,15734.59,15734.59,0,10050.81,10050.81,5683.78,36.12
ORD00110,CUST0058,PROD0086,2023-12-13,2023-12-19,1,1008,0,108.21,1117.2,COD,Delivered,North,Mobile App,No,1117.2,1117.2,0,570.4,570.4,546.8,48.94
ORD01341,CUST0071,PROD0038,2023-01-28,2023-02-02,1,7505,5,61.33,7191.74,Debit Card,Delivered,East,Online,No,7191.74,7191.74,0,5349.26,5349.26,1842.48,25.62
ORD01578,CUST0148,PROD0005,2024-05-15,2024-05-21,4,2915,0,236.04,11897.56,Upi,Processing,West,Mobile App,No,11897.56,11897.56,0,2349.27,9397.08,2500.48,21.02
ORD01730,CUST0141,PROD0060,2024-12-12,2024-12-14,5,21989,5,136.86,110081.86,Upi,Cancelled,West,Online,No,110081.86,0,110081.86,13181.61,0,0,0
ORD01337,CUST0116,PROD0037,2023-01-27,2023-05-02,1,8588,0,134,8722.37,Credit Card,Delivered,East,Mobile App,No,8722.37,8722.37,0,5237.56,5237.56,3484.81,39.95
ORD00541,CUST0081,PROD0045,2024-08-09,2024-09-16,2,13766,10,32.43,24812.31,Debit Card,Returned,South,In-Store,No,24812.31,0,24812.31,9947.7,32.43,-32.43,
ORD00472,CUST0075,PROD0021,2023-05-06,2023-06-13,5,6518,0,221.3,32815.65,COD,Delivered,West,In-Store,No,32815.65,32815.65,0,3663.61,18318.05,14497.6,44.18
ORD01242,CUST0176,PROD0086,2023-08-29,2023-08-28,2,1008,15,75.62,1790.9,Upi,Returned,North,Online,Yes,1790.9,0,1790.9,570.4,75.62,-75.62,
ORD00096,CUST0077,PROD0022,2024-04-11,2024-11-10,1,21812,10,24.4,19655.81,Upi,Processing,South,In-Store,No,19655.81,19655.81,0,14768.15,14768.15,4887.66,24.87
ORD01639,CUST0066,PROD0098,2023-12-03,2023-03-19,5,16965,0,83.3,84912.6,Upi,Cancelled,West,In-Store,No,84912.6,0,84912.6,9723.88,0,0,0
ORD01510,CUST0099,PROD0080,2023-05-17,2023-05-23,3,2998,15,5.21,7650.62,Net Banking,Processing,East,In-Store,No,7650.62,7650.62,0,2141.84,6425.52,1225.1,16.01
ORD00020,CUST0004,PROD0003,2024-06-26,2024-05-07,2,5104,10,4.29,9191.76,Debit Card,Processing,South,Mobile App,Yes,9191.76,9191.76,0,3913.93,7827.86,1363.9,14.84
ORD00664,CUST0101,PROD0021,2024-10-23,2024-10-28,4,6518,5,62.14,24833.85,Credit Card,In-Transit,West,Mobile App,No,24833.85,24833.85,0,3663.61,14654.44,10179.41,40.99
ORD01831,CUST0127,PROD0028,2024-06-12,2024-07-12,1,20039,5,192.03,20231.66,Credit Card,Cancelled,East,Online,No,20231.66,0,20231.66,12603.73,0,0,0
ORD01125,CUST0192,PROD0002,2024-11-15,2024-11-18,2,10538,0,168.33,21245.63,Credit Card,Shipped,East,In-Store,No,21245.63,21245.63,0,8006.01,16012.02,5233.61,24.63
ORD01258,CUST0003,PROD0004,2023-05-01,2023-04-01,2,10787,10,12.42,19429.97,Debit Card,In-Transit,West,Online,Yes,19429.97,19429.97,0,7012.9,14025.8,5404.17,27.81
ORD00341,CUST0021,PROD0012,2023-05-03,2023-03-09,1,1389,5,53.7,1443.2,Debit Card,Processing,West,Mobile App,No,1443.2,1443.2,0,880.25,880.25,562.95,39.01
ORD01602,CUST0006,PROD0044,2023-10-24,2023-10-24,5,15370,0,113.75,76965.1,Net Banking,Cancelled,South,Online,No,76965.1,0,76965.1,9076.55,0,0,0
ORD00948,CUST0008,PROD0073,2024-02-03,2024-06-03,1,10432,5,188.9,10620.99,Net Banking,Processing,South,Mobile App,No,10620.99,10620.99,0,7531.52,7531.52,3089.47,29.09
ORD01590,CUST0048,PROD0013,2024-05-25,2024-05-25,1,7082,10,136.4,6510.6,COD,Shipped,North,In-Store,No,6510.6,6510.6,0,4333.79,4333.79,2176.81,33.43
ORD00223,CUST0146,PROD0044,2024-11-07,2024-07-20,2,15370,0,165.65,30906.19,Upi,Returned,South,Online,No,30906.19,0,30906.19,9076.55,165.65,-165.65,
ORD01078,CUST0128,PROD0061,2023-11-23,2023-03-12,1,18867,0,228.01,19095.22,Credit Card,Processing,East,Online,No,19095.22,19095.22,0,12487.72,12487.72,6607.5,34.6
ORD00670,CUST0089,PROD0083,2024-03-26,2024-03-31,1,17414,0,235.05,17649.1,Upi,Delivered,North,Online,No,17649.1,17649.1,0,12254.66,12254.66,5394.44,30.56
ORD01039,CUST0054,PROD0028,2024-12-08,2024-12-13,1,20039,0,229.91,20269.54,Credit Card,Cancelled,West,Mobile App,Yes,20269.54,0,20269.54,12603.73,0,0,0
ORD00685,CUST0163,PROD0080,2024-05-25,2024-05-25,1,2998,5,243.94,3092.23,COD,Delivered,North,In-Store,No,3092.23,3092.23,0,2141.84,2141.84,950.39,30.73
ORD00112,CUST0023,PROD0064,2024-02-04,2024-05-04,1,13808,5,186.31,13994.76,COD,Processing,North,In-Store,No,13994.76,13994.76,0,8917.95,8917.95,5076.81,36.28
ORD01530,CUST0056,PROD0096,2024-03-04,2024-04-13,2,1277,20,106.6,2150.26,COD,Cancelled,North,Online,Yes,2150.26,0,2150.26,882.12,0,0,0
ORD00413,CUST0044,PROD0058,2023-04-29,2023-04-05,1,9834,5,60.84,9403.21,Credit Card,Cancelled,East,Mobile App,No,9403.21,0,9403.21,6032.58,0,0,0
ORD00359,CUST0045,PROD0009,2024-08-25,2024-08-25,1,9274,0,64.91,9339.69,Credit Card,In-Transit,East,In-Store,No,9339.69,9339.69,0,7186.87,7186.87,2152.82,23.05
ORD00288,CUST0195,PROD0010,2024-07-11,2024-11-17,1,9930,5,198.18,10128.23,Net Banking,Returned,North,Online,Yes,10128.23,0,10128.23,7617.78,198.18,-198.18,
ORD01305,CUST0114,PROD0020,2023-07-26,2023-07-30,1,9020,0,209.85,9230.27,Credit Card,Cancelled,South,Mobile App,No,9230.27,0,9230.27,5528.06,0,0,0
ORD00888,CUST0098,PROD0100,2023-03-21,2023-03-28,1,15869,5,123.72,15993.08,Net Banking,Returned,East,In-Store,No,15993.08,0,15993.08,13163.47,123.72,-123.72,
ORD00489,CUST0165,PROD0051,2023-02-22,2023-04-03,4,4843,0,234.85,19606.93,Debit Card,Delivered,East,In-Store,No,19606.93,19606.93,0,3819.21,15276.84,4330.09,22.08
ORD00420,CUST0083,PROD0097,2024-08-17,2024-08-27,1,18995,10,114.38,17210.17,Debit Card,In-Transit,West,Mobile App,Yes,17210.17,17210.17,0,14670.87,14670.87,2539.3,14.75
ORD00416,CUST0148,PROD0095,2023-02-01,2023-04-01,1,14966,5,211.78,14429.85,COD,Processing,South,In-Store,No,14429.85,14429.85,0,11139.28,11139.28,3290.57,22.8
ORD01383,CUST0089,PROD0086,2023-01-31,2023-10-02,3,1008,5,79.67,2955.29,Credit Card,Cancelled,North,Online,Yes,2955.29,0,2955.29,570.4,0,0,0
ORD01846,CUST0154,PROD0056,2024-07-22,2024-07-30,1,24757,0,211.45,24968.93,Debit Card,Cancelled,North,Mobile App,No,24968.93,0,24968.93,14778.47,0,0,0
ORD00747,CUST0065,PROD0018,2023-07-12,2023-10-12,5,21702,5,188.43,108701.03,COD,Cancelled,East,Mobile App,No,108701.03,0,108701.03,12543.29,0,0,0
ORD01821,CUST0186,PROD0017,2024-06-22,2024-06-28,2,5329,0,55.24,10714.32,Debit Card,Processing,West,Online,Yes,10714.32,10714.32,0,2960.88,5921.76,4792.56,44.73
ORD00018,CUST0091,PROD0022,2023-05-24,2023-02-06,1,21812,5,46.01,21858.69,COD,Delivered,North,Online,No,21858.69,21858.69,0,14768.15,14768.15,7090.54,32.44
ORD01500,CUST0093,PROD0075,2024-05-07,2024-07-10,1,5250,10,228.67,4954.17,Net Banking,Processing,West,Mobile App,Yes,4954.17,4954.17,0,4357.65,4357.65,596.52,12.04
ORD01641,CUST0200,PROD0001,2024-04-14,2024-04-19,1,21533,15,10.38,18314.23,Upi,Processing,East,In-Store,No,18314.23,18314.23,0,13070.81,13070.81,5243.42,28.63
ORD00210,CUST0075,PROD0025,2023-02-01,2023-01-01,1,15641,5,156.37,15798.32,Upi,Cancelled,South,Mobile App,No,15798.32,0,15798.32,11470.44,0,0,0
ORD00899,CUST0194,PROD0058,2024-05-07,2024-10-07,2,9834,10,215.65,17916.98,Debit Card,Returned,South,Mobile App,Yes,17916.98,0,17916.98,6032.58,215.65,-215.65,
ORD00515,CUST0124,PROD0015,2023-04-10,2023-12-10,1,6720,0,119.49,6757.43,COD,Cancelled,South,In-Store,No,6757.43,0,6757.43,4712.77,0,0,0
ORD00526,CUST0104,PROD0062,2023-08-07,2023-07-09,1,9273,10,205.42,8552,Credit Card,Delivered,West,In-Store,No,8552,8552,0,5255.74,5255.74,3296.26,38.54
ORD01610,CUST0087,PROD0037,2024-06-28,2024-07-03,3,8588,5,26.66,24503.51,Debit Card,Delivered,West,Online,No,24503.51,24503.51,0,5237.56,15712.68,8790.83,35.88
ORD00055,CUST0197,PROD0054,2024-03-09,2024-03-18,4,16339,0,160.13,65519.53,Credit Card,Returned,South,Online,Yes,65519.53,0,65519.53,10050.81,160.13,-160.13,
ORD00264,CUST0134,PROD0083,2023-12-10,2023-12-14,3,17414,15,121.54,44527.37,Debit Card,Delivered,North,In-Store,No,44527.37,44527.37,0,12254.66,36763.98,7763.39,17.44
ORD00102,CUST0049,PROD0022,2024-02-18,2024-02-16,2,21812,5,181.79,41625.88,COD,Delivered,East,Mobile App,No,41625.88,41625.88,0,14768.15,29536.3,12089.58,29.04
ORD00276,CUST0025,PROD0077,2023-06-21,2023-06-27,3,10379,15,206.71,26674.97,Credit Card,Delivered,East,Mobile App,No,26674.97,26674.97,0,8343.02,25029.06,1645.91,6.17
ORD00859,CUST0062,PROD0058,2023-09-10,2023-12-10,3,9834,20,19.19,23620.96,Credit Card,Cancelled,North,Mobile App,No,23620.96,0,23620.96,6032.58,0,0,0
ORD00952,CUST0030,PROD0010,2024-04-30,2024-04-29,4,9930,0,56.77,39776.97,Upi,In-Transit,East,Online,Yes,39776.97,39776.97,0,7617.78,30471.12,9305.85,23.4
ORD00250,CUST0047,PROD0092,2024-05-26,2024-02-06,1,6775,10,86.96,6184.95,Upi,Returned,South,In-Store,No,6184.95,0,6184.95,4388.06,86.96,-86.96,
ORD00968,CUST0038,PROD0069,2024-12-04,2024-04-18,1,18001,10,218.53,16420.14,Credit Card,In-Transit,South,Online,No,16420.14,16420.14,0,12936.13,12936.13,3484.01,21.22
ORD00387,CUST0179,PROD0093,2023-11-08,2023-08-16,4,6077,0,248.83,24558.51,Debit Card,Shipped,North,Online,No,24558.51,24558.51,0,4427.74,17710.96,6847.55,27.88
ORD00557,CUST0043,PROD0016,2024-04-03,2024-06-03,1,9295,5,185.71,9481.45,Net Banking,Returned,East,Online,No,9481.45,0,9481.45,7676.48,185.71,-185.71,
ORD01396,CUST0046,PROD0052,2024-01-27,2024-03-02,2,3087,5,214.61,6390.49,Credit Card,Shipped,North,In-Store,Yes,6390.49,6390.49,0,1854.64,3709.28,2681.21,41.96
ORD01050,CUST0183,PROD0007,2023-02-01,2023-02-01,4,2136,5,98.91,8645.55,Net Banking,Shipped,South,Online,No,8645.55,8645.55,0,1243.29,4973.16,3672.39,42.48
ORD01753,CUST0008,PROD0041,2023-08-26,2023-08-25,4,1025,0,32.83,4134.35,COD,Delivered,West,Online,No,4134.35,4134.35,0,645.65,2582.6,1551.75,37.53
ORD01344,CUST0088,PROD0009,2023-02-08,2023-12-08,2,9274,10,231.34,16925.94,Debit Card,Processing,North,Mobile App,No,16925.94,16925.94,0,7186.87,14373.74,2552.2,15.08
ORD00061,CUST0117,PROD0002,2024-01-13,2024-01-14,2,10538,10,184.89,19154.46,COD,Returned,West,In-Store,No,19154.46,0,19154.46,8006.01,184.89,-184.89,
ORD00364,CUST0161,PROD0056,2023-09-03,2023-03-08,1,24757,0,73.73,24831.21,COD,Processing,North,Online,No,24831.21,24831.21,0,14778.47,14778.47,10052.74,40.48
ORD01184,CUST0167,PROD0067,2023-09-22,2023-02-10,1,12277,10,212.13,11261.97,Net Banking,Delivered,West,Online,No,11261.97,11261.97,0,7295.88,7295.88,3966.09,35.22
ORD01660,CUST0172,PROD0074,2024-02-23,2024-02-21,4,4666,0,6.13,18672.97,Credit Card,Processing,East,In-Store,No,18672.97,18672.97,0,3305.65,13222.6,5450.37,29.19
ORD00211,CUST0164,PROD0026,2024-12-07,2024-09-12,2,21234,0,76.94,42546.36,COD,Processing,North,In-Store,No,42546.36,42546.36,0,12268.88,24537.76,18008.6,42.33
ORD00282,CUST0044,PROD0097,2024-04-07,2024-07-02,1,18995,5,230.12,18275.67,Upi,Cancelled,East,In-Store,No,18275.67,0,18275.67,14670.87,0,0,0
ORD01415,CUST0109,PROD0058,2024-11-22,2024-11-29,4,9834,0,236.75,39573.03,Credit Card,In-Transit,West,Online,No,39573.03,39573.03,0,6032.58,24130.32,15442.71,39.02
ORD00638,CUST0166,PROD0018,2024-12-04,2024-04-22,2,21702,0,204.63,43609.67,Upi,Cancelled,North,In-Store,No,43609.67,0,43609.67,12543.29,0,0,0
ORD00518,CUST0017,PROD0038,2023-01-16,2023-01-21,1,7505,5,70.75,7201.16,Credit Card,Delivered,North,In-Store,No,7201.16,7201.16,0,5349.26,5349.26,1851.9,25.72
ORD01294,CUST0114,PROD0042,2024-03-22,2024-03-29,1,17560,5,137.78,16820.69,Debit Card,Shipped,East,In-Store,No,16820.69,16820.69,0,12010.2,12010.2,4810.49,28.6
ORD01228,CUST0088,PROD0013,2024-07-06,2024-06-13,5,7082,0,249.5,35661.75,Credit Card,Shipped,South,In-Store,No,35661.75,35661.75,0,4333.79,21668.95,13992.8,39.24
ORD01009,CUST0135,PROD0016,2024-06-18,2024-06-25,5,9295,0,171.6,46650.3,Upi,Cancelled,North,In-Store,No,46650.3,0,46650.3,7676.48,0,0,0
ORD01325,CUST0034,PROD0029,2024-05-07,2024-05-17,1,13437,0,96.91,13534.69,Upi,Processing,North,In-Store,Yes,13534.69,13534.69,0,10471.47,10471.47,3063.22,22.63
ORD01670,CUST0181,PROD0098,2024-09-03,2024-07-03,1,16965,10,154.02,15423.29,Upi,Cancelled,West,Online,No,15423.29,0,15423.29,9723.88,0,0,0
ORD00325,CUST0112,PROD0081,2024-05-07,2024-06-07,1,3839,10,192.43,3647.58,Net Banking,Returned,West,Online,No,3647.58,0,3647.58,2182.74,192.43,-192.43,
ORD00505,CUST0134,PROD0068,2023-04-09,2023-11-09,5,3558,5,244.09,18038.04,Credit Card,Cancelled,,In-Store,No,18038.04,0,18038.04,2455.4,0,0,0
ORD01688,CUST0183,PROD0094,2023-09-30,2023-04-10,2,5579,5,119.49,11201.39,Upi,Returned,North,Online,Yes,11201.39,0,11201.39,3288.4,119.49,-119.49,
ORD00029,CUST0028,PROD0018,2023-08-11,2023-06-11,4,21702,15,210.4,73998.97,COD,Processing,East,Mobile App,No,73998.97,73998.97,0,12543.29,50173.16,23825.81,32.2
ORD01624,CUST0119,PROD0062,2023-06-25,2023-05-07,2,9273,10,47.82,16740.98,Net Banking,Delivered,North,Online,No,16740.98,16740.98,0,5255.74,10511.48,6229.5,37.21
ORD00588,CUST0158,PROD0072,2023-07-15,2023-07-19,3,22878,0,119.49,68868.92,Credit Card,Cancelled,North,In-Store,No,68868.92,0,68868.92,14012.9,0,0,0
ORD01193,CUST0122,PROD0054,2024-12-09,2024-12-09,3,16339,0,54.47,49074.02,COD,In-Transit,North,Mobile App,No,49074.02,49074.02,0,10050.81,30152.43,18921.59,38.56
ORD00729,CUST0144,PROD0019,2023-10-07,2023-10-10,5,7411,15,151.19,31651.85,COD,Delivered,West,In-Store,Yes,31651.85,31651.85,0,5713.13,28565.65,3086.2,9.75
ORD01778,CUST0058,PROD0006,2023-04-05,2023-07-04,2,6650,0,40.69,13341.91,COD,Cancelled,East,Mobile App,No,13341.91,0,13341.91,5343.94,0,0,0
ORD00225,CUST0158,PROD0074,2024-02-04,2024-03-04,2,4666,15,74.93,8008.34,COD,Delivered,North,In-Store,No,8008.34,8008.34,0,3305.65,6611.3,1397.04,17.44
ORD00906,CUST0117,PROD0023,2023-05-07,2023-08-07,5,24502,5,80.21,122593.01,Credit Card,Cancelled,East,In-Store,No,122593.01,0,122593.01,14497.4,0,0,0
ORD01174,CUST0022,PROD0093,2023-10-07,2023-07-11,1,6077,0,177.06,6254.48,Credit Card,Delivered,East,Online,No,6254.48,6254.48,0,4427.74,4427.74,1826.74,29.21
ORD00821,CUST0157,PROD0086,2024-02-02,2024-03-02,1,1008,10,86.07,994.16,Credit Card,In-Transit,East,Mobile App,No,994.16,994.16,0,570.4,570.4,423.76,42.62
ORD00857,CUST0153,PROD0016,2024-01-03,2024-02-28,2,9295,20,91.98,14965.16,Net Banking,Processing,East,Mobile App,No,14965.16,14965.16,0,7676.48,15352.96,-387.8,-2.59
ORD01733,CUST0020,PROD0089,2024-10-18,2024-10-22,4,21184,10,249.86,76514.1,Credit Card,Delivered,North,In-Store,Yes,76514.1,76514.1,0,14354.61,57418.44,19095.66,24.96
ORD01472,CUST0124,PROD0016,2024-11-25,2024-03-12,1,9295,15,3.95,7905.33,Upi,Cancelled,South,Online,No,7905.33,0,7905.33,7676.48,0,0,0
ORD01748,CUST0021,PROD0034,2024-03-16,2024-03-21,5,11290,0,124.76,56576.41,Credit Card,Cancelled,West,Online,No,56576.41,0,56576.41,8602.89,0,0,0
ORD01842,CUST0035,PROD0006,2024-07-30,2024-09-08,2,6650,0,166.43,13467.65,Net Banking,Cancelled,East,In-Store,Yes,13467.65,0,13467.65,5343.94,0,0,0
ORD01800,CUST0081,PROD0087,2023-01-05,2023-05-05,2,3803,5,205.83,7433.09,COD,Delivered,North,Online,No,7433.09,7433.09,0,2356.33,4712.66,2720.43,36.6
ORD00097,CUST0191,PROD0040,2024-06-03,2024-03-16,3,18476,15,65.14,47179.09,COD,Delivered,West,In-Store,No,47179.09,47179.09,0,13298.28,39894.84,7284.25,15.44
ORD00861,CUST0156,PROD0012,2023-01-28,2023-01-02,1,1389,5,18.17,1407.67,Credit Card,Cancelled,West,In-Store,No,1407.67,0,1407.67,880.25,0,0,0
ORD00152,CUST0019,PROD0065,2023-10-29,2023-01-11,1,1226,10,219.03,1322.88,Upi,Returned,West,In-Store,No,1322.88,0,1322.88,713.8,219.03,-219.03,
ORD00216,CUST0053,PROD0093,2023-07-02,2023-02-12,4,6077,0,1.03,24310.71,Credit Card,Returned,North,Online,Yes,24310.71,0,24310.71,4427.74,1.03,-1.03,
ORD00099,CUST0046,PROD0041,2024-11-10,2024-09-10,1,1025,5,68.38,1093.76,COD,Cancelled,East,Online,No,1093.76,0,1093.76,645.65,0,0,0
ORD00493,CUST0006,PROD0053,2023-03-17,2023-03-22,1,3950,5,171.83,3924.55,Credit Card,Delivered,East,Mobile App,Yes,3924.55,3924.55,0,3082.66,3082.66,841.89,21.45
ORD01085,CUST0112,PROD0019,2023-03-07,2023-03-12,2,7411,0,4.28,14828.12,Credit Card,Shipped,West,In-Store,No,14828.12,14828.12,0,5713.13,11426.26,3401.86,22.94
ORD01380,CUST0114,PROD0100,2023-04-16,2023-04-21,1,15869,20,102.29,12797.78,Net Banking,Delivered,East,In-Store,No,12797.78,12797.78,0,13163.47,13163.47,-365.69,-2.86
ORD01287,CUST0055,PROD0013,2024-11-27,2024-07-12,3,7082,5,145.88,21393.23,Net Banking,Processing,South,In-Store,No,21393.23,21393.23,0,4333.79,13001.37,8391.86,39.23
ORD01471,CUST0161,PROD0034,2023-07-18,2023-07-17,1,11290,5,161.72,10887.53,Credit Card,Processing,East,Mobile App,No,10887.53,10887.53,0,8602.89,8602.89,2284.64,20.98
ORD00013,CUST0062,PROD0029,2023-11-04,2023-11-13,1,13437,5,228.69,13666.47,Debit Card,Cancelled,South,Online,Yes,13666.47,0,13666.47,10471.47,0,0,0
ORD00689,CUST0115,PROD0098,2023-07-22,2023-07-24,4,16965,20,108.78,54399.53,Debit Card,Returned,North,Mobile App,No,54399.53,0,54399.53,9723.88,108.78,-108.78,
ORD01720,CUST0108,PROD0042,2023-01-31,2023-02-05,4,17560,0,226.53,70470.37,Upi,Cancelled,North,Mobile App,No,70470.37,0,70470.37,12010.2,0,0,0
ORD00168,CUST0021,PROD0055,2024-10-02,2024-03-10,1,18803,10,71.17,16994.67,Credit Card,Processing,West,In-Store,No,16994.67,16994.67,0,10705.96,10705.96,6288.71,37
ORD00759,CUST0048,PROD0086,2023-07-21,2023-07-26,1,1008,15,139.34,996.98,Net Banking,Delivered,West,In-Store,No,996.98,996.98,0,570.4,570.4,426.58,42.79
ORD00320,CUST0048,PROD0056,2024-07-10,2024-11-10,1,24757,0,128.34,24885.82,Credit Card,Shipped,West,Online,No,24885.82,24885.82,0,14778.47,14778.47,10107.35,40.61
ORD00189,CUST0090,PROD0079,2024-03-28,2024-04-04,1,14974,5,11.22,14985.46,COD,Delivered,West,In-Store,Yes,14985.46,14985.46,0,11348.98,11348.98,3636.48,24.27
ORD01804,CUST0135,PROD0060,2023-08-02,2023-02-16,1,21989,10,18.25,19808.35,Debit Card,Cancelled,North,Mobile App,No,19808.35,0,19808.35,13181.61,0,0,0
ORD00044,CUST0016,PROD0073,2023-12-26,2024-01-01,2,10432,0,80.91,20945.09,Credit Card,Delivered,East,Online,No,20945.09,20945.09,0,7531.52,15063.04,5882.05,28.08
ORD01091,CUST0064,PROD0056,2024-07-19,2024-07-21,1,24757,0,243.29,25000.77,COD,Delivered,South,Mobile App,No,25000.77,25000.77,0,14778.47,14778.47,10222.3,40.89
ORD00010,CUST0186,PROD0098,2023-04-26,2023-04-24,4,16965,0,60.17,67923.61,Debit Card,In-Transit,North,Online,No,67923.61,67923.61,0,9723.88,38895.52,29028.09,42.74
ORD01339,CUST0081,PROD0096,2024-08-02,2024-09-02,2,1277,0,202.83,2757.41,COD,Processing,West,Online,No,2757.41,2757.41,0,882.12,1764.24,993.17,36.02
ORD00148,CUST0087,PROD0071,2024-09-20,2024-09-29,1,1509,0,97.28,1606.53,Debit Card,Shipped,South,Online,No,1606.53,1606.53,0,854.02,854.02,752.51,46.84
ORD01774,CUST0180,PROD0023,2024-08-19,2024-08-20,4,24502,5,72.39,93182.12,Credit Card,Cancelled,East,Mobile App,No,93182.12,0,93182.12,14497.4,0,0,0
ORD00014,CUST0138,PROD0093,2023-07-15,2023-07-20,2,6077,20,168.42,9892.29,COD,Returned,West,Online,No,9892.29,0,9892.29,4427.74,168.42,-168.42,
ORD00390,CUST0196,PROD0002,2024-11-24,2024-11-26,1,10538,5,89.52,10628.17,Net Banking,Processing,South,Online,No,10628.17,10628.17,0,8006.01,8006.01,2622.16,24.67
ORD00947,CUST0103,PROD0043,2024-12-18,2024-12-16,1,11229,15,226.61,9771.27,Upi,Processing,North,In-Store,Yes,9771.27,9771.27,0,7493.43,7493.43,2277.84,23.31
ORD00597,CUST0129,PROD0071,2023-03-10,2023-02-10,1,1509,5,64.55,1498.34,Net Banking,Processing,South,Mobile App,No,1498.34,1498.34,0,854.02,854.02,644.32,43
ORD01525,CUST0122,PROD0050,2024-04-21,2024-04-25,1,17713,5,70.35,17784.02,Credit Card,Shipped,East,Online,No,17784.02,17784.02,0,11469.96,11469.96,6314.06,35.5
ORD01488,CUST0139,PROD0029,2024-05-13,2024-05-21,2,13437,20,182.23,21682.68,COD,Processing,South,Mobile App,No,21682.68,21682.68,0,10471.47,20942.94,739.74,3.41
ORD00830,CUST0179,PROD0035,2024-08-23,2024-08-24,4,13720,15,24.02,46673.89,Debit Card,Returned,South,Online,No,46673.89,0,46673.89,8206.82,24.02,-24.02,
ORD00957,CUST0042,PROD0024,2023-02-05,2023-02-05,1,20116,10,45.26,18149.66,Upi,Processing,South,Online,No,18149.66,18149.66,0,13124.34,13124.34,5025.32,27.69
ORD01697,CUST0053,PROD0074,2023-04-28,2023-02-05,1,4666,0,216.12,4882.83,Upi,Processing,East,In-Store,No,4882.83,4882.83,0,3305.65,3305.65,1577.18,32.3
ORD00675,CUST0189,PROD0038,2024-09-20,2024-09-27,1,7505,15,249.86,6629.7,Net Banking,Shipped,West,In-Store,No,6629.7,6629.7,0,5349.26,5349.26,1280.44,19.31
ORD00702,CUST0011,PROD0059,2024-02-25,2024-05-03,1,2138,5,246.87,2278.09,Net Banking,In-Transit,West,Online,No,2278.09,2278.09,0,1198.89,1198.89,1079.2,47.37
ORD01274,CUST0175,PROD0019,2024-04-02,2024-02-08,1,7411,0,83.82,7495.74,Credit Card,Processing,South,Online,No,7495.74,7495.74,0,5713.13,5713.13,1782.61,23.78
ORD01480,CUST0063,PROD0095,2024-01-25,2024-01-02,1,14966,5,187.27,15153.66,Upi,Delivered,South,Mobile App,Yes,15153.66,15153.66,0,11139.28,11139.28,4014.38,26.49
ORD01304,CUST0165,PROD0048,2024-02-15,2024-02-17,5,14926,10,97.85,67268.32,Debit Card,Processing,South,In-Store,No,67268.32,67268.32,0,10203.52,51017.6,16250.72,24.16
ORD00456,CUST0166,PROD0052,2023-04-13,2023-04-22,1,3087,0,181.69,3269.63,Credit Card,Processing,North,In-Store,No,3269.63,3269.63,0,1854.64,1854.64,1414.99,43.28
ORD00928,CUST0116,PROD0014,2023-10-09,2023-08-09,5,17479,5,83.03,83109.04,Debit Card,Shipped,East,In-Store,No,83109.04,83109.04,0,9987.82,49939.1,33169.94,39.91
ORD00684,CUST0025,PROD0068,2023-09-21,2023-09-19,1,3558,0,170.68,3729.47,COD,Processing,South,Online,No,3729.47,3729.47,0,2455.4,2455.4,1274.07,34.16
ORD01158,CUST0082,PROD0012,2024-09-11,2024-11-16,1,1389,15,173.58,1354.65,Debit Card,Processing,North,Mobile App,No,1354.65,1354.65,0,880.25,880.25,474.4,35.02
ORD00507,CUST0182,PROD0059,2024-02-11,2024-02-11,1,2138,0,228.53,2366.66,Upi,Shipped,South,Mobile App,No,2366.66,2366.66,0,1198.89,1198.89,1167.77,49.34
ORD00026,CUST0069,PROD0020,2024-01-25,2024-03-02,1,9020,20,79.17,7295.51,Credit Card,Delivered,East,Online,No,7295.51,7295.51,0,5528.06,5528.06,1767.45,24.23
ORD01204,CUST0117,PROD0022,2024-07-20,2024-07-28,2,21812,15,244.31,37325.87,Credit Card,In-Transit,North,In-Store,No,37325.87,37325.87,0,14768.15,29536.3,7789.57,20.87
ORD01454,CUST0165,PROD0098,2023-11-10,2023-10-13,4,16965,15,225.32,57909.24,COD,Shipped,North,Mobile App,No,57909.24,57909.24,0,9723.88,38895.52,19013.72,32.83
ORD01153,CUST0058,PROD0074,2024-06-24,2024-06-28,3,4666,10,107.92,12708.04,COD,Returned,East,Online,No,12708.04,0,12708.04,3305.65,107.92,-107.92,
ORD00831,CUST0144,PROD0003,2024-07-12,2024-06-12,1,5104,0,57.83,5161.98,Net Banking,Returned,East,In-Store,No,5161.98,0,5161.98,3913.93,57.83,-57.83,
ORD00116,CUST0178,PROD0075,2023-06-27,2023-06-07,1,5250,0,96.85,5347.41,COD,Shipped,North,Online,Yes,5347.41,5347.41,0,4357.65,4357.65,989.76,18.51
ORD00025,CUST0199,PROD0042,2023-01-31,2023-08-02,2,17560,5,122.65,35244.57,Credit Card,Processing,North,In-Store,Yes,35244.57,35244.57,0,12010.2,24020.4,11224.17,31.85
ORD00371,CUST0046,PROD0026,2023-01-23,2023-01-23,2,21234,0,5.25,42474.67,Upi,Cancelled,East,In-Store,No,42474.67,0,42474.67,12268.88,0,0,0
ORD01795,CUST0151,PROD0061,2023-01-10,2023-09-10,1,18867,0,162.91,19030.12,COD,Delivered,West,Mobile App,No,19030.12,19030.12,0,12487.72,12487.72,6542.4,34.38
ORD01436,CUST0094,PROD0019,2024-06-14,2024-06-14,2,7411,20,134.68,11993.75,Credit Card,Shipped,North,Online,No,11993.75,11993.75,0,5713.13,11426.26,567.49,4.73
ORD00954,CUST0097,PROD0049,2024-11-29,2024-12-04,1,17373,20,107.84,14006.49,Credit Card,Shipped,South,Online,No,14006.49,14006.49,0,14247.06,14247.06,-240.57,-1.72
ORD01444,CUST0123,PROD0089,2023-11-04,2023-04-17,5,21184,5,99.53,106022.08,Upi,Returned,West,Mobile App,Yes,106022.08,0,106022.08,14354.61,99.53,-99.53,
ORD00100,CUST0123,PROD0050,2023-05-01,2023-01-03,1,17713,5,182.66,17010.65,Debit Card,Shipped,South,Mobile App,No,17010.65,17010.65,0,11469.96,11469.96,5540.69,32.57
ORD01657,CUST0033,PROD0063,2024-06-23,2024-06-28,2,6598,10,121.48,11998.31,Upi,Delivered,West,Online,No,11998.31,11998.31,0,4189.32,8378.64,3619.67,30.17
ORD01047,CUST0126,PROD0062,2023-08-25,2023-08-24,1,9273,0,109.46,9383.44,Net Banking,Returned,North,Online,No,9383.44,0,9383.44,5255.74,109.46,-109.46,
ORD00358,CUST0181,PROD0091,2024-12-09,2024-09-13,1,18810,5,246.07,18116.23,COD,In-Transit,South,Mobile App,Yes,18116.23,18116.23,0,11590.5,11590.5,6525.73,36.02
ORD00944,CUST0099,PROD0019,2023-06-13,2023-06-16,2,7411,20,68.8,11927.87,Debit Card,Returned,East,In-Store,No,11927.87,0,11927.87,5713.13,68.8,-68.8,
ORD00572,CUST0106,PROD0028,2024-07-20,2024-07-29,2,20039,0,9.02,40088.28,Credit Card,Shipped,North,Online,No,40088.28,40088.28,0,12603.73,25207.46,14880.82,37.12
ORD01819,CUST0108,PROD0074,2024-05-11,2024-09-11,1,4666,0,223.41,4890.12,Credit Card,Cancelled,West,Mobile App,No,4890.12,0,4890.12,3305.65,0,0,0
ORD01138,CUST0033,PROD0051,2023-05-17,2023-05-22,2,4843,0,242.47,9928.51,Credit Card,Processing,North,Mobile App,No,9928.51,9928.51,0,3819.21,7638.42,2290.09,23.07
ORD00780,CUST0186,PROD0023,2023-06-06,2023-12-06,1,24502,5,119.49,23474.16,Credit Card,Cancelled,East,In-Store,No,23474.16,0,23474.16,14497.4,0,0,0
ORD01209,CUST0138,PROD0004,2023-12-22,2023-12-29,1,10787,5,30.61,10278.76,Upi,Processing,East,Mobile App,No,10278.76,10278.76,0,7012.9,7012.9,3265.86,31.77
ORD01762,CUST0057,PROD0096,2024-10-13,2024-10-21,1,1277,0,137.69,1414.98,COD,Delivered,South,Mobile App,No,1414.98,1414.98,0,882.12,882.12,532.86,37.66
ORD01699,CUST0140,PROD0037,2023-10-25,2023-04-11,3,8588,0,24.96,25790.07,Credit Card,Returned,North,In-Store,No,25790.07,0,25790.07,5237.56,24.96,-24.96,
ORD00271,CUST0190,PROD0054,2024-03-29,2024-03-31,1,16339,20,182.15,13254.03,Net Banking,Cancelled,South,In-Store,Yes,13254.03,0,13254.03,10050.81,0,0,0
ORD00119,CUST0028,PROD0004,2024-01-26,2024-01-26,1,10787,0,49.98,10837.51,Debit Card,Returned,North,Mobile App,Yes,10837.51,0,10837.51,7012.9,49.98,-49.98,
ORD00118,CUST0182,PROD0084,2023-02-07,2023-07-08,1,12225,15,177.59,10569.38,COD,Returned,North,Online,No,10569.38,0,10569.38,8993.95,177.59,-177.59,
ORD00457,CUST0022,PROD0035,2023-05-27,2023-04-06,1,13720,0,239.4,13959.95,COD,Returned,East,Mobile App,No,13959.95,0,13959.95,8206.82,239.4,-239.4,
ORD01615,CUST0135,PROD0063,2023-11-16,2023-11-19,1,6598,0,234.75,6832.99,Upi,Shipped,South,Online,No,6832.99,6832.99,0,4189.32,4189.32,2643.67,38.69
ORD01464,CUST0194,PROD0056,2023-11-02,2023-02-21,1,24757,5,81.04,23600.65,Debit Card,In-Transit,West,Mobile App,No,23600.65,23600.65,0,14778.47,14778.47,8822.18,37.38
ORD00978,CUST0136,PROD0030,2024-06-07,2024-10-07,1,509,0,118.12,627.49,Credit Card,Cancelled,West,Online,No,627.49,0,627.49,383.16,0,0,0
ORD00741,CUST0098,PROD0094,2024-04-08,2024-04-08,1,5579,0,92.01,5671.67,Credit Card,Delivered,South,Mobile App,No,5671.67,5671.67,0,3288.4,3288.4,2383.27,42.02
ORD01084,CUST0081,PROD0067,2023-02-12,2023-12-12,4,12277,20,70.44,39358.76,COD,Delivered,South,In-Store,No,39358.76,39358.76,0,7295.88,29183.52,10175.24,25.85
ORD00165,CUST0122,PROD0060,2024-07-07,2024-07-09,1,21989,5,33.78,22022.78,Upi,Returned,South,Mobile App,No,22022.78,0,22022.78,13181.61,33.78,-33.78,
ORD01257,CUST0032,PROD0032,2023-09-18,2023-09-24,1,8752,0,130.81,8883.68,Debit Card,Processing,South,In-Store,No,8883.68,8883.68,0,6910.99,6910.99,1972.69,22.21
ORD01484,CUST0190,PROD0052,2024-01-26,2024-05-02,5,3087,5,234.99,14902.7,Net Banking,Returned,North,Online,No,14902.7,0,14902.7,1854.64,234.99,-234.99,
ORD01791,CUST0027,PROD0015,2023-10-03,2023-05-10,1,6720,15,109.85,5822.23,Credit Card,Cancelled,South,Online,No,5822.23,0,5822.23,4712.77,0,0,0
ORD01584,CUST0043,PROD0010,2023-09-28,2023-06-10,1,9930,15,216.68,8657.22,Credit Card,Cancelled,East,Mobile App,No,8657.22,0,8657.22,7617.78,0,0,0
ORD01593,CUST0147,PROD0013,2023-12-07,2023-07-16,1,7082,0,144.89,7227.34,Debit Card,Delivered,North,In-Store,No,7227.34,7227.34,0,4333.79,4333.79,2893.55,40.04
ORD00143,CUST0176,PROD0054,2023-06-03,2023-06-10,1,16339,0,118.97,16458.82,Credit Card,Processing,South,Online,No,16458.82,16458.82,0,10050.81,10050.81,6408.01,38.93
ORD00114,CUST0141,PROD0067,2024-01-18,2024-01-27,1,12277,0,224.22,12501.82,Upi,Shipped,West,In-Store,Yes,12501.82,12501.82,0,7295.88,7295.88,5205.94,41.64
ORD01188,CUST0096,PROD0098,2024-07-30,2024-04-08,1,16965,0,85.34,17051.2,Debit Card,In-Transit,East,Online,No,17051.2,17051.2,0,9723.88,9723.88,7327.32,42.97
ORD00379,CUST0102,PROD0030,2023-08-21,2023-08-30,2,509,5,58.43,1077.17,Upi,Shipped,East,Mobile App,No,1077.17,1077.17,0,383.16,766.32,310.85,28.86
ORD00064,CUST0170,PROD0017,2023-08-31,2023-02-09,2,5329,15,231.51,9291.73,Debit Card,Delivered,East,Online,No,9291.73,9291.73,0,2960.88,5921.76,3369.97,36.27
ORD01377,CUST0071,PROD0067,2024-06-22,2024-06-25,4,12277,20,151.13,39439.45,COD,Processing,South,Online,No,39439.45,39439.45,0,7295.88,29183.52,10255.93,26
ORD01512,CUST0032,PROD0071,2024-06-19,2024-06-20,1,1509,0,190.51,1699.76,Debit Card,Shipped,West,Mobile App,No,1699.76,1699.76,0,854.02,854.02,845.74,49.76
ORD00187,CUST0034,PROD0044,2023-03-26,2023-03-31,1,15370,20,65.64,12361.86,Upi,Processing,East,In-Store,No,12361.86,12361.86,0,9076.55,9076.55,3285.31,26.58
ORD01086,CUST0198,PROD0090,2023-04-25,2023-04-24,5,12088,5,38.36,60480.01,Credit Card,Processing,East,In-Store,Yes,60480.01,60480.01,0,9190.14,45950.7,14529.31,24.02
ORD01095,CUST0137,PROD0050,2023-06-24,2023-07-01,3,17713,0,34.59,53175.6,Upi,Cancelled,West,In-Store,No,53175.6,0,53175.6,11469.96,0,0,0
ORD01019,CUST0074,PROD0100,2023-09-18,2023-09-20,1,15869,5,241.33,16110.69,Upi,Cancelled,North,Mobile App,No,16110.69,0,16110.69,13163.47,0,0,0
ORD00295,CUST0018,PROD0073,2024-06-27,2024-02-07,4,10432,5,86.83,39728.77,Upi,Shipped,East,Online,No,39728.77,39728.77,0,7531.52,30126.08,9602.69,24.17
ORD01233,CUST0187,PROD0049,2023-03-26,2023-01-04,5,17373,15,219.62,74056.19,Upi,Returned,South,Mobile App,Yes,74056.19,0,74056.19,14247.06,219.62,-219.62,
ORD01739,CUST0153,PROD0096,2024-07-04,2024-04-16,2,1277,10,207.85,2506.97,Debit Card,Processing,East,Online,No,2506.97,2506.97,0,882.12,1764.24,742.73,29.63
ORD00287,CUST0032,PROD0033,2024-05-16,2024-05-21,2,14138,0,7.43,28285.33,COD,Cancelled,East,Mobile App,Yes,28285.33,0,28285.33,8668.21,0,0,0
ORD00130,CUST0003,PROD0071,2024-07-22,2024-07-22,1,1509,0,1.26,1510.51,COD,Cancelled,West,Online,No,1510.51,0,1510.51,854.02,0,0,0
ORD01627,CUST0098,PROD0089,2024-11-12,2024-11-12,1,21184,15,65.42,18072.25,Credit Card,In-Transit,North,Mobile App,Yes,18072.25,18072.25,0,14354.61,14354.61,3717.64,20.57
ORD00301,CUST0032,PROD0099,2023-11-17,2023-11-20,4,17888,5,233.88,68209.5,COD,Delivered,West,In-Store,No,68209.5,68209.5,0,13707.12,54828.48,13381.02,19.62
ORD00316,CUST0020,PROD0032,2024-05-25,2024-06-02,1,8752,15,6.49,7446.43,Credit Card,Delivered,West,Mobile App,No,7446.43,7446.43,0,6910.99,6910.99,535.44,7.19
ORD00877,CUST0103,PROD0014,2024-04-23,2024-04-29,1,17479,5,119.49,17481.82,Upi,Shipped,North,Mobile App,No,17481.82,17481.82,0,9987.82,9987.82,7494,42.87
ORD00673,CUST0194,PROD0049,2023-07-27,2023-07-29,5,17373,15,84.25,73920.82,COD,Shipped,North,Mobile App,Yes,73920.82,73920.82,0,14247.06,71235.3,2685.52,3.63
ORD00360,CUST0144,PROD0059,2023-03-01,2023-01-07,1,2138,15,108.14,1925.55,COD,Shipped,North,Mobile App,No,1925.55,1925.55,0,1198.89,1198.89,726.66,37.74
ORD00131,CUST0037,PROD0021,2023-07-08,2023-07-09,2,6518,5,28.66,12414.51,Credit Card,Shipped,South,In-Store,No,12414.51,12414.51,0,3663.61,7327.22,5087.29,40.98
ORD00856,CUST0151,PROD0014,2023-12-09,2023-12-19,4,17479,0,137.44,70054.08,COD,Returned,North,Mobile App,No,70054.08,0,70054.08,9987.82,137.44,-137.44,
ORD01330,CUST0010,PROD0075,2024-10-16,2024-10-21,5,5250,5,134.43,26387.23,Net Banking,Shipped,North,Online,Yes,26387.23,26387.23,0,4357.65,21788.25,4598.98,17.43
ORD00190,CUST0004,PROD0044,2024-11-12,2024-12-21,1,15370,10,112.52,13945.76,Net Banking,Returned,East,Mobile App,Yes,13945.76,0,13945.76,9076.55,112.52,-112.52,
ORD00028,CUST0098,PROD0022,2023-05-23,2023-05-25,2,21812,10,123.28,39386.1,Debit Card,Shipped,West,In-Store,No,39386.1,39386.1,0,14768.15,29536.3,9849.8,25.01
ORD00838,CUST0137,PROD0085,2024-03-08,2024-04-08,5,4165,20,43.03,16704.51,Credit Card,Shipped,East,Mobile App,No,16704.51,16704.51,0,2640.63,13203.15,3501.36,20.96
ORD01566,CUST0006,PROD0087,2024-05-24,2024-05-29,3,3803,15,137.26,9837,Upi,Cancelled,West,Mobile App,Yes,9837,0,9837,2356.33,0,0,0
ORD00900,CUST0082,PROD0092,2024-09-20,2024-09-22,1,6775,0,76.14,6851.68,Credit Card,Delivered,North,Online,No,6851.68,6851.68,0,4388.06,4388.06,2463.62,35.96
ORD01582,CUST0006,PROD0026,2024-12-21,2024-12-31,1,21234,0,228.54,21463.25,Credit Card,Returned,East,Mobile App,No,21463.25,0,21463.25,12268.88,228.54,-228.54,
ORD01764,CUST0074,PROD0052,2024-10-22,2024-10-27,2,3087,20,210.35,5151.05,Debit Card,In-Transit,East,Online,No,5151.05,5151.05,0,1854.64,3709.28,1441.77,27.99
ORD00757,CUST0114,PROD0090,2023-04-29,2023-04-28,1,12088,0,33,12121.33,COD,Returned,South,Mobile App,No,12121.33,0,12121.33,9190.14,33,-33,
ORD00620,CUST0154,PROD0074,2024-02-23,2024-02-21,3,4666,5,41.61,13341.73,Upi,Returned,West,In-Store,No,13341.73,0,13341.73,3305.65,41.61,-41.61,
ORD00758,CUST0122,PROD0005,2023-10-13,2023-10-17,1,2915,20,16.73,2349.03,Credit Card,Delivered,North,In-Store,No,2349.03,2349.03,0,2349.27,2349.27,-0.24,-0.01
ORD00462,CUST0038,PROD0012,2023-11-27,2023-11-27,1,1389,20,88.15,1199.75,COD,Shipped,East,Online,No,1199.75,1199.75,0,880.25,880.25,319.5,26.63
ORD01466,CUST0109,PROD0093,2023-06-20,2023-06-30,4,6077,10,220.74,22099.45,COD,Returned,East,In-Store,No,22099.45,0,22099.45,4427.74,220.74,-220.74,
ORD01202,CUST0190,PROD0051,2023-11-29,2023-12-01,1,4843,0,220.24,5063.26,COD,Shipped,East,Online,No,5063.26,5063.26,0,3819.21,3819.21,1244.05,24.57
ORD01562,CUST0013,PROD0073,2024-05-10,2024-10-11,2,10432,20,163.73,16855.07,Debit Card,Shipped,West,Online,No,16855.07,16855.07,0,7531.52,15063.04,1792.03,10.63
ORD01163,CUST0108,PROD0009,2024-05-10,2024-05-10,3,9274,15,119.49,23791.81,Credit Card,Shipped,North,Mobile App,No,23791.81,23791.81,0,7186.87,21560.61,2231.2,9.38
ORD01268,CUST0019,PROD0072,2023-12-29,2024-04-01,1,22878,15,86.58,19533.34,COD,Processing,East,Mobile App,No,19533.34,19533.34,0,14012.9,14012.9,5520.44,28.26
ORD00267,CUST0007,PROD0052,2024-05-26,2024-05-31,1,3087,5,231.95,3319.89,COD,Shipped,West,Mobile App,No,3319.89,3319.89,0,1854.64,1854.64,1465.25,44.14
ORD00595,CUST0181,PROD0037,2023-02-07,2023-04-07,1,8588,15,103.5,7403.61,Debit Card,Delivered,West,Mobile App,Yes,7403.61,7403.61,0,5237.56,5237.56,2166.05,29.26
ORD00705,CUST0041,PROD0085,2024-01-29,2024-04-02,4,4165,0,235.8,16897.28,COD,Processing,East,Mobile App,No,16897.28,16897.28,0,2640.63,10562.52,6334.76,37.49
ORD00326,CUST0063,PROD0026,2023-10-29,2023-05-11,4,21234,0,83.46,85022.3,COD,In-Transit,North,Mobile App,No,85022.3,85022.3,0,12268.88,49075.52,35946.78,42.28
ORD01128,CUST0185,PROD0077,2024-02-15,2024-02-20,2,10379,5,88.31,19809.76,Upi,Delivered,South,Mobile App,No,19809.76,19809.76,0,8343.02,16686.04,3123.72,15.77
ORD00864,CUST0095,PROD0058,2024-12-08,2024-12-17,1,9834,0,126.85,9960.92,Credit Card,In-Transit,West,Mobile App,No,9960.92,9960.92,0,6032.58,6032.58,3928.34,39.44
ORD00631,CUST0156,PROD0035,2024-07-19,2024-07-21,1,13720,5,183.33,13217.85,COD,Processing,West,Online,No,13217.85,13217.85,0,8206.82,8206.82,5011.03,37.91
ORD01495,CUST0177,PROD0025,2024-03-07,2024-03-06,2,15641,0,117.55,31401.45,COD,Delivered,West,Online,No,31401.45,31401.45,0,11470.44,22940.88,8460.57,26.94
ORD00076,CUST0082,PROD0079,2023-08-15,2023-08-23,1,14974,5,35.16,15009.4,COD,Processing,South,Online,No,15009.4,15009.4,0,11348.98,11348.98,3660.42,24.39
ORD01434,CUST0120,PROD0044,2024-04-09,2024-09-09,1,15370,5,55.16,14656.92,Credit Card,Shipped,North,Online,No,14656.92,14656.92,0,9076.55,9076.55,5580.37,38.07
ORD01607,CUST0045,PROD0024,2024-07-11,2024-11-17,1,20116,20,134.91,16227.71,Credit Card,Delivered,West,In-Store,No,16227.71,16227.71,0,13124.34,13124.34,3103.37,19.12
ORD00902,CUST0053,PROD0082,2024-10-10,2024-10-14,1,13459,0,170.5,13629.52,COD,Returned,East,Online,No,13629.52,0,13629.52,8946.5,170.5,-170.5,
ORD00718,CUST0180,PROD0016,2024-12-20,2024-12-30,1,9295,5,46.76,8877.71,COD,Cancelled,East,Mobile App,No,8877.71,0,8877.71,7676.48,0,0,0
ORD00738,CUST0074,PROD0058,2023-01-30,2023-02-04,1,9834,20,51.15,7918.41,Debit Card,Processing,North,Mobile App,No,7918.41,7918.41,0,6032.58,6032.58,1885.83,23.82
ORD01269,CUST0155,PROD0086,2023-04-30,2023-05-05,1,1008,5,205.31,1214.3,Credit Card,In-Transit,North,Mobile App,Yes,1214.3,1214.3,0,570.4,570.4,643.9,53.03
ORD01308,CUST0045,PROD0033,2023-06-11,2023-08-11,1,14138,5,233.24,14372.19,Upi,Delivered,South,In-Store,No,14372.19,14372.19,0,8668.21,8668.21,5703.98,39.69
ORD00834,CUST0072,PROD0001,2024-03-13,2024-03-22,3,21533,15,188.33,55099.88,COD,Shipped,West,In-Store,No,55099.88,55099.88,0,13070.81,39212.43,15887.45,28.83
ORD00181,CUST0180,PROD0086,2024-03-13,2024-12-03,1,1008,0,137.49,1146.48,Upi,Returned,South,Mobile App,No,1146.48,0,1146.48,570.4,137.49,-137.49,
ORD00743,CUST0188,PROD0089,2023-06-06,2023-06-11,1,21184,20,169.5,17117.11,Credit Card,Processing,North,Mobile App,No,17117.11,17117.11,0,14354.61,14354.61,2762.5,16.14
ORD01638,CUST0034,PROD0042,2023-08-27,2023-02-09,1,17560,5,192.67,17753.63,Credit Card,Cancelled,West,Mobile App,No,17753.63,0,17753.63,12010.2,0,0,0
ORD00916,CUST0176,PROD0076,2024-05-26,2024-05-25,1,16298,0,99.45,16398.11,COD,Returned,East,Online,No,16398.11,0,16398.11,11481.47,99.45,-99.45,
ORD00377,CUST0129,PROD0066,2024-07-13,2024-07-21,1,16714,10,231.65,15274.79,Upi,Shipped,North,Mobile App,Yes,15274.79,15274.79,0,11527.69,11527.69,3747.1,24.53
ORD00713,CUST0160,PROD0002,2024-10-08,2024-08-08,2,10538,20,49.91,16911.75,Upi,Returned,East,Online,No,16911.75,0,16911.75,8006.01,49.91,-49.91,
ORD00024,CUST0100,PROD0087,2024-07-07,2024-10-07,4,3803,0,197.62,15412.9,Upi,Processing,South,In-Store,No,15412.9,15412.9,0,2356.33,9425.32,5987.58,38.85
ORD00347,CUST0159,PROD0070,2024-08-13,2024-08-23,1,2262,5,187.64,2337.06,Debit Card,Shipped,West,Mobile App,No,2337.06,2337.06,0,1682.14,1682.14,654.92,28.02
ORD01635,CUST0162,PROD0087,2023-02-08,2023-07-31,1,3803,5,105.78,3719.41,COD,Processing,East,Mobile App,No,3719.41,3719.41,0,2356.33,2356.33,1363.08,36.65
ORD01737,CUST0174,PROD0061,2023-02-22,2023-02-27,5,18867,15,7.02,80192.66,Net Banking,Delivered,West,Mobile App,No,80192.66,80192.66,0,12487.72,62438.6,17754.06,22.14
ORD00009,CUST0138,PROD0051,2024-06-25,2024-06-25,2,4843,0,189.04,9875.08,Net Banking,Cancelled,East,Mobile App,No,9875.08,0,9875.08,3819.21,0,0,0
ORD00229,CUST0048,PROD0055,2024-11-09,2024-09-09,5,18803,5,119.49,89496.51,Net Banking,In-Transit,South,Online,Yes,89496.51,89496.51,0,10705.96,53529.8,35966.71,40.19
ORD00490,CUST0148,PROD0051,2024-04-10,2024-06-10,1,4843,0,237.18,5080.2,Credit Card,Processing,East,Online,Yes,5080.2,5080.2,0,3819.21,3819.21,1260.99,24.82
ORD00214,CUST0030,PROD0097,2023-12-11,2023-11-21,3,18995,0,67.87,57053.83,Net Banking,Shipped,East,Online,No,57053.83,57053.83,0,14670.87,44012.61,13041.22,22.86
ORD00818,CUST0169,PROD0039,2023-04-13,2023-04-17,1,15091,10,229.71,13811.74,COD,Delivered,South,Online,No,13811.74,13811.74,0,12191.32,12191.32,1620.42,11.73
ORD01451,CUST0188,PROD0020,2023-12-15,2023-12-23,1,9020,0,160.94,9181.36,Credit Card,Cancelled,West,Mobile App,No,9181.36,0,9181.36,5528.06,0,0,0
ORD00450,CUST0102,PROD0064,2024-12-02,2024-08-12,1,13808,0,41.38,13849.83,Credit Card,Processing,West,In-Store,No,13849.83,13849.83,0,8917.95,8917.95,4931.88,35.61
ORD00726,CUST0115,PROD0048,2024-03-03,2024-04-03,2,14926,15,172.07,25547.58,Upi,In-Transit,West,In-Store,No,25547.58,25547.58,0,10203.52,20407.04,5140.54,20.12
ORD00016,CUST0079,PROD0034,2024-04-01,2024-10-01,5,11290,5,24.65,56476.3,COD,Shipped,East,Online,No,56476.3,56476.3,0,8602.89,43014.45,13461.85,23.84
ORD01802,CUST0074,PROD0023,2024-02-10,2024-10-11,2,24502,15,178.41,41832.76,Net Banking,Returned,South,Online,No,41832.76,0,41832.76,14497.4,178.41,-178.41,
ORD01772,CUST0162,PROD0091,2023-09-07,2023-08-07,2,18810,15,119.49,32101.03,Credit Card,Returned,East,In-Store,No,32101.03,0,32101.03,11590.5,119.49,-119.49,
ORD00644,CUST0020,PROD0073,2023-05-04,2023-11-04,1,10432,0,199.65,10631.74,COD,Cancelled,North,Online,No,10631.74,0,10631.74,7531.52,0,0,0
ORD01302,CUST0036,PROD0025,2024-08-28,2024-03-09,2,15641,5,75.04,31358.94,Net Banking,Returned,South,In-Store,No,31358.94,0,31358.94,11470.44,75.04,-75.04,
ORD01334,CUST0064,PROD0075,2024-03-19,2024-03-29,4,5250,0,236.68,21238.92,COD,Delivered,South,Mobile App,Yes,21238.92,21238.92,0,4357.65,17430.6,3808.32,17.93
ORD00547,CUST0022,PROD0032,2024-09-07,2024-11-07,3,8752,20,9.65,21016.54,Credit Card,Shipped,West,Mobile App,No,21016.54,21016.54,0,6910.99,20732.97,283.57,1.35
ORD01154,CUST0085,PROD0001,2023-02-08,2023-12-08,2,21533,0,15.24,43083.12,Upi,Returned,West,In-Store,No,43083.12,0,43083.12,13070.81,15.24,-15.24,
ORD00641,CUST0039,PROD0020,2024-08-26,2024-08-28,2,9020,0,109.57,18150.41,Credit Card,Delivered,South,Mobile App,No,18150.41,18150.41,0,5528.06,11056.12,7094.29,39.09
ORD00355,CUST0088,PROD0027,2024-04-15,2024-04-22,3,6491,0,119.49,19703.57,Credit Card,Delivered,East,In-Store,No,19703.57,19703.57,0,3613.09,10839.27,8864.3,44.99
ORD00769,CUST0066,PROD0064,2024-10-04,2024-04-16,2,13808,20,49.8,22143.32,Credit Card,Delivered,East,Online,No,22143.32,22143.32,0,8917.95,17835.9,4307.42,19.45
ORD00208,CUST0121,PROD0018,2023-05-05,2023-05-14,2,21702,15,131.76,37026.04,COD,Returned,South,Online,No,37026.04,0,37026.04,12543.29,131.76,-131.76,
ORD01375,CUST0090,PROD0037,2023-02-19,2023-02-18,2,8588,0,230.02,17406.76,Upi,Delivered,East,In-Store,No,17406.76,17406.76,0,5237.56,10475.12,6931.64,39.82
ORD00962,CUST0129,PROD0042,2023-09-17,2023-09-20,2,17560,0,7.86,35129.78,Debit Card,Delivered,South,In-Store,No,35129.78,35129.78,0,12010.2,24020.4,11109.38,31.62
ORD01075,CUST0097,PROD0023,2024-01-21,2024-01-29,3,24502,10,147.78,66304.69,Credit Card,Returned,West,In-Store,Yes,66304.69,0,66304.69,14497.4,147.78,-147.78,
ORD00417,CUST0003,PROD0069,2024-04-16,2024-04-19,1,18001,10,209.3,16410.91,COD,Delivered,South,Mobile App,No,16410.91,16410.91,0,12936.13,12936.13,3474.78,21.17
ORD00570,CUST0163,PROD0006,2023-12-11,2023-11-17,4,6650,5,143.13,25415.45,COD,Returned,North,Mobile App,No,25415.45,0,25415.45,5343.94,143.13,-143.13,
ORD01059,CUST0037,PROD0095,2023-12-31,2023-12-30,1,14966,0,51.01,15017.4,Debit Card,Cancelled,South,Mobile App,No,15017.4,0,15017.4,11139.28,0,0,0
ORD01168,CUST0001,PROD0066,2024-06-02,2024-10-02,4,16714,15,232.97,57062.61,Net Banking,Cancelled,West,Online,Yes,57062.61,0,57062.61,11527.69,0,0,0
ORD00688,CUST0169,PROD0091,2024-08-28,2024-08-27,1,18810,0,165.88,18976.57,Net Banking,Processing,West,Mobile App,No,18976.57,18976.57,0,11590.5,11590.5,7386.07,38.92
ORD00443,CUST0197,PROD0015,2023-09-27,2023-10-06,2,6720,20,49.6,10802.32,COD,Processing,East,In-Store,No,10802.32,10802.32,0,4712.77,9425.54,1376.78,12.75
ORD01651,CUST0004,PROD0014,2023-05-28,2023-05-30,1,17479,0,238.48,17717.64,Credit Card,Returned,North,Mobile App,No,17717.64,0,17717.64,9987.82,238.48,-238.48,
ORD00603,CUST0082,PROD0098,2023-05-17,2023-05-21,3,16965,10,204.95,46012.77,COD,Delivered,West,In-Store,No,46012.77,46012.77,0,9723.88,29171.64,16841.13,36.6
ORD01412,CUST0134,PROD0038,2024-12-15,2024-12-23,1,7505,5,6.06,7511.76,Credit Card,Shipped,West,Online,No,7511.76,7511.76,0,5349.26,5349.26,2162.5,28.79
ORD00349,CUST0030,PROD0013,2024-08-07,2024-08-07,2,7082,0,45.67,14210.57,Credit Card,Delivered,North,Mobile App,No,14210.57,14210.57,0,4333.79,8667.58,5542.99,39.01
ORD00763,CUST0058,PROD0096,2023-11-05,2023-05-16,1,1277,20,161.51,1183.34,Credit Card,Cancelled,South,In-Store,No,1183.34,0,1183.34,882.12,0,0,0
ORD00404,CUST0067,PROD0078,2024-04-11,2024-04-19,1,13015,10,61.85,11775.67,Upi,Cancelled,West,Online,No,11775.67,0,11775.67,10237.94,0,0,0
ORD00363,CUST0199,PROD0077,2024-09-26,2024-01-10,1,10379,5,144.73,10524.44,Credit Card,Delivered,West,Online,No,10524.44,10524.44,0,8343.02,8343.02,2181.42,20.73
ORD00027,CUST0105,PROD0014,2023-01-27,2023-01-26,3,17479,0,149.23,52586.71,Net Banking,Shipped,South,In-Store,No,52586.71,52586.71,0,9987.82,29963.46,22623.25,43.02
ORD01096,CUST0112,PROD0081,2024-10-13,2024-11-10,5,3839,10,221.65,17497.38,COD,Cancelled,East,In-Store,Yes,17497.38,0,17497.38,2182.74,0,0,0
ORD01169,CUST0160,PROD0038,2024-04-29,2024-04-05,1,7505,0,144.55,7650.25,Debit Card,Returned,East,Online,No,7650.25,0,7650.25,5349.26,144.55,-144.55,
ORD00178,CUST0034,PROD0023,2023-02-02,2023-03-02,1,24502,5,47.9,24550.46,Debit Card,Delivered,South,In-Store,Yes,24550.46,24550.46,0,14497.4,14497.4,10053.06,40.95
ORD00862,CUST0147,PROD0014,2024-12-05,2024-05-20,5,17479,20,190.76,70107.4,Credit Card,Shipped,North,In-Store,No,70107.4,70107.4,0,9987.82,49939.1,20168.3,28.77
ORD00611,CUST0084,PROD0048,2023-09-02,2023-09-02,1,14926,20,119.49,12069.58,Debit Card,In-Transit,South,Online,No,12069.58,12069.58,0,10203.52,10203.52,1866.06,15.46
ORD00665,CUST0114,PROD0019,2024-11-19,2024-11-21,3,7411,0,159.19,22394.95,Net Banking,Shipped,South,In-Store,No,22394.95,22394.95,0,5713.13,17139.39,5255.56,23.47
ORD00253,CUST0051,PROD0096,2024-11-24,2024-11-27,2,1277,0,81.53,2636.11,Net Banking,Processing,West,Online,No,2636.11,2636.11,0,882.12,1764.24,871.87,33.07
ORD00415,CUST0168,PROD0083,2024-07-29,2024-02-08,2,17414,5,64.77,33151.46,Credit Card,Processing,South,In-Store,No,33151.46,33151.46,0,12254.66,24509.32,8642.14,26.07
ORD00559,CUST0112,PROD0038,2024-05-03,2024-05-12,1,7505,0,180.93,7686.63,Upi,Processing,West,Online,No,7686.63,7686.63,0,5349.26,5349.26,2337.37,30.41
ORD00554,CUST0136,PROD0007,2024-09-13,2024-09-18,1,2136,5,79.23,2215.89,Upi,Shipped,West,Mobile App,Yes,2215.89,2215.89,0,1243.29,1243.29,972.6,43.89
ORD00194,CUST0008,PROD0072,2023-10-14,2023-10-15,1,22878,15,224.29,19671.05,COD,Shipped,East,In-Store,No,19671.05,19671.05,0,14012.9,14012.9,5658.15,28.76
ORD01134,CUST0103,PROD0034,2024-12-12,2024-12-22,1,11290,0,43.28,11333.61,Upi,Cancelled,South,Mobile App,No,11333.61,0,11333.61,8602.89,0,0,0
ORD01711,CUST0073,PROD0079,2024-08-19,2024-08-26,2,14974,10,78.16,27031.79,Upi,Processing,East,Mobile App,No,27031.79,27031.79,0,11348.98,22697.96,4333.83,16.03
ORD01152,CUST0013,PROD0052,2024-07-08,2024-08-16,1,3087,5,98.26,3031.8,Upi,Shipped,West,Online,Yes,3031.8,3031.8,0,1854.64,1854.64,1177.16,38.83
ORD00446,CUST0072,PROD0078,2023-04-14,2023-04-18,1,13015,10,119.49,11950.9,Credit Card,Cancelled,South,Mobile App,No,11950.9,0,11950.9,10237.94,0,0,0
ORD00244,CUST0049,PROD0018,2023-06-02,2023-07-02,1,21702,5,122.31,20739.7,Credit Card,Delivered,South,Online,No,20739.7,20739.7,0,12543.29,12543.29,8196.41,39.52
ORD00913,CUST0195,PROD0071,2024-05-15,2024-05-22,5,1509,5,87.33,7633.58,Net Banking,Cancelled,North,Online,No,7633.58,0,7633.58,854.02,0,0,0
ORD00973,CUST0022,PROD0038,2023-07-13,2023-07-16,4,7505,0,72.19,30094.99,Credit Card,Processing,West,Online,Yes,30094.99,30094.99,0,5349.26,21397.04,8697.95,28.9
ORD01455,CUST0085,PROD0093,2023-03-09,2023-11-03,4,6077,20,224.08,19671.82,COD,Shipped,East,In-Store,No,19671.82,19671.82,0,4427.74,17710.96,1960.86,9.97
ORD00452,CUST0072,PROD0018,2023-04-10,2023-10-14,1,21702,5,247.38,20864.77,Upi,Delivered,West,Mobile App,No,20864.77,20864.77,0,12543.29,12543.29,8321.48,39.88
ORD01390,CUST0024,PROD0029,2024-03-04,2024-03-09,1,13437,0,74.71,13512.49,Debit Card,Returned,East,In-Store,No,13512.49,0,13512.49,10471.47,74.71,-74.71,
ORD00465,CUST0097,PROD0094,2023-01-27,2023-05-02,4,5579,15,13.52,18984.36,Credit Card,Cancelled,East,Online,No,18984.36,0,18984.36,3288.4,0,0,0
ORD01089,CUST0158,PROD0022,2024-11-06,2024-11-16,1,21812,0,112.78,21925.46,Debit Card,Delivered,West,In-Store,No,21925.46,21925.46,0,14768.15,14768.15,7157.31,32.64
ORD00459,CUST0038,PROD0046,2024-02-11,2024-04-11,2,6541,20,171.69,10637.8,Credit Card,Processing,South,Online,No,10637.8,10637.8,0,5338.05,10676.1,-38.3,-0.36
ORD01385,CUST0157,PROD0043,2023-10-05,2023-05-20,1,11229,0,232.46,11461.47,COD,Delivered,South,Online,No,11461.47,11461.47,0,7493.43,7493.43,3968.04,34.62
ORD00732,CUST0037,PROD0041,2024-01-20,2024-01-26,1,1025,20,119.49,981.88,COD,Processing,North,In-Store,No,981.88,981.88,0,645.65,645.65,336.23,34.24
ORD00370,CUST0143,PROD0015,2023-05-26,2023-05-31,5,6720,5,157.83,32079.97,Debit Card,In-Transit,East,Mobile App,No,32079.97,32079.97,0,4712.77,23563.85,8516.12,26.55
ORD00485,CUST0046,PROD0071,2024-01-09,2024-09-01,1,1509,20,95.39,1302.79,Credit Card,Delivered,South,Mobile App,No,1302.79,1302.79,0,854.02,854.02,448.77,34.45
ORD01443,CUST0025,PROD0072,2024-08-21,2024-08-20,2,22878,0,166.82,45923.9,Credit Card,In-Transit,South,Online,No,45923.9,45923.9,0,14012.9,28025.8,17898.1,38.97
ORD01179,CUST0029,PROD0054,2023-04-19,2023-04-23,1,16339,0,194.8,16534.65,COD,Processing,East,Mobile App,No,16534.65,16534.65,0,10050.81,10050.81,6483.84,39.21
ORD00308,CUST0067,PROD0020,2023-04-02,2023-05-04,1,9020,0,3.53,9023.95,Debit Card,Shipped,North,Mobile App,No,9023.95,9023.95,0,5528.06,5528.06,3495.89,38.74
ORD00286,CUST0032,PROD0030,2024-03-10,2024-03-19,5,509,10,191.2,2483.36,Net Banking,Returned,North,In-Store,Yes,2483.36,0,2483.36,383.16,191.2,-191.2,
ORD00612,CUST0147,PROD0034,2023-07-11,2023-11-14,1,11290,5,173.56,10899.37,COD,Delivered,North,In-Store,No,10899.37,10899.37,0,8602.89,8602.89,2296.48,21.07
ORD00650,CUST0049,PROD0027,2023-04-03,2023-04-13,1,6491,15,119.49,5637.43,Credit Card,Cancelled,South,Mobile App,No,5637.43,0,5637.43,3613.09,0,0,0
ORD00717,CUST0051,PROD0091,2024-05-22,2024-05-29,1,18810,5,72.02,18882.71,Debit Card,Shipped,East,In-Store,No,18882.71,18882.71,0,11590.5,11590.5,7292.21,38.62
ORD01378,CUST0170,PROD0052,2023-02-08,2023-05-08,3,3087,10,221.63,8559.07,COD,Cancelled,East,Mobile App,No,8559.07,0,8559.07,1854.64,0,0,0
ORD01490,CUST0041,PROD0036,2024-05-06,2024-05-05,1,1072,5,5.11,1023.68,Net Banking,Cancelled,West,In-Store,Yes,1023.68,0,1023.68,748.66,0,0,0
ORD01088,CUST0140,PROD0051,2023-07-13,2023-12-07,1,4843,15,157.95,4274.52,COD,Delivered,South,In-Store,No,4274.52,4274.52,0,3819.21,3819.21,455.31,10.65
ORD00658,CUST0042,PROD0051,2023-11-27,2023-11-25,5,4843,5,214.42,24429.52,Debit Card,Returned,West,Online,No,24429.52,0,24429.52,3819.21,214.42,-214.42,
ORD01352,CUST0037,PROD0017,2023-05-19,2023-05-19,2,5329,0,7.88,10666.96,Upi,Delivered,North,Online,No,10666.96,10666.96,0,2960.88,5921.76,4745.2,44.49
ORD00884,CUST0101,PROD0087,2024-06-11,2024-09-11,1,3803,15,134.77,3368.02,COD,Delivered,South,In-Store,No,3368.02,3368.02,0,2356.33,2356.33,1011.69,30.04
ORD00700,CUST0197,PROD0073,2023-03-05,2023-04-05,1,10432,0,4.95,10437.04,COD,Shipped,West,In-Store,No,10437.04,10437.04,0,7531.52,7531.52,2905.52,27.84
ORD00825,CUST0171,PROD0085,2023-06-09,2023-06-14,5,4165,10,109.36,18853.53,Credit Card,In-Transit,West,In-Store,No,18853.53,18853.53,0,2640.63,13203.15,5650.38,29.97
ORD01392,CUST0002,PROD0099,2023-02-02,2023-04-02,1,17888,5,177.36,18065.68,Credit Card,Cancelled,East,Mobile App,No,18065.68,0,18065.68,13707.12,0,0,0
ORD00098,CUST0136,PROD0039,2024-02-28,2024-02-26,1,15091,0,248.09,15339.24,COD,Delivered,South,Online,No,15339.24,15339.24,0,12191.32,12191.32,3147.92,20.52
ORD01813,CUST0015,PROD0028,2023-09-05,2023-05-18,4,20039,10,86.33,72229,Credit Card,Returned,North,Online,No,72229,0,72229,12603.73,86.33,-86.33,
ORD00985,CUST0125,PROD0067,2024-10-29,2024-04-11,1,12277,0,172.21,12449.81,Net Banking,Cancelled,North,Online,No,12449.81,0,12449.81,7295.88,0,0,0
ORD00811,CUST0159,PROD0099,2023-03-30,2023-03-29,1,17888,0,85.53,17973.85,Upi,Delivered,South,Online,No,17973.85,17973.85,0,13707.12,13707.12,4266.73,23.74
ORD00140,CUST0124,PROD0087,2024-05-05,2024-05-10,2,3803,0,161.81,7769.45,COD,Returned,North,In-Store,No,7769.45,0,7769.45,2356.33,161.81,-161.81,
ORD01197,CUST0046,PROD0023,2024-10-20,2024-10-20,5,24502,0,26.6,122539.4,Net Banking,Delivered,East,In-Store,No,122539.4,122539.4,0,14497.4,72487,50052.4,40.85
ORD01100,CUST0042,PROD0052,2023-05-23,2023-05-28,1,3087,20,100.05,2570.4,Debit Card,Cancelled,East,Online,Yes,2570.4,0,2570.4,1854.64,0,0,0
ORD00699,CUST0015,PROD0015,2024-02-12,2024-01-12,4,6720,0,154.65,27036.45,Debit Card,Delivered,East,Online,No,27036.45,27036.45,0,4712.77,18851.08,8185.37,30.28
ORD01348,CUST0137,PROD0053,2023-06-24,2023-06-29,1,3950,0,119.49,4071.7,COD,Returned,South,Online,No,4071.7,0,4071.7,3082.66,119.49,-119.49,
ORD00931,CUST0036,PROD0090,2024-01-05,2024-04-29,1,12088,0,244.96,12333.29,Credit Card,Delivered,North,Online,No,12333.29,12333.29,0,9190.14,9190.14,3143.15,25.49
ORD01173,CUST0108,PROD0069,2023-01-24,2023-01-28,4,18001,10,216.54,65022.98,Credit Card,Cancelled,North,In-Store,Yes,65022.98,0,65022.98,12936.13,0,0,0
ORD00755,CUST0071,PROD0090,2024-01-08,2024-05-08,1,12088,0,63.3,12151.63,Credit Card,Shipped,East,Mobile App,No,12151.63,12151.63,0,9190.14,9190.14,2961.49,24.37
ORD00129,CUST0176,PROD0039,2024-09-13,2024-09-12,2,15091,5,95.35,30277.65,Net Banking,Shipped,East,Mobile App,Yes,30277.65,30277.65,0,12191.32,24382.64,5895.01,19.47
ORD00740,CUST0193,PROD0022,2024-05-18,2024-05-23,1,21812,10,119.49,19830.16,Credit Card,Delivered,North,Online,No,19830.16,19830.16,0,14768.15,14768.15,5062.01,25.53
ORD00659,CUST0087,PROD0044,2023-10-07,2023-12-07,3,15370,5,193,46303.81,Upi,Processing,North,In-Store,No,46303.81,46303.81,0,9076.55,27229.65,19074.16,41.19
ORD00756,CUST0176,PROD0020,2023-03-20,2023-03-21,5,9020,5,119.49,45164.36,Upi,Processing,East,Online,No,45164.36,45164.36,0,5528.06,27640.3,17524.06,38.8
ORD01353,CUST0194,PROD0006,2023-03-19,2023-03-18,2,6650,10,133.55,12104.65,Net Banking,Cancelled,South,In-Store,No,12104.65,0,12104.65,5343.94,0,0,0
ORD00523,CUST0076,PROD0007,2024-02-07,2024-07-02,4,2136,0,115.7,8662.34,Credit Card,Cancelled,North,Online,No,8662.34,0,8662.34,1243.29,0,0,0
ORD00265,CUST0074,PROD0099,2023-02-18,2023-02-18,3,17888,10,113.98,48412.44,COD,In-Transit,East,In-Store,No,48412.44,48412.44,0,13707.12,41121.36,7291.08,15.06
ORD01768,CUST0199,PROD0010,2023-09-02,2023-02-15,1,9930,0,91.49,10021.54,Credit Card,Delivered,West,Online,No,10021.54,10021.54,0,7617.78,7617.78,2403.76,23.99
ORD01581,CUST0155,PROD0060,2023-11-14,2023-11-14,5,21989,10,243.9,99194.4,Upi,Returned,South,Mobile App,No,99194.4,0,99194.4,13181.61,243.9,-243.9,
ORD00632,CUST0014,PROD0041,2024-11-10,2024-10-10,2,1025,5,29.1,2079.86,COD,Delivered,South,Online,Yes,2079.86,2079.86,0,645.65,1291.3,788.56,37.91
ORD00499,CUST0120,PROD0073,2023-11-26,2023-11-27,1,10432,0,96.4,10528.49,COD,Delivered,South,Mobile App,No,10528.49,10528.49,0,7531.52,7531.52,2996.97,28.47
ORD01636,CUST0118,PROD0021,2023-02-26,2023-02-27,2,6518,15,11.21,11093.29,Credit Card,Returned,South,Mobile App,Yes,11093.29,0,11093.29,3663.61,11.21,-11.21,
ORD01320,CUST0081,PROD0035,2024-07-09,2024-07-17,5,13720,0,167.77,68770.52,Credit Card,Processing,West,Online,No,68770.52,68770.52,0,8206.82,41034.1,27736.42,40.33
ORD01650,CUST0121,PROD0091,2024-03-05,2024-05-08,2,18810,0,169.25,37790.63,Upi,Delivered,South,Mobile App,No,37790.63,37790.63,0,11590.5,23181,14609.63,38.66
ORD01016,CUST0034,PROD0099,2023-03-14,2023-03-22,1,17888,0,247.67,18135.99,Credit Card,Processing,East,In-Store,No,18135.99,18135.99,0,13707.12,13707.12,4428.87,24.42
ORD00433,CUST0182,PROD0100,2023-09-13,2023-09-21,4,15869,5,45.78,63523.22,COD,Shipped,North,Mobile App,Yes,63523.22,63523.22,0,13163.47,52653.88,10869.34,17.11
ORD01150,CUST0111,PROD0070,2024-02-19,2024-02-29,2,2262,20,63.82,3683.9,Credit Card,Delivered,North,In-Store,No,3683.9,3683.9,0,1682.14,3364.28,319.62,8.68
ORD01702,CUST0128,PROD0052,2023-06-28,2023-01-07,2,3087,15,11.68,5261.18,COD,Cancelled,East,Online,No,5261.18,0,5261.18,1854.64,0,0,0
ORD00069,CUST0039,PROD0005,2024-09-20,2024-09-27,2,2915,10,124.72,5372.4,Net Banking,Shipped,South,Online,Yes,5372.4,5372.4,0,2349.27,4698.54,673.86,12.54
ORD01586,CUST0171,PROD0098,2024-12-13,2024-12-16,1,16965,5,95.51,16213.08,COD,Processing,North,Online,No,16213.08,16213.08,0,9723.88,9723.88,6489.2,40.02
ORD00661,CUST0175,PROD0029,2023-01-18,2023-01-19,3,13437,0,140.72,40454.06,Net Banking,Delivered,South,In-Store,No,40454.06,40454.06,0,10471.47,31414.41,9039.65,22.35
ORD01191,CUST0084,PROD0091,2024-04-15,2024-04-23,1,18810,20,12.45,15061,Credit Card,Returned,East,In-Store,Yes,15061,0,15061,11590.5,12.45,-12.45,
ORD00993,CUST0159,PROD0043,2023-12-27,2023-12-26,3,11229,20,39.86,26989.48,Upi,Delivered,North,Online,Yes,26989.48,26989.48,0,7493.43,22480.29,4509.19,16.71
ORD00574,CUST0006,PROD0002,2024-08-07,2024-07-15,1,10538,0,183.97,10722.62,COD,Delivered,North,Mobile App,No,10722.62,10722.62,0,8006.01,8006.01,2716.61,25.34
ORD00335,CUST0133,PROD0088,2024-01-06,2024-04-01,5,16043,0,192.54,80407.94,Upi,Delivered,East,Online,No,80407.94,80407.94,0,10616.05,53080.25,27327.69,33.99
ORD00339,CUST0016,PROD0048,2023-09-23,2023-10-01,1,14926,15,30.95,12718.7,COD,Processing,North,Mobile App,No,12718.7,12718.7,0,10203.52,10203.52,2515.18,19.78
ORD01028,CUST0107,PROD0015,2023-05-11,2023-11-15,3,6720,10,53.37,18198.58,COD,Delivered,North,In-Store,Yes,18198.58,18198.58,0,4712.77,14138.31,4060.27,22.31
ORD00384,CUST0018,PROD0050,2023-07-31,2023-07-31,2,17713,10,108.05,31992.66,COD,Returned,North,In-Store,No,31992.66,0,31992.66,11469.96,108.05,-108.05,
ORD01494,CUST0150,PROD0007,2024-06-02,2024-12-02,1,2136,0,28.46,2165.12,Debit Card,Processing,East,Online,No,2165.12,2165.12,0,1243.29,1243.29,921.83,42.58
ORD00056,CUST0080,PROD0090,2024-03-23,2024-04-01,2,12088,0,61.12,24237.78,COD,Delivered,South,Online,Yes,24237.78,24237.78,0,9190.14,18380.28,5857.5,24.17
ORD00682,CUST0050,PROD0032,2024-07-09,2024-09-17,1,8752,0,7.37,8760.24,COD,Cancelled,East,Online,No,8760.24,0,8760.24,6910.99,0,0,0
ORD01082,CUST0045,PROD0010,2024-01-17,2024-01-26,2,9930,0,177.81,20037.91,Debit Card,Delivered,South,In-Store,No,20037.91,20037.91,0,7617.78,15235.56,4802.35,23.97
ORD00498,CUST0030,PROD0024,2023-11-27,2023-01-12,1,20116,15,61.33,17159.93,Credit Card,In-Transit,North,Mobile App,No,17159.93,17159.93,0,13124.34,13124.34,4035.59,23.52
ORD01528,CUST0047,PROD0026,2024-11-24,2024-11-24,4,21234,20,119.49,68197.03,COD,Delivered,South,Online,Yes,68197.03,68197.03,0,12268.88,49075.52,19121.51,28.04
ORD00706,CUST0051,PROD0020,2024-02-26,2024-02-29,5,9020,5,217.01,43064,COD,Processing,North,Mobile App,No,43064,43064,0,5528.06,27640.3,15423.7,35.82
ORD01672,CUST0063,PROD0001,2023-02-26,2023-02-28,1,21533,20,156.63,17383.78,COD,Returned,West,Online,No,17383.78,0,17383.78,13070.81,156.63,-156.63,
ORD00171,CUST0121,PROD0024,2023-07-16,2023-07-18,4,20116,0,30.49,80494.49,COD,Delivered,East,Mobile App,No,80494.49,80494.49,0,13124.34,52497.36,27997.13,34.78
ORD01850,CUST0156,PROD0036,2023-03-22,2023-03-24,1,1072,0,72.59,1144.77,COD,Processing,,Mobile App,No,1144.77,1144.77,0,748.66,748.66,396.11,34.6
ORD00327,CUST0103,PROD0063,2024-06-09,2024-06-14,5,6598,5,178.57,31520.21,COD,Cancelled,West,Online,No,31520.21,0,31520.21,4189.32,0,0,0
ORD00504,CUST0029,PROD0007,2023-08-11,2023-07-11,2,2136,15,171.98,3804.3,Upi,Delivered,West,Online,Yes,3804.3,3804.3,0,1243.29,2486.58,1317.72,34.64
ORD00982,CUST0123,PROD0043,2024-08-06,2024-06-15,1,11229,5,13.35,11242.36,Upi,Processing,North,Mobile App,No,11242.36,11242.36,0,7493.43,7493.43,3748.93,33.35
ORD00410,CUST0157,PROD0008,2023-12-31,2024-03-01,1,15504,0,114.23,15618.47,COD,Shipped,South,Online,No,15618.47,15618.47,0,8746.91,8746.91,6871.56,44
ORD00298,CUST0074,PROD0083,2023-06-14,2023-06-16,2,17414,20,59.62,27922.1,Upi,Cancelled,North,In-Store,No,27922.1,0,27922.1,12254.66,0,0,0
ORD01165,CUST0033,PROD0004,2024-01-11,2024-03-11,1,10787,15,2.88,9172.28,Debit Card,Shipped,East,Mobile App,No,9172.28,9172.28,0,7012.9,7012.9,2159.38,23.54
ORD01668,CUST0119,PROD0077,2023-11-04,2023-11-09,4,10379,10,127.19,37494.15,Credit Card,Delivered,North,Online,Yes,37494.15,37494.15,0,8343.02,33372.08,4122.07,10.99
ORD01356,CUST0046,PROD0080,2024-04-28,2024-04-29,3,2998,20,208.71,7404.39,Upi,Processing,South,Mobile App,No,7404.39,7404.39,0,2141.84,6425.52,978.87,13.22
ORD01343,CUST0125,PROD0088,2024-03-25,2024-03-30,2,16043,0,74.66,32160.82,Net Banking,Cancelled,North,In-Store,Yes,32160.82,0,32160.82,10616.05,0,0,0
ORD00634,CUST0088,PROD0036,2024-11-25,2024-01-12,1,1072,10,156.48,1121.44,Net Banking,Returned,East,In-Store,No,1121.44,0,1121.44,748.66,156.48,-156.48,
ORD00719,CUST0110,PROD0033,2023-12-20,2023-12-29,2,14138,0,163.71,28441.61,COD,Delivered,West,Online,No,28441.61,28441.61,0,8668.21,17336.42,11105.19,39.05
ORD00672,CUST0090,PROD0100,2023-06-26,2023-01-07,1,15869,15,87.95,13576.91,Credit Card,Processing,East,Mobile App,No,13576.91,13576.91,0,13163.47,13163.47,413.44,3.05
ORD00153,CUST0030,PROD0034,2023-11-03,2023-03-15,2,11290,5,200.04,21651.67,Debit Card,Delivered,East,Mobile App,Yes,21651.67,21651.67,0,8602.89,17205.78,4445.89,20.53
ORD01674,CUST0160,PROD0020,2024-05-05,2024-05-13,4,9020,5,165.95,36247.63,Net Banking,Processing,East,Online,No,36247.63,36247.63,0,5528.06,22112.24,14135.39,39
ORD01533,CUST0137,PROD0055,2023-06-28,2023-06-28,1,18803,10,13.7,16937.2,Debit Card,Returned,West,In-Store,Yes,16937.2,0,16937.2,10705.96,13.7,-13.7,
ORD01215,CUST0190,PROD0033,2023-05-15,2023-05-15,1,14138,5,177.05,13609.05,Credit Card,In-Transit,North,Mobile App,No,13609.05,13609.05,0,8668.21,8668.21,4940.84,36.31
ORD00701,CUST0163,PROD0059,2024-05-05,2024-05-05,5,2138,15,55.96,9143.01,Credit Card,Cancelled,North,Online,No,9143.01,0,9143.01,1198.89,0,0,0
ORD00703,CUST0094,PROD0044,2023-11-30,2023-08-12,4,15370,0,180.83,61661.91,COD,Cancelled,West,In-Store,No,61661.91,0,61661.91,9076.55,0,0,0
ORD00532,CUST0192,PROD0010,2024-03-28,2024-07-04,3,9930,0,230.89,30021.04,Debit Card,Shipped,North,Online,No,30021.04,30021.04,0,7617.78,22853.34,7167.7,23.88
ORD00408,CUST0076,PROD0011,2024-01-22,2024-01-21,2,13029,0,85.54,26143.54,Credit Card,Processing,South,Online,No,26143.54,26143.54,0,9186.1,18372.2,7771.34,29.73
ORD00200,CUST0134,PROD0014,2024-07-04,2024-12-04,1,17479,5,129.68,16734.88,Credit Card,Shipped,North,Online,No,16734.88,16734.88,0,9987.82,9987.82,6747.06,40.32
ORD00474,CUST0040,PROD0073,2024-04-10,2024-09-10,1,10432,0,35.66,10467.75,Debit Card,Delivered,South,Mobile App,Yes,10467.75,10467.75,0,7531.52,7531.52,2936.23,28.05
ORD00730,CUST0064,PROD0049,2024-09-03,2024-03-18,1,17373,10,65.25,15701.23,Net Banking,Delivered,West,Mobile App,No,15701.23,15701.23,0,14247.06,14247.06,1454.17,9.26
ORD01427,CUST0033,PROD0093,2023-09-01,2023-01-17,5,6077,5,138.89,29006.63,Credit Card,Delivered,South,Mobile App,No,29006.63,29006.63,0,4427.74,22138.7,6867.93,23.68
ORD00217,CUST0164,PROD0027,2023-11-25,2023-11-26,2,6491,10,69.16,11754.2,COD,Returned,East,Online,No,11754.2,0,11754.2,3613.09,69.16,-69.16,
ORD00254,CUST0056,PROD0079,2024-10-04,2024-10-04,4,14974,15,34.1,50946.52,Credit Card,Shipped,East,Online,No,50946.52,50946.52,0,11348.98,45395.92,5550.6,10.89
ORD01166,CUST0079,PROD0084,2023-01-07,2023-01-07,5,12225,20,246.89,49149.45,Upi,Returned,West,Mobile App,No,49149.45,0,49149.45,8993.95,246.89,-246.89,
ORD01798,CUST0091,PROD0033,2023-10-19,2023-10-26,4,14138,20,144.02,45388.66,COD,In-Transit,South,Online,No,45388.66,45388.66,0,8668.21,34672.84,10715.82,23.61
ORD01248,CUST0152,PROD0088,2023-04-26,2023-05-05,4,16043,0,119.49,64215.19,Credit Card,Shipped,East,Online,No,64215.19,64215.19,0,10616.05,42464.2,21750.99,33.87
ORD01682,CUST0055,PROD0097,2023-03-25,2023-03-30,4,18995,10,30.39,68413.54,Credit Card,Delivered,West,Online,No,68413.54,68413.54,0,14670.87,58683.48,9730.06,14.22
ORD01321,CUST0081,PROD0026,2024-08-30,2024-05-09,1,21234,0,210.75,21445.46,Credit Card,Returned,North,Mobile App,No,21445.46,0,21445.46,12268.88,210.75,-210.75,
ORD01568,CUST0040,PROD0074,2024-11-24,2024-03-12,2,4666,10,23.99,8424.07,Debit Card,Processing,North,In-Store,No,8424.07,8424.07,0,3305.65,6611.3,1812.77,21.52
ORD01398,CUST0155,PROD0008,2023-03-01,2023-01-01,1,15504,0,177.18,15681.42,COD,Processing,North,Mobile App,No,15681.42,15681.42,0,8746.91,8746.91,6934.51,44.22
ORD00531,CUST0028,PROD0064,2024-11-26,2024-01-12,3,13808,5,245.33,39599.41,Credit Card,Delivered,West,Mobile App,No,39599.41,39599.41,0,8917.95,26753.85,12845.56,32.44
ORD01133,CUST0131,PROD0014,2023-09-27,2023-05-10,2,17479,10,113.32,31575.81,COD,Cancelled,West,Online,No,31575.81,0,31575.81,9987.82,0,0,0
ORD01245,CUST0027,PROD0049,2024-10-28,2024-10-30,1,17373,0,82.14,17455.45,Credit Card,Cancelled,North,Online,No,17455.45,0,17455.45,14247.06,0,0,0
ORD00241,CUST0115,PROD0003,2024-05-24,2024-05-24,1,5104,0,166.15,5270.3,Net Banking,Returned,East,Online,Yes,5270.3,0,5270.3,3913.93,166.15,-166.15,
ORD01310,CUST0178,PROD0043,2023-02-19,2023-02-25,1,11229,5,7.6,10675.16,Credit Card,Processing,East,Mobile App,No,10675.16,10675.16,0,7493.43,7493.43,3181.73,29.8
ORD01643,CUST0039,PROD0063,2024-09-06,2024-09-11,1,6598,0,134.49,6732.73,Upi,Shipped,,In-Store,No,6732.73,6732.73,0,4189.32,4189.32,2543.41,37.78
ORD00188,CUST0064,PROD0032,2023-03-15,2023-03-17,4,8752,15,171.18,29930.94,COD,Processing,North,Mobile App,No,29930.94,29930.94,0,6910.99,27643.96,2286.98,7.64
ORD00247,CUST0017,PROD0026,2024-03-12,2024-03-15,4,21234,15,30.2,72228.21,COD,Delivered,South,Online,No,72228.21,72228.21,0,12268.88,49075.52,23152.69,32.05
ORD00904,CUST0135,PROD0028,2023-06-27,2023-06-07,1,20039,0,184.26,20223.89,Credit Card,Processing,North,In-Store,No,20223.89,20223.89,0,12603.73,12603.73,7620.16,37.68
ORD01426,CUST0190,PROD0091,2023-04-03,2023-04-03,3,18810,0,218.7,56650.77,Net Banking,Shipped,North,In-Store,No,56650.77,56650.77,0,11590.5,34771.5,21879.27,38.62
ORD01482,CUST0136,PROD0048,2023-03-24,2023-03-04,1,14926,0,155.55,15082.32,Upi,Cancelled,East,Online,No,15082.32,0,15082.32,10203.52,0,0,0
ORD00883,CUST0061,PROD0052,2024-06-14,2024-06-24,1,3087,0,91.27,3179.21,COD,Cancelled,South,Mobile App,No,3179.21,0,3179.21,1854.64,0,0,0
ORD00693,CUST0109,PROD0088,2024-07-08,2024-08-16,2,16043,5,235.07,30716.92,Debit Card,Returned,North,In-Store,No,30716.92,0,30716.92,10616.05,235.07,-235.07,
ORD00303,CUST0065,PROD0071,2024-01-29,2024-01-31,3,1509,0,133.73,4661.48,Debit Card,Shipped,South,In-Store,No,4661.48,4661.48,0,854.02,2562.06,2099.42,45.04
ORD00284,CUST0176,PROD0057,2023-08-20,2023-08-26,4,12771,10,246.24,46224.29,Upi,Delivered,North,Mobile App,No,46224.29,46224.29,0,8626.93,34507.72,11716.57,25.35
ORD00880,CUST0171,PROD0066,2023-06-24,2023-06-24,1,16714,0,208.49,16923.09,Debit Card,Returned,East,In-Store,Yes,16923.09,0,16923.09,11527.69,208.49,-208.49,
ORD00506,CUST0178,PROD0010,2023-03-18,2023-03-23,1,9930,5,3.28,9436.83,COD,Returned,South,Mobile App,Yes,9436.83,0,9436.83,7617.78,3.28,-3.28,
ORD00622,CUST0129,PROD0083,2023-04-24,2023-04-29,3,17414,0,61.22,52303.37,Net Banking,Cancelled,South,Online,No,52303.37,0,52303.37,12254.66,0,0,0
ORD00322,CUST0065,PROD0046,2023-09-18,2023-09-25,1,6541,0,119.49,6569.8,COD,Shipped,South,In-Store,No,6569.8,6569.8,0,5338.05,5338.05,1231.75,18.75
ORD01253,CUST0131,PROD0070,2023-05-31,2023-05-30,3,2262,5,249.52,7037.17,Debit Card,Delivered,West,Online,No,7037.17,7037.17,0,1682.14,5046.42,1990.75,28.29
ORD00833,CUST0192,PROD0081,2023-04-09,2023-02-09,5,3839,10,135.27,17411,Upi,Delivered,South,In-Store,No,17411,17411,0,2182.74,10913.7,6497.3,37.32
ORD01501,CUST0108,PROD0052,2024-06-04,2024-03-06,1,3087,5,53.95,2987.49,Net Banking,Processing,West,Mobile App,No,2987.49,2987.49,0,1854.64,1854.64,1132.85,37.92
ORD01035,CUST0158,PROD0046,2024-06-11,2024-11-14,2,6541,5,37.09,12465.6,COD,Processing,East,Online,No,12465.6,12465.6,0,5338.05,10676.1,1789.5,14.36
ORD00123,CUST0014,PROD0100,2024-10-02,2024-09-10,2,15869,5,197.48,31936.2,Net Banking,Delivered,East,In-Store,Yes,31936.2,31936.2,0,13163.47,26326.94,5609.26,17.56
ORD01243,CUST0158,PROD0044,2024-07-05,2024-10-07,2,15370,0,91.97,30832.51,Debit Card,Processing,West,Online,Yes,30832.51,30832.51,0,9076.55,18153.1,12679.41,41.12
ORD00511,CUST0026,PROD0036,2023-08-20,2023-08-27,4,1072,20,98.22,3529.2,COD,Shipped,South,Mobile App,Yes,3529.2,3529.2,0,748.66,2994.64,534.56,15.15
ORD00281,CUST0090,PROD0004,2023-04-03,2023-04-03,2,10787,15,88.05,18426.85,COD,Delivered,West,In-Store,Yes,18426.85,18426.85,0,7012.9,14025.8,4401.05,23.88
ORD01247,CUST0193,PROD0004,2024-11-07,2024-11-05,5,10787,0,129.09,54066.74,Credit Card,Delivered,East,In-Store,No,54066.74,54066.74,0,7012.9,35064.5,19002.24,35.15
ORD01237,CUST0158,PROD0003,2024-06-08,2024-06-13,1,5104,20,119.49,4165.59,Debit Card,Processing,East,In-Store,No,4165.59,4165.59,0,3913.93,3913.93,251.66,6.04
ORD01000,CUST0057,PROD0084,2023-11-12,2023-12-18,1,12225,15,119.49,10478.32,Credit Card,Delivered,East,Online,No,10478.32,10478.32,0,8993.95,8993.95,1484.37,14.17
ORD01189,CUST0075,PROD0056,2024-01-14,2024-01-24,2,24757,20,193.29,39805.26,Credit Card,Returned,West,Online,No,39805.26,0,39805.26,14778.47,193.29,-193.29,
ORD01201,CUST0118,PROD0024,2023-09-17,2023-09-19,4,20116,5,213.2,76654,Net Banking,Delivered,West,In-Store,Yes,76654,76654,0,13124.34,52497.36,24156.64,31.51
ORD01539,CUST0051,PROD0069,2023-03-08,2023-10-03,4,18001,5,64.78,68471.58,Upi,Processing,West,Mobile App,Yes,68471.58,68471.58,0,12936.13,51744.52,16727.06,24.43
ORD00678,CUST0130,PROD0091,2024-05-02,2024-08-05,3,18810,0,201.81,56633.88,Debit Card,Returned,North,In-Store,No,56633.88,0,56633.88,11590.5,201.81,-201.81,
ORD00519,CUST0073,PROD0065,2024-12-11,2024-11-22,1,1226,0,238.42,1464.92,Credit Card,Returned,South,In-Store,No,1464.92,0,1464.92,713.8,238.42,-238.42,
ORD01147,CUST0037,PROD0012,2024-10-25,2024-10-29,1,1389,0,85.58,1475.08,COD,In-Transit,North,In-Store,No,1475.08,1475.08,0,880.25,880.25,594.83,40.33
ORD01511,CUST0070,PROD0062,2024-10-08,2024-06-10,2,9273,20,201.67,15040.04,Net Banking,Cancelled,South,Online,No,15040.04,0,15040.04,5255.74,0,0,0
ORD00068,CUST0033,PROD0012,2023-12-06,2023-05-12,1,1389,5,12.66,1402.16,Upi,Shipped,East,Mobile App,No,1402.16,1402.16,0,880.25,880.25,521.91,37.22
ORD00333,CUST0075,PROD0091,2024-03-28,2024-07-04,1,18810,5,183.14,18993.83,Net Banking,Cancelled,North,In-Store,No,18993.83,0,18993.83,11590.5,0,0,0
ORD00569,CUST0075,PROD0035,2024-03-06,2024-04-06,4,13720,0,140.56,55022.76,Debit Card,Delivered,North,Online,Yes,55022.76,55022.76,0,8206.82,32827.28,22195.48,40.34
ORD01830,CUST0051,PROD0064,2023-04-10,2023-04-14,2,13808,15,159.63,23634,Debit Card,Cancelled,East,In-Store,Yes,23634,0,23634,8917.95,0,0,0
ORD01190,CUST0068,PROD0097,2024-10-29,2024-03-11,1,18995,5,120.29,18165.84,Credit Card,Returned,North,Online,No,18165.84,0,18165.84,14670.87,120.29,-120.29,
ORD01424,CUST0100,PROD0052,2024-06-11,2024-06-11,1,3087,5,226.36,3314.3,Upi,Cancelled,South,Online,No,3314.3,0,3314.3,1854.64,0,0,0
ORD01684,CUST0148,PROD0086,2023-11-03,2023-03-20,2,1008,0,244.38,2262.36,Net Banking,Delivered,East,Online,No,2262.36,2262.36,0,570.4,1140.8,1121.56,49.57
ORD00473,CUST0167,PROD0067,2023-12-16,2023-12-21,1,12277,15,72.71,10508.67,Debit Card,Shipped,North,In-Store,No,10508.67,10508.67,0,7295.88,7295.88,3212.79,30.57
ORD01322,CUST0156,PROD0098,2024-12-30,2025-07-01,4,16965,0,101.25,67964.69,Credit Card,Delivered,North,Mobile App,No,67964.69,67964.69,0,9723.88,38895.52,29069.17,42.77
ORD00512,CUST0048,PROD0065,2024-12-18,2024-12-25,5,1226,10,213.14,5732.39,Credit Card,Processing,West,Online,No,5732.39,5732.39,0,713.8,3569,2163.39,37.74
ORD00478,CUST0028,PROD0011,2023-04-07,2023-07-13,1,13029,20,192.05,10615.25,COD,In-Transit,West,Online,No,10615.25,10615.25,0,9186.1,9186.1,1429.15,13.46
ORD00886,CUST0170,PROD0070,2024-03-19,2024-03-28,2,2262,10,162.09,4234.68,Credit Card,Processing,South,Mobile App,No,4234.68,4234.68,0,1682.14,3364.28,870.4,20.55
ORD00319,CUST0111,PROD0095,2023-11-14,2023-11-22,1,14966,15,166.38,12887.81,COD,Cancelled,South,Online,Yes,12887.81,0,12887.81,11139.28,0,0,0
ORD00937,CUST0025,PROD0070,2023-03-27,2023-03-28,3,2262,5,225.21,7012.86,COD,Processing,North,Mobile App,Yes,7012.86,7012.86,0,1682.14,5046.42,1966.44,28.04
ORD01709,CUST0033,PROD0060,2023-04-18,2023-04-26,3,21989,20,233.76,53007.36,Credit Card,Returned,South,Mobile App,No,53007.36,0,53007.36,13181.61,233.76,-233.76,
ORD00994,CUST0188,PROD0004,2024-11-13,2024-11-20,1,10787,5,24.93,10273.08,COD,Delivered,East,Mobile App,No,10273.08,10273.08,0,7012.9,7012.9,3260.18,31.74
ORD00582,CUST0003,PROD0041,2024-02-03,2024-02-03,1,1025,5,16.76,1042.14,Credit Card,Delivered,South,Online,Yes,1042.14,1042.14,0,645.65,645.65,396.49,38.05
ORD00133,CUST0110,PROD0022,2023-05-01,2023-08-01,2,21812,5,178.05,41622.14,Net Banking,Returned,South,Mobile App,No,41622.14,0,41622.14,14768.15,178.05,-178.05,
ORD01714,CUST0142,PROD0010,2024-01-23,2024-01-28,1,9930,10,249,9186.05,Net Banking,Processing,South,Mobile App,No,9186.05,9186.05,0,7617.78,7617.78,1568.27,17.07
ORD00829,CUST0047,PROD0081,2024-05-23,2024-05-29,1,3839,0,239.66,4078.71,Credit Card,Delivered,North,Mobile App,Yes,4078.71,4078.71,0,2182.74,2182.74,1895.97,46.48
ORD01597,CUST0132,PROD0082,2024-08-19,2024-08-28,5,13459,0,232.93,67528.03,Net Banking,In-Transit,North,In-Store,No,67528.03,67528.03,0,8946.5,44732.5,22795.53,33.76
ORD00987,CUST0192,PROD0006,2024-07-01,2024-08-01,5,6650,0,205.2,33458.25,COD,Delivered,North,Online,No,33458.25,33458.25,0,5343.94,26719.7,6738.55,20.14
ORD00369,CUST0001,PROD0082,2023-08-17,2023-08-26,2,13459,5,155.98,27074.02,Credit Card,Cancelled,North,Online,No,27074.02,0,27074.02,8946.5,0,0,0
ORD00733,CUST0184,PROD0092,2023-05-16,2023-05-21,1,6775,0,34.98,6810.52,Credit Card,Cancelled,South,Online,No,6810.52,0,6810.52,4388.06,0,0,0
ORD01355,CUST0132,PROD0056,2024-03-15,2024-03-16,2,24757,0,186.36,49701.32,COD,Shipped,North,Mobile App,Yes,49701.32,49701.32,0,14778.47,29556.94,20144.38,40.53
ORD00126,CUST0012,PROD0038,2024-10-29,2024-10-30,3,7505,0,237.05,22754.15,COD,Shipped,East,Online,No,22754.15,22754.15,0,5349.26,16047.78,6706.37,29.47
ORD01603,CUST0124,PROD0074,2024-04-29,2024-03-05,2,4666,5,90.51,9423.93,Credit Card,Cancelled,South,In-Store,No,9423.93,0,9423.93,3305.65,0,0,0
ORD01551,CUST0100,PROD0085,2023-02-23,2023-02-27,1,4165,0,210.84,4376.21,Credit Card,Shipped,West,In-Store,No,4376.21,4376.21,0,2640.63,2640.63,1735.58,39.66
ORD00257,CUST0009,PROD0055,2024-06-27,2024-01-07,5,18803,0,113.11,94132.56,Upi,Shipped,West,Mobile App,Yes,94132.56,94132.56,0,10705.96,53529.8,40602.76,43.13
ORD01373,CUST0024,PROD0016,2023-05-16,2023-05-22,5,9295,10,79.28,41910.11,Net Banking,Returned,South,Online,No,41910.11,0,41910.11,7676.48,79.28,-79.28,
ORD01474,CUST0174,PROD0059,2024-03-21,2024-03-31,5,2138,0,193.22,10883.87,Debit Card,Cancelled,East,Mobile App,Yes,10883.87,0,10883.87,1198.89,0,0,0
ORD00290,CUST0173,PROD0063,2024-06-11,2024-12-11,1,6598,5,118.98,6717.22,COD,Cancelled,North,Mobile App,No,6717.22,0,6717.22,4189.32,0,0,0
ORD00778,CUST0066,PROD0058,2023-02-06,2023-04-06,1,9834,20,69.63,7936.89,COD,Delivered,East,Mobile App,No,7936.89,7936.89,0,6032.58,6032.58,1904.31,23.99
ORD00082,CUST0098,PROD0048,2023-11-07,2023-07-16,1,14926,10,109.94,13544.03,Credit Card,Delivered,South,In-Store,No,13544.03,13544.03,0,10203.52,10203.52,3340.51,24.66
ORD00054,CUST0146,PROD0054,2024-10-01,2024-10-06,1,16339,5,238.61,16578.46,Credit Card,Cancelled,East,Mobile App,No,16578.46,0,16578.46,10050.81,0,0,0
ORD01406,CUST0142,PROD0026,2024-11-30,2024-12-05,4,21234,15,142.53,72340.54,COD,Delivered,East,Mobile App,No,72340.54,72340.54,0,12268.88,49075.52,23265.02,32.16
ORD00558,CUST0103,PROD0090,2024-07-24,2024-07-25,2,12088,0,84.2,24260.86,Upi,Returned,East,Mobile App,No,24260.86,0,24260.86,9190.14,84.2,-84.2,
ORD00041,CUST0176,PROD0063,2024-03-01,2024-03-06,5,6598,5,41.81,33033.01,Net Banking,Shipped,East,Online,No,33033.01,33033.01,0,4189.32,20946.6,12086.41,36.59
ORD01121,CUST0139,PROD0025,2024-10-16,2024-10-23,5,15641,0,115.53,78325.28,Credit Card,Shipped,West,Online,No,78325.28,78325.28,0,11470.44,57352.2,20973.08,26.78
ORD00262,CUST0116,PROD0080,2024-12-01,2024-01-22,1,2998,5,222.98,3071.27,Credit Card,Delivered,North,Online,No,3071.27,3071.27,0,2141.84,2141.84,929.43,30.26
ORD00469,CUST0096,PROD0083,2024-10-03,2024-11-03,2,17414,0,26.1,34854.2,Credit Card,Shipped,East,Online,Yes,34854.2,34854.2,0,12254.66,24509.32,10344.88,29.68
ORD00956,CUST0104,PROD0049,2023-05-14,2023-05-19,1,17373,20,84.13,13982.78,Debit Card,Delivered,North,Mobile App,No,13982.78,13982.78,0,14247.06,14247.06,-264.28,-1.89
ORD00084,CUST0147,PROD0087,2024-09-27,2024-09-27,1,3803,5,43.22,3847.04,Upi,Shipped,East,In-Store,No,3847.04,3847.04,0,2356.33,2356.33,1490.71,38.75
ORD01645,CUST0195,PROD0021,2024-01-25,2024-01-30,1,6518,0,3.01,6521.88,Credit Card,Processing,North,Online,No,6521.88,6521.88,0,3663.61,3663.61,2858.27,43.83
ORD01206,CUST0020,PROD0048,2023-11-03,2023-11-04,1,14926,10,64.76,13498.85,Debit Card,Shipped,West,In-Store,No,13498.85,13498.85,0,10203.52,10203.52,3295.33,24.41
ORD01544,CUST0158,PROD0012,2023-01-18,2023-01-16,1,1389,0,40.01,1429.51,Credit Card,Delivered,South,Mobile App,Yes,1429.51,1429.51,0,880.25,880.25,549.26,38.42
ORD00807,CUST0197,PROD0077,2024-11-10,2024-08-11,5,10379,5,133.52,49437.14,COD,Cancelled,East,In-Store,Yes,49437.14,0,49437.14,8343.02,0,0,0
ORD00031,CUST0152,PROD0070,2023-04-07,2023-12-07,1,2262,0,238.25,2500.8,Upi,Processing,West,In-Store,No,2500.8,2500.8,0,1682.14,1682.14,818.66,32.74
ORD00514,CUST0194,PROD0019,2023-07-04,2023-06-04,2,7411,15,113.15,12713.41,Upi,Shipped,South,In-Store,Yes,12713.41,12713.41,0,5713.13,11426.26,1287.15,10.12
ORD00977,CUST0134,PROD0079,2023-01-16,2023-01-19,1,14974,5,107.47,14333,COD,Cancelled,East,Online,Yes,14333,0,14333,11348.98,0,0,0
ORD01289,CUST0002,PROD0048,2024-04-12,2024-09-12,1,14926,0,242.64,15169.41,Credit Card,Processing,South,In-Store,No,15169.41,15169.41,0,10203.52,10203.52,4965.89,32.74
ORD01741,CUST0115,PROD0049,2024-06-30,2024-06-29,4,17373,0,209.37,69702.61,Credit Card,Cancelled,West,Mobile App,No,69702.61,0,69702.61,14247.06,0,0,0
ORD01003,CUST0163,PROD0045,2023-12-01,2023-11-01,5,13766,5,246.34,65637.69,Credit Card,Processing,North,Mobile App,No,65637.69,65637.69,0,9947.7,49738.5,15899.19,24.22
ORD01260,CUST0084,PROD0086,2024-01-28,2024-01-30,1,1008,0,74.21,1083.2,Debit Card,Delivered,East,Online,No,1083.2,1083.2,0,570.4,570.4,512.8,47.34
ORD01297,CUST0182,PROD0039,2023-02-24,2023-02-24,5,15091,10,4.63,67914.81,Upi,Processing,North,Online,Yes,67914.81,67914.81,0,12191.32,60956.6,6958.21,10.25
ORD01583,CUST0172,PROD0054,2023-08-31,2023-09-09,5,16339,10,176.89,73706.21,COD,Delivered,South,In-Store,No,73706.21,73706.21,0,10050.81,50254.05,23452.16,31.82
ORD00839,CUST0138,PROD0060,2023-04-04,2023-04-11,1,21989,0,225.21,22214.21,COD,Processing,East,Online,No,22214.21,22214.21,0,13181.61,13181.61,9032.6,40.66
ORD01823,CUST0189,PROD0084,2024-06-20,2024-06-24,1,12225,20,161.56,9942.07,COD,Processing,South,Online,No,9942.07,9942.07,0,8993.95,8993.95,948.12,9.54
ORD01608,CUST0065,PROD0036,2024-01-24,2024-01-22,4,1072,0,208.63,4497.35,Credit Card,Processing,South,Mobile App,No,4497.35,4497.35,0,748.66,2994.64,1502.71,33.41
ORD00049,CUST0180,PROD0097,2023-08-28,2023-09-02,1,18995,0,0.27,18995.59,Credit Card,In-Transit,South,Online,No,18995.59,18995.59,0,14670.87,14670.87,4324.72,22.77
ORD01183,CUST0148,PROD0047,2024-12-14,2024-12-23,1,1927,0,80.46,2008.13,Credit Card,Delivered,West,In-Store,No,2008.13,2008.13,0,1218.11,1218.11,790.02,39.34
ORD01844,CUST0126,PROD0087,2023-06-04,2023-06-04,1,3803,0,138.59,3942.41,Credit Card,Processing,West,Mobile App,Yes,3942.41,3942.41,0,2356.33,2356.33,1586.08,40.23
ORD00468,CUST0024,PROD0067,2024-01-22,2024-01-22,2,12277,20,154.76,19798.92,Net Banking,Cancelled,East,Online,No,19798.92,0,19798.92,7295.88,0,0,0
ORD00154,CUST0020,PROD0071,2023-07-02,2023-07-07,3,1509,15,54.64,3903.23,Debit Card,Shipped,West,In-Store,No,3903.23,3903.23,0,854.02,2562.06,1341.17,34.36
ORD01560,CUST0136,PROD0077,2024-03-13,2024-03-14,1,10379,0,141.43,10521.14,Debit Card,Delivered,South,Mobile App,No,10521.14,10521.14,0,8343.02,8343.02,2178.12,20.7
ORD00750,CUST0184,PROD0001,2024-05-31,2024-10-06,1,21533,5,36.09,21570.03,Net Banking,Processing,South,In-Store,No,21570.03,21570.03,0,13070.81,13070.81,8499.22,39.4
ORD00395,CUST0086,PROD0003,2024-09-15,2024-09-22,5,5104,20,127.76,20544.36,Debit Card,Shipped,East,In-Store,Yes,20544.36,20544.36,0,3913.93,19569.65,974.71,4.74
ORD00124,CUST0090,PROD0029,2023-07-08,2023-08-15,3,13437,15,90.2,34356.54,COD,Delivered,South,Mobile App,No,34356.54,34356.54,0,10471.47,31414.41,2942.13,8.56
ORD00356,CUST0196,PROD0051,2024-05-07,2024-04-07,1,4843,0,223.14,5066.16,Upi,Delivered,North,Online,No,5066.16,5066.16,0,3819.21,3819.21,1246.95,24.61
ORD00135,CUST0149,PROD0075,2024-02-19,2024-02-29,2,5250,0,137.9,10639.02,Debit Card,Processing,North,In-Store,No,10639.02,10639.02,0,4357.65,8715.3,1923.72,18.08
ORD00269,CUST0084,PROD0008,2024-09-14,2024-09-22,2,15504,5,195.32,29653.38,Credit Card,Returned,East,In-Store,No,29653.38,0,29653.38,8746.91,195.32,-195.32,
ORD00386,CUST0107,PROD0032,2023-03-07,2023-10-07,4,8752,5,96.17,35107.65,Credit Card,Shipped,North,Mobile App,Yes,35107.65,35107.65,0,6910.99,27643.96,7463.69,21.26
ORD00610,CUST0025,PROD0017,2023-05-29,2023-06-06,5,5329,20,223.18,21541.34,COD,Returned,North,Online,No,21541.34,0,21541.34,2960.88,223.18,-223.18,
ORD00221,CUST0084,PROD0059,2024-05-14,2024-12-05,1,2138,5,28.22,2166.35,Net Banking,Delivered,East,Mobile App,Yes,2166.35,2166.35,0,1198.89,1198.89,967.46,44.66
ORD00042,CUST0141,PROD0066,2023-04-26,2023-03-05,1,16714,10,193.78,15236.92,Upi,Delivered,West,Mobile App,Yes,15236.92,15236.92,0,11527.69,11527.69,3709.23,24.34
ORD00220,CUST0146,PROD0017,2023-06-04,2023-04-16,5,5329,0,113.9,26761.6,Upi,Cancelled,East,Mobile App,Yes,26761.6,0,26761.6,2960.88,0,0,0
ORD00598,CUST0009,PROD0042,2024-12-19,2024-12-18,3,17560,0,39.69,52722.57,Net Banking,Delivered,North,Online,No,52722.57,52722.57,0,12010.2,36030.6,16691.97,31.66
ORD01250,CUST0003,PROD0095,2023-10-30,2023-11-09,1,14966,10,40.58,13510.33,Debit Card,Returned,South,In-Store,No,13510.33,0,13510.33,11139.28,40.58,-40.58,
ORD01239,CUST0031,PROD0089,2024-11-04,2024-09-04,2,21184,20,191.25,34086.47,Debit Card,Delivered,North,Online,No,34086.47,34086.47,0,14354.61,28709.22,5377.25,15.78
ORD00681,CUST0105,PROD0019,2024-06-07,2024-07-14,3,7411,0,242.72,22478.48,Credit Card,Returned,East,Mobile App,No,22478.48,0,22478.48,5713.13,242.72,-242.72,
ORD01074,CUST0154,PROD0041,2023-04-23,2023-04-28,1,1025,0,43.88,1069.26,Credit Card,Cancelled,North,In-Store,No,1069.26,0,1069.26,645.65,0,0,0
ORD00841,CUST0053,PROD0018,2023-08-14,2023-08-23,1,21702,0,156.21,21858.73,COD,Shipped,South,Online,No,21858.73,21858.73,0,12543.29,12543.29,9315.44,42.62
ORD00542,CUST0078,PROD0047,2024-07-18,2024-07-20,2,1927,10,79.71,3549.52,Net Banking,Shipped,South,In-Store,No,3549.52,3549.52,0,1218.11,2436.22,1113.3,31.36
ORD01042,CUST0144,PROD0040,2023-05-05,2023-05-13,1,18476,15,37.12,15741.77,Debit Card,Processing,East,In-Store,No,15741.77,15741.77,0,13298.28,13298.28,2443.49,15.52
ORD01359,CUST0040,PROD0038,2023-07-27,2023-05-08,4,7505,5,230.94,30253.74,COD,In-Transit,East,In-Store,No,30253.74,30253.74,0,5349.26,21397.04,8856.7,29.27
ORD01199,CUST0048,PROD0004,2023-04-07,2023-07-13,4,10787,0,23.91,43174.03,Net Banking,Delivered,South,Online,No,43174.03,43174.03,0,7012.9,28051.6,15122.43,35.03
ORD01317,CUST0043,PROD0059,2024-06-03,2024-11-03,2,2138,5,24.66,4087.11,COD,Processing,South,Mobile App,No,4087.11,4087.11,0,1198.89,2397.78,1689.33,41.33
ORD01284,CUST0004,PROD0031,2024-02-23,2024-02-28,4,15661,0,77.4,62722.2,Upi,Cancelled,North,In-Store,No,62722.2,0,62722.2,11664.97,0,0,0
ORD00979,CUST0006,PROD0089,2024-08-31,2024-01-09,1,21184,0,235.82,21420.33,Net Banking,Delivered,East,Online,No,21420.33,21420.33,0,14354.61,14354.61,7065.72,32.99
ORD01083,CUST0084,PROD0034,2024-07-23,2024-07-29,1,11290,20,77.33,9109.59,Net Banking,Returned,West,Mobile App,No,9109.59,0,9109.59,8602.89,77.33,-77.33,
ORD01569,CUST0133,PROD0100,2024-10-21,2024-10-24,5,15869,10,119.49,71522.11,Credit Card,Cancelled,North,Mobile App,No,71522.11,0,71522.11,13163.47,0,0,0
ORD00470,CUST0049,PROD0071,2023-07-26,2023-08-03,1,1509,5,67.29,1501.08,Credit Card,Shipped,North,Mobile App,No,1501.08,1501.08,0,854.02,854.02,647.06,43.11
ORD01776,CUST0142,PROD0077,2023-03-31,2023-04-10,1,10379,5,199.98,10060.7,COD,Processing,West,Online,No,10060.7,10060.7,0,8343.02,8343.02,1717.68,17.07
ORD01222,CUST0048,PROD0009,2024-05-03,2024-05-08,1,9274,0,179.29,9454.07,Upi,Shipped,North,In-Store,No,9454.07,9454.07,0,7186.87,7186.87,2267.2,23.98
ORD01811,CUST0016,PROD0061,2023-10-21,2023-10-29,2,18867,15,98.74,32173,COD,Returned,East,In-Store,No,32173,0,32173,12487.72,98.74,-98.74,
ORD00150,CUST0133,PROD0090,2023-08-26,2023-02-09,1,12088,0,89.93,12178.26,Upi,Cancelled,West,In-Store,Yes,12178.26,0,12178.26,9190.14,0,0,0
ORD00908,CUST0056,PROD0026,2024-03-29,2024-08-04,2,21234,0,239.17,42708.59,Debit Card,In-Transit,East,In-Store,No,42708.59,42708.59,0,12268.88,24537.76,18170.83,42.55
ORD01404,CUST0132,PROD0048,2024-02-29,2024-01-03,5,14926,0,119.49,74654.63,Net Banking,Cancelled,West,In-Store,No,74654.63,0,74654.63,10203.52,0,0,0
ORD00337,CUST0165,PROD0027,2024-11-07,2024-07-18,5,6491,15,221.92,27811.6,COD,In-Transit,East,In-Store,Yes,27811.6,27811.6,0,3613.09,18065.45,9746.15,35.04
ORD00233,CUST0066,PROD0002,2023-04-25,2023-02-05,1,10538,0,164.79,10703.44,Net Banking,Delivered,South,Online,No,10703.44,10703.44,0,8006.01,8006.01,2697.43,25.2
ORD01824,CUST0144,PROD0075,2024-02-01,2024-11-01,1,5250,0,57.78,5308.34,Upi,Cancelled,East,Online,No,5308.34,0,5308.34,4357.65,0,0,0
ORD01414,CUST0029,PROD0009,2023-05-22,2023-06-01,1,9274,0,205.43,9480.21,Debit Card,Returned,West,In-Store,No,9480.21,0,9480.21,7186.87,205.43,-205.43,
ORD00159,CUST0051,PROD0019,2023-03-06,2023-06-08,1,7411,0,105.38,7517.3,Debit Card,Returned,East,Online,No,7517.3,0,7517.3,5713.13,105.38,-105.38,
ORD01779,CUST0049,PROD0015,2024-09-08,2024-08-08,1,6720,0,17.53,6737.98,Credit Card,Returned,East,In-Store,No,6737.98,0,6737.98,4712.77,17.53,-17.53,
ORD01838,CUST0058,PROD0066,2023-11-18,2023-11-21,1,16714,0,41.84,16756.44,Credit Card,Delivered,East,Mobile App,No,16756.44,16756.44,0,11527.69,11527.69,5228.75,31.2
ORD01026,CUST0159,PROD0040,2024-06-04,2024-03-06,3,18476,0,190.1,55618.28,Credit Card,Delivered,West,Online,No,55618.28,55618.28,0,13298.28,39894.84,15723.44,28.27
ORD01099,CUST0098,PROD0038,2024-08-21,2024-08-27,1,7505,10,72.5,6827.63,Credit Card,Cancelled,East,Online,Yes,6827.63,0,6827.63,5349.26,0,0,0
ORD01118,CUST0153,PROD0071,2023-12-15,2023-12-20,2,1509,0,132.82,3151.32,Upi,Processing,West,Mobile App,No,3151.32,3151.32,0,854.02,1708.04,1443.28,45.8
ORD00586,CUST0121,PROD0042,2023-06-11,2023-12-11,1,17560,5,140.04,16822.95,Credit Card,Processing,West,In-Store,Yes,16822.95,16822.95,0,12010.2,12010.2,4812.75,28.61
ORD00206,CUST0013,PROD0024,2023-01-06,2023-05-30,3,20116,0,36.34,60384.34,Upi,Delivered,East,Mobile App,No,60384.34,60384.34,0,13124.34,39373.02,21011.32,34.8
ORD00004,CUST0129,PROD0091,2023-11-15,2023-11-24,1,18810,10,91.89,17021.51,Upi,Cancelled,,Online,No,17021.51,0,17021.51,11590.5,0,0,0
ORD00870,CUST0112,PROD0085,2023-09-30,2023-09-29,1,4165,20,143.23,3475.53,Upi,Delivered,East,In-Store,Yes,3475.53,3475.53,0,2640.63,2640.63,834.9,24.02
ORD00896,CUST0056,PROD0094,2023-06-27,2023-06-30,2,5579,20,118.96,9046.42,Credit Card,Processing,North,In-Store,Yes,9046.42,9046.42,0,3288.4,6576.8,2469.62,27.3
ORD01122,CUST0041,PROD0067,2024-05-02,2024-11-02,1,12277,0,45.56,12323.16,Net Banking,Delivered,South,In-Store,No,12323.16,12323.16,0,7295.88,7295.88,5027.28,40.8
ORD01834,CUST0156,PROD0082,2023-06-19,2023-06-21,2,13459,10,193.63,24419.87,Credit Card,Delivered,South,Online,No,24419.87,24419.87,0,8946.5,17893,6526.87,26.73
ORD01456,CUST0190,PROD0030,2024-08-11,2024-11-11,1,509,20,157.5,565,Upi,Shipped,East,Online,No,565,565,0,383.16,383.16,181.84,32.18
ORD01051,CUST0089,PROD0055,2024-08-12,2024-06-12,2,18803,15,8.26,31974.87,COD,Cancelled,North,In-Store,No,31974.87,0,31974.87,10705.96,0,0,0
ORD00694,CUST0178,PROD0051,2023-12-02,2023-12-07,5,4843,0,165.74,24380.84,Credit Card,Delivered,West,Mobile App,No,24380.84,24380.84,0,3819.21,19096.05,5284.79,21.68
ORD01708,CUST0175,PROD0096,2023-03-14,2023-03-14,1,1277,5,1.76,1215.19,COD,Processing,West,In-Store,No,1215.19,1215.19,0,882.12,882.12,333.07,27.41
ORD01644,CUST0131,PROD0061,2024-12-25,2024-12-31,3,18867,0,131.86,56733.49,COD,Cancelled,South,Online,No,56733.49,0,56733.49,12487.72,0,0,0
ORD00715,CUST0046,PROD0048,2023-08-03,2023-08-03,2,14926,0,215.92,30069.46,COD,Returned,South,Mobile App,No,30069.46,0,30069.46,10203.52,215.92,-215.92,
ORD01803,CUST0143,PROD0016,2024-06-11,2024-07-11,1,9295,0,103.64,9399.38,Upi,Returned,South,In-Store,Yes,9399.38,0,9399.38,7676.48,103.64,-103.64,
ORD01127,CUST0016,PROD0018,2023-03-11,2023-11-04,5,21702,5,100.12,103187.09,Net Banking,Delivered,West,Mobile App,No,103187.09,103187.09,0,12543.29,62716.45,40470.64,39.22
ORD01732,CUST0066,PROD0016,2024-03-24,2024-03-29,1,9295,15,48.97,7950.35,COD,In-Transit,East,In-Store,No,7950.35,7950.35,0,7676.48,7676.48,273.87,3.44
ORD01052,CUST0048,PROD0060,2024-03-27,2024-03-26,1,21989,15,34.34,18724.99,Credit Card,Delivered,South,Mobile App,No,18724.99,18724.99,0,13181.61,13181.61,5543.38,29.6
ORD01105,CUST0076,PROD0039,2023-09-16,2023-09-16,1,15091,20,120.99,12193.91,Credit Card,Shipped,North,Online,No,12193.91,12193.91,0,12191.32,12191.32,2.59,0.02
ORD01195,CUST0084,PROD0077,2024-05-04,2024-09-04,2,10379,0,78.57,20837.99,Net Banking,In-Transit,South,Mobile App,No,20837.99,20837.99,0,8343.02,16686.04,4151.95,19.92
ORD01780,CUST0126,PROD0007,2023-04-11,2023-11-13,1,2136,5,21.27,2157.93,Net Banking,Shipped,North,Mobile App,Yes,2157.93,2157.93,0,1243.29,1243.29,914.64,42.39
ORD00158,CUST0054,PROD0054,2024-12-18,2024-12-28,3,16339,15,213.58,41880.2,Credit Card,In-Transit,North,In-Store,No,41880.2,41880.2,0,10050.81,30152.43,11727.77,28
ORD01048,CUST0091,PROD0031,2024-10-14,2024-10-15,2,15661,5,28.82,29785.1,COD,In-Transit,North,Mobile App,No,29785.1,29785.1,0,11664.97,23329.94,6455.16,21.67
ORD00524,CUST0124,PROD0089,2023-12-06,2023-04-12,1,21184,0,175.39,21359.9,Credit Card,Shipped,North,Mobile App,Yes,21359.9,21359.9,0,14354.61,14354.61,7005.29,32.8
ORD00463,CUST0137,PROD0064,2024-06-29,2024-05-07,2,13808,20,20.9,22114.42,Credit Card,Delivered,South,In-Store,No,22114.42,22114.42,0,8917.95,17835.9,4278.52,19.35
ORD00653,CUST0094,PROD0015,2023-06-16,2023-06-14,5,6720,5,119.49,31998.66,Credit Card,Delivered,West,Online,No,31998.66,31998.66,0,4712.77,23563.85,8434.81,26.36
ORD00161,CUST0174,PROD0078,2023-07-23,2023-07-30,1,13015,0,244.84,13260.2,Upi,Processing,North,Online,No,13260.2,13260.2,0,10237.94,10237.94,3022.26,22.79
ORD00306,CUST0041,PROD0032,2024-12-06,2024-06-21,1,8752,20,198.16,7200.46,Debit Card,Shipped,South,Online,No,7200.46,7200.46,0,6910.99,6910.99,289.47,4.02
ORD00657,CUST0148,PROD0035,2023-05-15,2023-05-18,4,13720,15,165.3,46815.17,Debit Card,Delivered,North,In-Store,No,46815.17,46815.17,0,8206.82,32827.28,13987.89,29.88
ORD00548,CUST0068,PROD0023,2024-03-30,2024-04-04,1,24502,5,2.22,24504.78,COD,Delivered,North,In-Store,Yes,24504.78,24504.78,0,14497.4,14497.4,10007.38,40.84
ORD00714,CUST0089,PROD0093,2023-09-25,2023-01-10,2,6077,5,70.41,12225.25,Credit Card,Delivered,East,Online,No,12225.25,12225.25,0,4427.74,8855.48,3369.77,27.56
ORD00396,CUST0036,PROD0048,2024-05-25,2024-05-27,2,14926,0,93.94,29947.48,Credit Card,Shipped,South,Mobile App,Yes,29947.48,29947.48,0,10203.52,20407.04,9540.44,31.86
ORD00784,CUST0005,PROD0028,2024-03-21,2024-03-31,1,20039,5,216.3,20255.93,Net Banking,Shipped,West,Online,No,20255.93,20255.93,0,12603.73,12603.73,7652.2,37.78
ORD00400,CUST0093,PROD0051,2024-01-22,2024-01-22,5,4843,5,105.67,24320.77,Credit Card,Cancelled,East,Online,Yes,24320.77,0,24320.77,3819.21,0,0,0
ORD00799,CUST0080,PROD0086,2023-01-12,2023-01-17,2,1008,5,37.18,2055.16,Net Banking,Delivered,East,Mobile App,No,2055.16,2055.16,0,570.4,1140.8,914.36,44.49
ORD00619,CUST0103,PROD0037,2023-04-01,2023-10-01,3,8588,5,164.05,25929.16,COD,Shipped,East,In-Store,Yes,25929.16,25929.16,0,5237.56,15712.68,10216.48,39.4
ORD01534,CUST0065,PROD0059,2024-05-27,2024-05-30,1,2138,10,113.8,2038.12,Credit Card,In-Transit,East,Mobile App,No,2038.12,2038.12,0,1198.89,1198.89,839.23,41.18
ORD00509,CUST0031,PROD0071,2023-03-28,2023-03-31,4,1509,5,37.66,5772.81,COD,Cancelled,East,In-Store,No,5772.81,0,5772.81,854.02,0,0,0
ORD00737,CUST0102,PROD0028,2023-05-06,2023-11-06,1,20039,10,66.41,18102.08,Debit Card,Cancelled,North,Online,No,18102.08,0,18102.08,12603.73,0,0,0
ORD00696,CUST0133,PROD0005,2024-04-25,2024-04-30,1,2915,0,57.16,2972.54,Credit Card,Returned,East,Online,No,2972.54,0,2972.54,2349.27,57.16,-57.16,
ORD01666,CUST0077,PROD0010,2023-05-01,2023-09-01,1,9930,5,41.96,9475.51,Upi,Shipped,South,Mobile App,Yes,9475.51,9475.51,0,7617.78,7617.78,1857.73,19.61
ORD01719,CUST0080,PROD0034,2024-05-01,2024-12-01,2,11290,5,199.8,22780.46,Credit Card,Processing,East,Online,Yes,22780.46,22780.46,0,8602.89,17205.78,5574.68,24.47
ORD00868,CUST0196,PROD0054,2023-01-02,2023-09-02,5,16339,0,187.32,81886.57,COD,Cancelled,West,In-Store,No,81886.57,0,81886.57,10050.81,0,0,0
ORD00460,CUST0022,PROD0006,2024-09-11,2024-11-09,1,6650,20,132.62,5453.11,Debit Card,Cancelled,South,Mobile App,Yes,5453.11,0,5453.11,5343.94,0,0,0
ORD00934,CUST0166,PROD0009,2023-07-23,2023-07-28,5,9274,0,203.42,46577.32,Credit Card,Shipped,West,Mobile App,No,46577.32,46577.32,0,7186.87,35934.35,10642.97,22.85
ORD00063,CUST0183,PROD0036,2023-06-04,2023-04-04,2,1072,20,175.21,1890.7,Upi,Delivered,West,In-Store,No,1890.7,1890.7,0,748.66,1497.32,393.38,20.81
ORD01820,CUST0119,PROD0080,2024-11-15,2024-11-15,4,2998,10,7.53,10801.05,Upi,Returned,East,Mobile App,Yes,10801.05,0,10801.05,2141.84,7.53,-7.53,
ORD00872,CUST0171,PROD0066,2024-03-20,2024-03-27,4,16714,20,15.65,53502.37,COD,Cancelled,North,Online,No,53502.37,0,53502.37,11527.69,0,0,0
ORD00955,CUST0194,PROD0057,2023-12-15,2023-12-21,1,12771,5,195.63,12967.31,Upi,Delivered,West,Mobile App,No,12967.31,12967.31,0,8626.93,8626.93,4340.38,33.47
ORD01575,CUST0199,PROD0025,2024-02-25,2024-02-25,2,15641,5,185.42,29905.12,COD,Returned,South,Mobile App,No,29905.12,0,29905.12,11470.44,185.42,-185.42,
ORD00458,CUST0040,PROD0032,2023-02-27,2023-05-03,2,8752,0,5.3,17511.04,Credit Card,Shipped,North,In-Store,No,17511.04,17511.04,0,6910.99,13821.98,3689.06,21.07
ORD00936,CUST0068,PROD0022,2024-03-17,2024-03-25,1,21812,0,53.59,21866.27,Credit Card,Processing,North,Mobile App,Yes,21866.27,21866.27,0,14768.15,14768.15,7098.12,32.46
ORD00479,CUST0010,PROD0070,2023-09-06,2023-06-14,1,2262,5,80.05,2229.47,Net Banking,Shipped,North,In-Store,No,2229.47,2229.47,0,1682.14,1682.14,547.33,24.55
ORD01124,CUST0148,PROD0007,2024-01-15,2024-01-18,1,2136,20,231.15,1940.48,Net Banking,Returned,North,Mobile App,No,1940.48,0,1940.48,1243.29,231.15,-231.15,
ORD01478,CUST0013,PROD0097,2023-11-18,2023-11-17,2,18995,5,119.49,36161.31,COD,Returned,East,Mobile App,No,36161.31,0,36161.31,14670.87,119.49,-119.49,
ORD00871,CUST0147,PROD0044,2023-04-05,2023-06-05,2,15370,10,99.67,27766.16,Credit Card,Delivered,West,In-Store,No,27766.16,27766.16,0,9076.55,18153.1,9613.06,34.62
ORD00791,CUST0067,PROD0074,2024-07-25,2024-07-31,3,4666,15,131.68,12031.79,Credit Card,Cancelled,West,Mobile App,No,12031.79,0,12031.79,3305.65,0,0,0
ORD00618,CUST0056,PROD0054,2024-05-09,2024-09-07,3,16339,15,157.57,41824.19,Net Banking,Shipped,West,In-Store,No,41824.19,41824.19,0,10050.81,30152.43,11671.76,27.91
ORD01847,CUST0017,PROD0019,2023-02-20,2023-02-21,4,7411,0,129.72,29777.4,Debit Card,Shipped,East,Online,Yes,29777.4,29777.4,0,5713.13,22852.52,6924.88,23.26
ORD01628,CUST0174,PROD0043,2023-01-06,2023-06-06,2,11229,0,236.06,22694.08,Debit Card,Returned,South,Online,Yes,22694.08,0,22694.08,7493.43,236.06,-236.06,
ORD01139,CUST0119,PROD0018,2023-08-01,2023-10-01,2,21702,0,4.92,43409.96,Debit Card,Returned,South,Online,No,43409.96,0,43409.96,12543.29,4.92,-4.92,
ORD01616,CUST0128,PROD0080,2023-05-21,2023-05-29,1,2998,0,217.11,3215.31,Credit Card,Cancelled,East,Online,No,3215.31,0,3215.31,2141.84,0,0,0
ORD00348,CUST0114,PROD0011,2024-06-30,2024-07-07,3,13029,20,147.22,31416.82,Credit Card,Returned,South,Online,No,31416.82,0,31416.82,9186.1,147.22,-147.22,
ORD01489,CUST0015,PROD0050,2023-04-12,2023-04-17,2,17713,10,16.1,31900.71,Credit Card,Returned,West,In-Store,No,31900.71,0,31900.71,11469.96,16.1,-16.1,
ORD00965,CUST0085,PROD0092,2024-12-10,2024-10-13,1,6775,20,152.22,5572.65,Debit Card,Cancelled,West,Mobile App,No,5572.65,0,5572.65,4388.06,0,0,0
ORD00761,CUST0170,PROD0061,2024-05-04,2024-05-09,2,18867,0,43.1,37777.52,Net Banking,Delivered,South,Online,Yes,37777.52,37777.52,0,12487.72,24975.44,12802.08,33.89
ORD00447,CUST0136,PROD0078,2024-01-16,2024-01-17,2,13015,5,146.08,24875.26,COD,Shipped,West,Mobile App,No,24875.26,24875.26,0,10237.94,20475.88,4399.38,17.69
ORD00651,CUST0167,PROD0039,2023-08-23,2023-01-09,1,15091,20,218.99,12291.91,Debit Card,Delivered,North,Online,No,12291.91,12291.91,0,12191.32,12191.32,100.59,0.82
ORD01230,CUST0076,PROD0099,2024-02-07,2024-07-05,2,17888,20,210.52,28831.83,Net Banking,Cancelled,North,Online,Yes,28831.83,0,28831.83,13707.12,0,0,0
ORD00399,CUST0061,PROD0065,2023-03-22,2023-03-26,5,1226,10,41.04,5560.29,COD,Shipped,North,Online,No,5560.29,5560.29,0,713.8,3569,1991.29,35.81
ORD00380,CUST0113,PROD0058,2024-07-25,2024-07-23,3,9834,0,144.38,29646.59,Debit Card,Cancelled,East,Mobile App,No,29646.59,0,29646.59,6032.58,0,0,0
ORD00565,CUST0181,PROD0067,2023-11-22,2023-11-23,1,12277,0,237.3,12514.9,Debit Card,Returned,East,Online,No,12514.9,0,12514.9,7295.88,237.3,-237.3,
ORD01354,CUST0188,PROD0077,2023-09-18,2023-09-21,4,10379,10,83.31,37450.27,Net Banking,Cancelled,North,In-Store,No,37450.27,0,37450.27,8343.02,0,0,0
ORD01731,CUST0014,PROD0056,2023-03-30,2023-03-30,1,24757,5,238.37,24995.85,Net Banking,Delivered,East,Mobile App,No,24995.85,24995.85,0,14778.47,14778.47,10217.38,40.88
ORD01276,CUST0179,PROD0008,2024-06-28,2024-06-07,1,15504,5,19.98,14749.01,COD,Shipped,East,Online,No,14749.01,14749.01,0,8746.91,8746.91,6002.1,40.69
ORD00516,CUST0097,PROD0082,2023-04-21,2023-04-23,1,13459,5,246.83,13705.85,Debit Card,Shipped,West,Online,Yes,13705.85,13705.85,0,8946.5,8946.5,4759.35,34.72
ORD00949,CUST0139,PROD0094,2023-03-01,2023-07-01,5,5579,0,24.22,27922.52,Upi,Processing,East,Online,Yes,27922.52,27922.52,0,3288.4,16442,11480.52,41.12
ORD00921,CUST0200,PROD0089,2024-08-20,2024-08-25,1,21184,0,57.22,21241.73,Net Banking,Cancelled,East,Mobile App,No,21241.73,0,21241.73,14354.61,0,0,0
ORD00232,CUST0187,PROD0073,2023-09-24,2023-09-22,5,10432,0,143.21,52303.66,Credit Card,Shipped,North,In-Store,Yes,52303.66,52303.66,0,7531.52,37657.6,14646.06,28
ORD01319,CUST0035,PROD0059,2023-05-28,2023-05-29,5,2138,0,112.58,10803.23,COD,Processing,North,Online,No,10803.23,10803.23,0,1198.89,5994.45,4808.78,44.51
ORD00383,CUST0060,PROD0038,2024-11-06,2024-11-11,1,7505,5,14.36,7520.06,Credit Card,Delivered,South,Online,No,7520.06,7520.06,0,5349.26,5349.26,2170.8,28.87
ORD01170,CUST0033,PROD0031,2023-11-17,2023-11-19,2,15661,10,13.41,28203.57,Upi,Processing,East,Mobile App,Yes,28203.57,28203.57,0,11664.97,23329.94,4873.63,17.28
ORD01207,CUST0043,PROD0032,2024-02-01,2024-01-01,1,8752,0,202.4,8955.27,Upi,Shipped,South,Mobile App,Yes,8955.27,8955.27,0,6910.99,6910.99,2044.28,22.83
ORD00073,CUST0015,PROD0030,2024-09-08,2024-09-09,1,509,5,0.17,509.54,Upi,Delivered,North,In-Store,No,509.54,509.54,0,383.16,383.16,126.38,24.8
ORD00071,CUST0150,PROD0030,2023-06-13,2023-12-06,2,509,5,66.63,1034.43,Credit Card,Delivered,West,In-Store,No,1034.43,1034.43,0,383.16,766.32,268.11,25.92
ORD01345,CUST0062,PROD0030,2023-09-03,2023-11-03,3,509,10,94.49,1469.79,Credit Card,Delivered,North,Mobile App,No,1469.79,1469.79,0,383.16,1149.48,320.31,21.79
ORD01017,CUST0008,PROD0034,2023-11-09,2023-09-20,1,11290,10,16.72,10178.02,Credit Card,Cancelled,West,Online,Yes,10178.02,0,10178.02,8602.89,0,0,0
ORD00172,CUST0100,PROD0088,2023-11-16,2023-11-19,1,16043,0,186.18,16229.26,Credit Card,Processing,West,Online,No,16229.26,16229.26,0,10616.05,10616.05,5613.21,34.59
ORD01135,CUST0197,PROD0043,2024-04-07,2024-07-13,5,11229,0,211.46,56356.51,Net Banking,Delivered,South,Online,Yes,56356.51,56356.51,0,7493.43,37467.15,18889.36,33.52
ORD00169,CUST0180,PROD0080,2024-05-18,2024-05-23,3,2998,0,38.04,9032.64,Net Banking,In-Transit,North,In-Store,No,9032.64,9032.64,0,2141.84,6425.52,2607.12,28.86
ORD00494,CUST0031,PROD0044,2023-12-22,2023-12-27,1,15370,0,39.6,15409.87,Credit Card,Shipped,South,Online,Yes,15409.87,15409.87,0,9076.55,9076.55,6333.32,41.1
ORD01349,CUST0085,PROD0098,2024-10-04,2024-08-04,4,16965,0,35.7,67899.14,Debit Card,Delivered,West,Online,No,67899.14,67899.14,0,9723.88,38895.52,29003.62,42.72
ORD01021,CUST0173,PROD0020,2023-04-14,2023-04-22,1,9020,0,133.45,9153.87,Upi,Delivered,West,Mobile App,No,9153.87,9153.87,0,5528.06,5528.06,3625.81,39.61
ORD00986,CUST0090,PROD0072,2024-10-18,2024-10-27,1,22878,0,29.04,22907.58,COD,Delivered,South,In-Store,No,22907.58,22907.58,0,14012.9,14012.9,8894.68,38.83
ORD00894,CUST0157,PROD0042,2024-05-14,2024-05-24,2,17560,10,56.05,31665.78,COD,Delivered,South,Online,No,31665.78,31665.78,0,12010.2,24020.4,7645.38,24.14
ORD00273,CUST0144,PROD0095,2024-04-19,2024-04-20,1,14966,0,38.51,15004.9,Credit Card,Returned,West,Online,No,15004.9,0,15004.9,11139.28,38.51,-38.51,
ORD01288,CUST0191,PROD0039,2024-02-19,2024-02-26,2,15091,20,82.52,24228.36,COD,Processing,North,Online,No,24228.36,24228.36,0,12191.32,24382.64,-154.28,-0.64
ORD00421,CUST0186,PROD0074,2023-04-15,2023-04-23,1,4666,20,237.6,3970.97,Credit Card,Delivered,South,In-Store,No,3970.97,3970.97,0,3305.65,3305.65,665.32,16.75
ORD00095,CUST0128,PROD0038,2023-09-23,2023-09-27,4,7505,20,184.18,24202.42,COD,Returned,West,Mobile App,No,24202.42,0,24202.42,5349.26,184.18,-184.18,
ORD01543,CUST0105,PROD0079,2024-04-09,2024-09-06,3,14974,0,13.77,44936.49,Credit Card,Delivered,East,Mobile App,No,44936.49,44936.49,0,11348.98,34046.94,10889.55,24.23
ORD01574,CUST0142,PROD0003,2024-11-21,2024-11-30,3,5104,5,186.71,15499.16,Credit Card,Delivered,West,Mobile App,Yes,15499.16,15499.16,0,3913.93,11741.79,3757.37,24.24
ORD01585,CUST0195,PROD0098,2023-11-23,2023-11-28,2,16965,10,94.39,30632.94,Credit Card,Delivered,West,Online,Yes,30632.94,30632.94,0,9723.88,19447.76,11185.18,36.51
ORD00043,CUST0116,PROD0034,2023-12-23,2023-12-22,5,11290,0,193.91,56645.56,Upi,Delivered,North,In-Store,No,56645.56,56645.56,0,8602.89,43014.45,13631.11,24.06
ORD00057,CUST0042,PROD0064,2023-12-22,2023-12-28,1,13808,10,41.74,12469.35,Upi,Cancelled,North,In-Store,No,12469.35,0,12469.35,8917.95,0,0,0
ORD01103,CUST0092,PROD0050,2023-10-27,2023-10-26,1,17713,10,191.81,16134.11,Net Banking,Processing,North,In-Store,Yes,16134.11,16134.11,0,11469.96,11469.96,4664.15,28.91
ORD01281,CUST0160,PROD0092,2024-06-30,2024-04-07,1,6775,0,215.76,6991.3,Debit Card,Processing,North,In-Store,No,6991.3,6991.3,0,4388.06,4388.06,2603.24,37.24
ORD00889,CUST0148,PROD0026,2024-05-20,2024-05-29,1,21234,15,170.39,18219.89,COD,Shipped,North,Mobile App,Yes,18219.89,18219.89,0,12268.88,12268.88,5951.01,32.66
ORD00575,CUST0026,PROD0034,2024-02-11,2024-09-11,5,11290,20,72.81,45234.13,Net Banking,Returned,West,Online,No,45234.13,0,45234.13,8602.89,72.81,-72.81,
ORD00039,CUST0035,PROD0041,2023-01-05,2023-02-05,2,1025,0,45.76,2096.52,Net Banking,Processing,West,Mobile App,No,2096.52,2096.52,0,645.65,1291.3,805.22,38.41
ORD00307,CUST0101,PROD0049,2024-08-07,2024-08-08,1,17373,0,230.78,17604.09,Credit Card,Delivered,East,In-Store,No,17604.09,17604.09,0,14247.06,14247.06,3357.03,19.07
ORD01006,CUST0117,PROD0043,2024-07-30,2024-05-08,1,11229,5,80.82,11309.83,Debit Card,Delivered,East,Online,No,11309.83,11309.83,0,7493.43,7493.43,3816.4,33.74
ORD00007,CUST0102,PROD0033,2023-04-01,2023-01-13,2,14138,0,11.32,28289.22,Net Banking,Delivered,North,Online,No,28289.22,28289.22,0,8668.21,17336.42,10952.8,38.72
ORD01178,CUST0136,PROD0022,2024-12-24,2024-12-23,1,21812,5,119.49,22043.34,Net Banking,Processing,North,Mobile App,No,22043.34,22043.34,0,14768.15,14768.15,7275.19,33
ORD00783,CUST0129,PROD0064,2023-10-05,2023-05-20,1,13808,5,18.35,13136.38,Upi,Delivered,South,Online,No,13136.38,13136.38,0,8917.95,8917.95,4218.43,32.11
ORD00409,CUST0134,PROD0001,2024-01-20,2024-01-27,1,21533,10,233.03,19613.58,Upi,Shipped,South,Mobile App,No,19613.58,19613.58,0,13070.81,13070.81,6542.77,33.36
ORD01267,CUST0019,PROD0061,2024-06-10,2024-04-10,1,18867,15,22.46,16059.59,Upi,Cancelled,West,Mobile App,No,16059.59,0,16059.59,12487.72,0,0,0
ORD00782,CUST0118,PROD0068,2024-05-16,2024-05-24,4,3558,20,222.2,11610.33,COD,Cancelled,North,In-Store,No,11610.33,0,11610.33,2455.4,0,0,0
ORD00167,CUST0194,PROD0062,2023-03-11,2023-01-11,4,9273,10,149.25,33535.58,Credit Card,In-Transit,East,Online,No,33535.58,33535.58,0,5255.74,21022.96,12512.62,37.31
ORD00535,CUST0146,PROD0011,2023-11-05,2023-05-21,1,13029,10,119.49,11751.33,Debit Card,Shipped,East,Mobile App,No,11751.33,11751.33,0,9186.1,9186.1,2565.23,21.83
ORD00584,CUST0020,PROD0076,2023-06-06,2023-06-05,2,16298,10,44.58,29382.17,COD,Processing,North,Mobile App,No,29382.17,29382.17,0,11481.47,22962.94,6419.23,21.85
ORD01331,CUST0076,PROD0004,2023-08-26,2023-08-31,4,10787,20,238.44,34758.54,Debit Card,Returned,North,Mobile App,No,34758.54,0,34758.54,7012.9,238.44,-238.44,
ORD01678,CUST0085,PROD0004,2024-09-28,2024-09-28,4,10787,0,1.77,43151.89,Upi,Cancelled,South,Online,No,43151.89,0,43151.89,7012.9,0,0,0
ORD01420,CUST0082,PROD0049,2023-10-16,2023-10-21,1,17373,5,210.2,17583.51,Net Banking,Processing,South,Online,Yes,17583.51,17583.51,0,14247.06,14247.06,3336.45,18.97
ORD01229,CUST0069,PROD0099,2023-01-10,2023-09-30,5,17888,0,54.76,89496.36,Debit Card,Returned,East,Online,No,89496.36,0,89496.36,13707.12,54.76,-54.76,
ORD01799,CUST0088,PROD0022,2024-05-27,2024-05-25,1,21812,0,103.73,21916.41,Debit Card,In-Transit,South,In-Store,No,21916.41,21916.41,0,14768.15,14768.15,7148.26,32.62
ORD01619,CUST0069,PROD0095,2024-10-11,2024-10-16,3,14966,0,155.24,45054.41,Net Banking,Processing,West,Mobile App,No,45054.41,45054.41,0,11139.28,33417.84,11636.57,25.83
ORD01115,CUST0048,PROD0041,2024-01-12,2024-11-30,3,1025,0,30.56,3106.7,Net Banking,Delivered,South,In-Store,Yes,3106.7,3106.7,0,645.65,1936.95,1169.75,37.65
ORD00814,CUST0025,PROD0077,2024-06-17,2024-06-23,1,10379,0,118.36,10498.07,COD,Cancelled,West,Mobile App,No,10498.07,0,10498.07,8343.02,0,0,0
ORD00317,CUST0161,PROD0035,2024-08-31,2024-08-09,1,13720,15,242.44,11904.91,COD,Delivered,West,Online,Yes,11904.91,11904.91,0,8206.82,8206.82,3698.09,31.06
ORD01280,CUST0006,PROD0078,2023-09-26,2023-09-29,1,13015,5,191.85,12556.44,Credit Card,Processing,East,Online,No,12556.44,12556.44,0,10237.94,10237.94,2318.5,18.46
ORD01717,CUST0118,PROD0031,2023-11-18,2023-11-27,3,15661,0,71.19,47054.79,Debit Card,Shipped,West,Online,No,47054.79,47054.79,0,11664.97,34994.91,12059.88,25.63
ORD00517,CUST0157,PROD0016,2024-03-19,2024-03-29,5,9295,15,72.1,39578.99,COD,Returned,East,Mobile App,No,39578.99,0,39578.99,7676.48,72.1,-72.1,
ORD01848,CUST0178,PROD0079,2024-05-26,2024-05-25,2,14974,0,201.11,30149.59,Upi,Delivered,East,Online,Yes,30149.59,30149.59,0,11348.98,22697.96,7451.63,24.72
ORD01664,CUST0091,PROD0098,2024-04-02,2024-06-02,3,16965,5,31.29,50928.87,Debit Card,Delivered,West,In-Store,No,50928.87,50928.87,0,9723.88,29171.64,21757.23,42.72
ORD01563,CUST0086,PROD0029,2024-03-25,2024-03-04,2,13437,15,198.64,23042.87,Upi,Delivered,South,In-Store,No,23042.87,23042.87,0,10471.47,20942.94,2099.93,9.11
ORD00534,CUST0088,PROD0024,2024-11-29,2024-08-12,1,20116,5,47.53,20163.53,Credit Card,Delivered,West,Online,Yes,20163.53,20163.53,0,13124.34,13124.34,7039.19,34.91
ORD00174,CUST0128,PROD0012,2024-03-12,2024-10-12,3,1389,0,14.94,4183.44,COD,Cancelled,West,Mobile App,No,4183.44,0,4183.44,880.25,0,0,0
ORD01040,CUST0040,PROD0092,2024-11-11,2024-11-19,1,6775,0,183.56,6959.1,Upi,Shipped,South,Mobile App,No,6959.1,6959.1,0,4388.06,4388.06,2571.04,36.95
ORD00272,CUST0002,PROD0053,2024-10-16,2024-10-18,4,3950,0,138.95,15939.87,Net Banking,Delivered,North,In-Store,No,15939.87,15939.87,0,3082.66,12330.64,3609.23,22.64
ORD00549,CUST0113,PROD0024,2023-09-22,2023-02-10,2,20116,10,217.26,36426.06,Credit Card,Processing,North,In-Store,No,36426.06,36426.06,0,13124.34,26248.68,10177.38,27.94
ORD00669,CUST0156,PROD0067,2024-11-14,2024-11-18,1,12277,0,147.59,12425.19,COD,Processing,East,Online,Yes,12425.19,12425.19,0,7295.88,7295.88,5129.31,41.28
ORD01633,CUST0189,PROD0056,2024-03-29,2024-04-01,2,24757,5,119.49,47194.7,Debit Card,In-Transit,South,In-Store,Yes,47194.7,47194.7,0,14778.47,29556.94,17637.76,37.37
ORD00454,CUST0161,PROD0082,2024-10-09,2024-09-16,2,13459,5,55.16,26973.2,Upi,Delivered,West,Online,No,26973.2,26973.2,0,8946.5,17893,9080.2,33.66
ORD00607,CUST0129,PROD0048,2024-04-29,2024-05-08,3,14926,15,27.92,38091.18,Credit Card,Cancelled,North,Mobile App,No,38091.18,0,38091.18,10203.52,0,0,0
ORD01693,CUST0184,PROD0055,2023-12-28,2024-07-01,2,18803,15,37.34,32003.95,Credit Card,Shipped,East,In-Store,No,32003.95,32003.95,0,10705.96,21411.92,10592.03,33.1
ORD01626,CUST0076,PROD0061,2024-08-18,2024-08-22,1,18867,0,180.25,19047.46,Net Banking,Cancelled,East,Mobile App,No,19047.46,0,19047.46,12487.72,0,0,0
ORD00805,CUST0161,PROD0009,2024-04-30,2024-04-05,5,9274,5,230.77,44285.97,Debit Card,Processing,South,Mobile App,No,44285.97,44285.97,0,7186.87,35934.35,8351.62,18.86
ORD00599,CUST0152,PROD0074,2024-12-12,2024-12-16,4,4666,5,208.52,18875.36,Debit Card,Returned,South,Online,No,18875.36,0,18875.36,3305.65,208.52,-208.52,
ORD01034,CUST0182,PROD0020,2024-06-14,2024-06-24,4,9020,0,226.62,36308.3,Debit Card,Cancelled,East,Mobile App,No,36308.3,0,36308.3,5528.06,0,0,0
ORD01599,CUST0062,PROD0058,2024-01-30,2024-05-02,2,9834,0,189.01,19857.15,Credit Card,Delivered,East,Mobile App,No,19857.15,19857.15,0,6032.58,12065.16,7791.99,39.24
ORD01264,CUST0165,PROD0022,2023-03-17,2023-03-22,3,21812,0,56.44,65494.48,COD,In-Transit,North,In-Store,No,65494.48,65494.48,0,14768.15,44304.45,21190.03,32.35
ORD00752,CUST0054,PROD0039,2024-03-14,2024-03-21,5,15091,0,169.78,75625.53,Upi,Returned,South,Online,No,75625.53,0,75625.53,12191.32,169.78,-169.78,
ORD00571,CUST0098,PROD0012,2024-12-22,2024-12-25,3,1389,0,163.73,4332.23,COD,Shipped,North,In-Store,Yes,4332.23,4332.23,0,880.25,2640.75,1691.48,39.04
ORD00976,CUST0166,PROD0051,2024-01-15,2024-01-17,1,4843,0,176.02,5019.04,COD,Processing,North,In-Store,No,5019.04,5019.04,0,3819.21,3819.21,1199.83,23.91
ORD00075,CUST0182,PROD0072,2024-11-12,2024-12-18,3,22878,5,166.38,65370.22,COD,Cancelled,North,Online,No,65370.22,0,65370.22,14012.9,0,0,0
ORD00062,CUST0105,PROD0004,2023-08-27,2023-02-09,3,10787,0,237.75,32600.34,Net Banking,Shipped,East,Online,No,32600.34,32600.34,0,7012.9,21038.7,11561.64,35.46
ORD01835,CUST0061,PROD0065,2024-07-04,2024-06-04,1,1226,0,119.49,1278.89,Credit Card,Shipped,West,Online,No,1278.89,1278.89,0,713.8,713.8,565.09,44.19
ORD00537,CUST0052,PROD0043,2023-02-03,2023-02-03,2,11229,15,231.04,19320.36,Credit Card,Cancelled,South,Online,Yes,19320.36,0,19320.36,7493.43,0,0,0
ORD00078,CUST0123,PROD0074,2024-10-28,2024-07-11,2,4666,0,112.82,9446.24,Upi,Delivered,South,In-Store,Yes,9446.24,9446.24,0,3305.65,6611.3,2834.94,30.01
ORD00810,CUST0129,PROD0099,2024-07-01,2024-06-07,1,17888,0,120.31,18008.63,Debit Card,Returned,North,Mobile App,No,18008.63,0,18008.63,13707.12,120.31,-120.31,
ORD00245,CUST0185,PROD0006,2024-02-20,2024-02-19,2,6650,5,235.02,13536.24,Net Banking,Processing,North,Online,No,13536.24,13536.24,0,5343.94,10687.88,2848.36,21.04
ORD01439,CUST0010,PROD0076,2023-02-23,2023-01-03,2,16298,0,138.26,32735.58,Credit Card,Delivered,West,Mobile App,No,32735.58,32735.58,0,11481.47,22962.94,9772.64,29.85
ORD00106,CUST0039,PROD0012,2024-07-06,2024-06-06,1,1389,10,161.08,1411.63,Credit Card,Shipped,South,Mobile App,No,1411.63,1411.63,0,880.25,880.25,531.38,37.64
ORD00674,CUST0194,PROD0072,2024-05-07,2024-05-07,4,22878,0,49.65,91563.81,Upi,Cancelled,East,Online,No,91563.81,0,91563.81,14012.9,0,0,0
ORD00643,CUST0125,PROD0007,2024-06-25,2024-06-23,1,2136,15,4.05,1820.21,Debit Card,Processing,South,Mobile App,No,1820.21,1820.21,0,1243.29,1243.29,576.92,31.7
ORD01279,CUST0166,PROD0082,2024-03-15,2024-03-17,1,13459,0,2.74,13461.76,Debit Card,Processing,North,In-Store,No,13461.76,13461.76,0,8946.5,8946.5,4515.26,33.54
ORD00666,CUST0040,PROD0010,2023-12-16,2023-12-18,1,9930,20,209.49,8153.53,Net Banking,Shipped,West,In-Store,No,8153.53,8153.53,0,7617.78,7617.78,535.75,6.57
ORD00510,CUST0104,PROD0023,2024-08-31,2024-02-09,1,24502,5,129.65,24632.21,Credit Card,Processing,North,In-Store,No,24632.21,24632.21,0,14497.4,14497.4,10134.81,41.14
ORD00132,CUST0085,PROD0046,2023-12-05,2023-05-20,2,6541,0,71.28,13153.92,COD,Processing,East,In-Store,Yes,13153.92,13153.92,0,5338.05,10676.1,2477.82,18.84
ORD00445,CUST0131,PROD0055,2024-10-21,2024-10-19,2,18803,0,67.31,37675.09,Credit Card,Delivered,South,In-Store,No,37675.09,37675.09,0,10705.96,21411.92,16263.17,43.17
ORD00867,CUST0200,PROD0029,2023-10-29,2023-08-11,1,13437,20,101.05,10851.27,Net Banking,Delivered,East,Mobile App,No,10851.27,10851.27,0,10471.47,10471.47,379.8,3.5
ORD00270,CUST0155,PROD0078,2024-07-06,2024-05-06,3,13015,20,36.99,31273.85,Net Banking,Returned,South,In-Store,No,31273.85,0,31273.85,10237.94,36.99,-36.99,
ORD01767,CUST0148,PROD0066,2023-01-30,2023-08-02,1,16714,5,180.34,16059.21,Net Banking,Processing,North,Mobile App,No,16059.21,16059.21,0,11527.69,11527.69,4531.52,28.22
ORD00058,CUST0183,PROD0074,2024-04-10,2024-10-03,5,4666,5,127.7,23461.25,COD,Processing,South,In-Store,Yes,23461.25,23461.25,0,3305.65,16528.25,6933,29.55
ORD01649,CUST0129,PROD0007,2024-02-10,2024-02-15,5,2136,5,147.14,10296.27,Upi,Cancelled,South,In-Store,No,10296.27,0,10296.27,1243.29,0,0,0
ORD01532,CUST0165,PROD0080,2023-11-03,2023-03-13,1,2998,5,172.91,3021.2,Credit Card,Cancelled,North,Online,No,3021.2,0,3021.2,2141.84,0,0,0
ORD01126,CUST0079,PROD0018,2024-10-23,2024-10-28,3,21702,0,60.84,65168.4,Credit Card,Returned,South,Online,No,65168.4,0,65168.4,12543.29,60.84,-60.84,
ORD00087,CUST0156,PROD0088,2024-11-12,2024-12-15,1,16043,20,222.39,13056.85,Credit Card,Cancelled,North,Mobile App,No,13056.85,0,13056.85,10616.05,0,0,0
ORD00754,CUST0155,PROD0061,2023-05-02,2023-08-02,2,18867,5,54.14,37788.56,Credit Card,Returned,West,Online,No,37788.56,0,37788.56,12487.72,54.14,-54.14,
ORD00772,CUST0042,PROD0012,2024-07-08,2024-08-16,2,1389,5,31.14,2810.14,Debit Card,Shipped,South,Online,No,2810.14,2810.14,0,880.25,1760.5,1049.64,37.35
ORD01224,CUST0103,PROD0015,2024-02-12,2024-11-12,4,6720,0,118.5,27000.3,Upi,Delivered,North,In-Store,No,27000.3,27000.3,0,4712.77,18851.08,8149.22,30.18
ORD00709,CUST0177,PROD0032,2023-04-27,2023-05-05,1,8752,5,24.27,8777.14,COD,In-Transit,South,Online,No,8777.14,8777.14,0,6910.99,6910.99,1866.15,21.26
ORD01549,CUST0103,PROD0089,2024-09-13,2024-09-16,1,21184,0,64.29,21248.8,Debit Card,Shipped,North,Online,Yes,21248.8,21248.8,0,14354.61,14354.61,6894.19,32.45
ORD01332,CUST0031,PROD0046,2024-08-19,2024-08-24,3,6541,5,176.6,19800.56,Net Banking,In-Transit,West,Mobile App,No,19800.56,19800.56,0,5338.05,16014.15,3786.41,19.12
ORD01554,CUST0056,PROD0082,2023-02-27,2023-03-06,3,13459,5,31.52,38389.73,COD,Returned,East,Mobile App,No,38389.73,0,38389.73,8946.5,31.52,-31.52,
ORD00539,CUST0137,PROD0078,2024-01-24,2024-01-02,1,13015,5,13.04,13028.4,Credit Card,Processing,South,Mobile App,No,13028.4,13028.4,0,10237.94,10237.94,2790.46,21.42
ORD01428,CUST0033,PROD0089,2024-05-07,2024-05-12,1,21184,20,49.6,16997.21,Credit Card,In-Transit,North,In-Store,No,16997.21,16997.21,0,14354.61,14354.61,2642.6,15.55
ORD01172,CUST0038,PROD0060,2023-09-13,2023-11-09,4,21989,5,76.68,83634.88,COD,Delivered,East,In-Store,No,83634.88,83634.88,0,13181.61,52726.44,30908.44,36.96
ORD01545,CUST0164,PROD0052,2023-06-24,2023-02-07,4,3087,20,238.65,10120.06,COD,Delivered,North,Mobile App,No,10120.06,10120.06,0,1854.64,7418.56,2701.5,26.69
ORD01299,CUST0151,PROD0027,2023-04-17,2023-04-23,2,6491,5,187.14,13170.52,Net Banking,Cancelled,North,In-Store,Yes,13170.52,0,13170.52,3613.09,0,0,0
ORD00419,CUST0077,PROD0085,2023-06-13,2023-11-06,1,4165,20,84.35,3416.65,COD,Shipped,North,Online,No,3416.65,3416.65,0,2640.63,2640.63,776.02,22.71
ORD01694,CUST0173,PROD0009,2024-03-23,2024-03-31,1,9274,5,153.27,9428.05,COD,In-Transit,South,Mobile App,No,9428.05,9428.05,0,7186.87,7186.87,2241.18,23.77
ORD01450,CUST0070,PROD0077,2024-12-21,2024-12-29,1,10379,5,140.29,10520,Credit Card,Processing,West,Online,No,10520,10520,0,8343.02,8343.02,2176.98,20.69
ORD00852,CUST0198,PROD0029,2023-04-22,2023-04-25,2,13437,0,207.6,27083.16,COD,Cancelled,North,Mobile App,Yes,27083.16,0,27083.16,10471.47,0,0,0
ORD01738,CUST0009,PROD0011,2023-01-13,2023-01-21,1,13029,5,91.12,13120.12,COD,Cancelled,West,In-Store,No,13120.12,0,13120.12,9186.1,0,0,0
ORD01715,CUST0100,PROD0013,2024-03-12,2024-12-11,2,7082,15,164.4,12204.56,Debit Card,In-Transit,South,Mobile App,No,12204.56,12204.56,0,4333.79,8667.58,3536.98,28.98
ORD01680,CUST0196,PROD0025,2024-06-27,2024-06-29,4,15641,0,191.04,62758.84,Credit Card,Shipped,North,In-Store,No,62758.84,62758.84,0,11470.44,45881.76,16877.08,26.89
ORD01751,CUST0064,PROD0067,2024-09-09,2024-07-09,1,12277,0,210.07,12487.67,COD,Cancelled,East,Online,Yes,12487.67,0,12487.67,7295.88,0,0,0
ORD01756,CUST0142,PROD0088,2024-06-18,2024-06-18,3,16043,0,19.01,48148.25,Upi,Processing,North,Online,No,48148.25,48148.25,0,10616.05,31848.15,16300.1,33.85
ORD01718,CUST0109,PROD0079,2023-04-12,2023-02-12,2,14974,15,78.49,25534.7,Credit Card,Returned,North,Online,No,25534.7,0,25534.7,11348.98,78.49,-78.49,
ORD01784,CUST0119,PROD0003,2023-01-14,2023-01-17,2,5104,20,228.5,8395.14,Debit Card,Shipped,West,Online,No,8395.14,8395.14,0,3913.93,7827.86,567.28,6.76
ORD00305,CUST0017,PROD0046,2024-06-03,2024-03-13,1,6541,15,113.32,5673.44,Upi,Shipped,North,Mobile App,Yes,5673.44,5673.44,0,5338.05,5338.05,335.39,5.91
ORD01507,CUST0183,PROD0049,2024-03-19,2024-03-26,4,17373,0,193.84,69687.08,Credit Card,Processing,,In-Store,Yes,69687.08,69687.08,0,14247.06,56988.24,12698.84,18.22
ORD00336,CUST0148,PROD0008,2024-10-08,2024-10-17,1,15504,10,119.49,14058.65,Net Banking,Processing,East,Mobile App,No,14058.65,14058.65,0,8746.91,8746.91,5311.74,37.78
ORD00996,CUST0001,PROD0011,2024-11-13,2024-11-13,1,13029,5,225.28,13254.28,COD,Delivered,South,Mobile App,No,13254.28,13254.28,0,9186.1,9186.1,4068.18,30.69
ORD00089,CUST0096,PROD0008,2024-06-11,2024-06-21,1,15504,0,119.49,15582.02,Debit Card,Delivered,West,Online,No,15582.02,15582.02,0,8746.91,8746.91,6835.11,43.87
ORD00875,CUST0172,PROD0017,2024-02-09,2024-02-09,3,5329,0,138.87,16127.49,Credit Card,Delivered,East,Mobile App,Yes,16127.49,16127.49,0,2960.88,8882.64,7244.85,44.92
ORD01618,CUST0130,PROD0064,2023-05-26,2023-05-27,1,13808,5,99.47,13217.5,Credit Card,Shipped,East,Online,No,13217.5,13217.5,0,8917.95,8917.95,4299.55,32.53
ORD01514,CUST0067,PROD0080,2024-03-26,2024-03-25,1,2998,0,240.84,3239.04,Net Banking,Delivered,South,Online,No,3239.04,3239.04,0,2141.84,2141.84,1097.2,33.87
ORD01735,CUST0180,PROD0016,2024-04-27,2024-04-25,1,9295,20,121.47,7558.06,Credit Card,Returned,North,Online,No,7558.06,0,7558.06,7676.48,121.47,-121.47,
ORD01372,CUST0127,PROD0015,2023-07-28,2023-07-28,1,6720,10,231.56,6279.97,Credit Card,Returned,West,Mobile App,No,6279.97,0,6279.97,4712.77,231.56,-231.56,
ORD00222,CUST0143,PROD0084,2023-03-14,2023-03-24,2,12225,5,100.2,24551.48,Upi,Shipped,South,Online,No,24551.48,24551.48,0,8993.95,17987.9,6563.58,26.73
ORD01744,CUST0180,PROD0067,2024-01-16,2024-01-26,1,12277,10,102.59,11152.43,Debit Card,Delivered,South,In-Store,No,11152.43,11152.43,0,7295.88,7295.88,3856.55,34.58
ORD00879,CUST0102,PROD0038,2024-06-06,2024-04-06,1,7505,20,68.85,6073.41,Net Banking,Delivered,East,Online,No,6073.41,6073.41,0,5349.26,5349.26,724.15,11.92
ORD01790,CUST0126,PROD0099,2023-01-04,2023-01-04,1,17888,20,57,14367.66,Debit Card,Cancelled,West,Mobile App,No,14367.66,0,14367.66,13707.12,0,0,0
ORD00826,CUST0106,PROD0015,2023-10-22,2023-10-22,2,6720,10,44.27,12141.08,Debit Card,Returned,West,Mobile App,No,12141.08,0,12141.08,4712.77,44.27,-44.27,
ORD01458,CUST0009,PROD0046,2023-01-25,2023-04-02,2,6541,15,199.93,11320.17,Credit Card,In-Transit,North,Online,No,11320.17,11320.17,0,5338.05,10676.1,644.07,5.69
ORD00139,CUST0124,PROD0078,2023-07-01,2023-01-13,1,13015,5,41.4,13056.76,COD,Delivered,West,Online,Yes,13056.76,13056.76,0,10237.94,10237.94,2818.82,21.59
ORD00164,CUST0196,PROD0011,2023-04-17,2023-04-19,1,13029,0,163.71,13192.71,Net Banking,Delivered,North,Online,Yes,13192.71,13192.71,0,9186.1,9186.1,4006.61,30.37
ORD01698,CUST0174,PROD0040,2023-10-01,2023-11-01,2,18476,0,63.56,37015.68,Debit Card,Processing,West,Online,No,37015.68,37015.68,0,13298.28,26596.56,10419.12,28.15
ORD00961,CUST0151,PROD0094,2024-01-31,2024-10-02,1,5579,0,115.3,5694.96,Debit Card,Delivered,South,Mobile App,No,5694.96,5694.96,0,3288.4,3288.4,2406.56,42.26
ORD01692,CUST0164,PROD0072,2023-05-23,2023-05-29,5,22878,5,240.39,108913.46,Debit Card,Delivered,East,Mobile App,No,108913.46,108913.46,0,14012.9,70064.5,38848.96,35.67
ORD01234,CUST0133,PROD0048,2024-06-13,2024-06-22,1,14926,0,37.29,14964.06,Debit Card,Cancelled,North,Mobile App,No,14964.06,0,14964.06,10203.52,0,0,0
ORD01171,CUST0042,PROD0046,2023-09-20,2023-09-27,1,6541,0,242.47,6783.79,Net Banking,Shipped,South,In-Store,No,6783.79,6783.79,0,5338.05,5338.05,1445.74,21.31
ORD01361,CUST0121,PROD0076,2024-10-16,2024-10-17,1,16298,0,103.82,16402.48,COD,Shipped,West,Online,No,16402.48,16402.48,0,11481.47,11481.47,4921.01,30
ORD01529,CUST0150,PROD0097,2024-11-12,2024-11-15,4,18995,0,19.67,76000.95,Credit Card,Returned,South,Mobile App,No,76000.95,0,76000.95,14670.87,19.67,-19.67,
ORD01793,CUST0102,PROD0065,2023-10-09,2023-09-14,1,1226,10,231.22,1335.07,COD,Shipped,South,Mobile App,No,1335.07,1335.07,0,713.8,713.8,621.27,46.53
ORD01180,CUST0199,PROD0016,2024-02-07,2024-03-07,5,9295,15,209.38,39716.27,Credit Card,Shipped,West,Online,No,39716.27,39716.27,0,7676.48,38382.4,1333.87,3.36
ORD00656,CUST0132,PROD0017,2023-05-27,2023-05-28,1,5329,0,179.32,5508.86,Debit Card,Cancelled,West,Mobile App,No,5508.86,0,5508.86,2960.88,0,0,0
ORD00017,CUST0150,PROD0075,2024-03-03,2024-05-03,1,5250,5,82.47,5070.5,Debit Card,Returned,West,Online,No,5070.5,0,5070.5,4357.65,82.47,-82.47,
ORD01620,CUST0159,PROD0017,2023-12-25,2023-12-24,1,5329,0,29.79,5359.33,COD,Returned,North,Mobile App,No,5359.33,0,5359.33,2960.88,29.79,-29.79,
ORD01157,CUST0067,PROD0050,2023-09-08,2023-06-09,1,17713,0,230.34,17944.01,Debit Card,Returned,South,Online,Yes,17944.01,0,17944.01,11469.96,230.34,-230.34,
ORD00138,CUST0181,PROD0067,2024-10-10,2024-12-10,2,12277,0,94.16,24649.36,Net Banking,Cancelled,South,Mobile App,No,24649.36,0,24649.36,7295.88,0,0,0
ORD01286,CUST0014,PROD0045,2024-06-23,2024-06-28,1,13766,15,32.24,11733.85,Debit Card,Delivered,East,Mobile App,Yes,11733.85,11733.85,0,9947.7,9947.7,1786.15,15.22
ORD00698,CUST0075,PROD0065,2023-07-03,2023-07-08,1,1226,5,83.97,1249.14,Debit Card,Returned,East,In-Store,Yes,1249.14,0,1249.14,713.8,83.97,-83.97,
ORD01098,CUST0071,PROD0010,2024-05-06,2024-06-06,1,9930,10,28.14,8965.18,COD,Processing,West,In-Store,No,8965.18,8965.18,0,7617.78,7617.78,1347.4,15.03
ORD01605,CUST0018,PROD0028,2024-06-15,2024-06-15,4,20039,5,8.44,80166.96,COD,Shipped,East,In-Store,No,80166.96,80166.96,0,12603.73,50414.92,29752.04,37.11
ORD00449,CUST0184,PROD0016,2024-03-22,2024-03-21,5,9295,20,130.94,37313.9,Credit Card,Processing,North,Mobile App,No,37313.9,37313.9,0,7676.48,38382.4,-1068.5,-2.86
ORD00328,CUST0166,PROD0045,2024-04-04,2024-04-13,4,13766,0,40.33,55106.73,Upi,Processing,West,In-Store,No,55106.73,55106.73,0,9947.7,39790.8,15315.93,27.79
ORD00318,CUST0083,PROD0008,2023-03-14,2023-03-20,4,15504,0,99.71,62116.67,Upi,Shipped,East,Online,No,62116.67,62116.67,0,8746.91,34987.64,27129.03,43.67
ORD00527,CUST0052,PROD0061,2024-06-05,2024-08-05,2,18867,0,239.77,37974.19,Upi,Cancelled,East,Online,No,37974.19,0,37974.19,12487.72,0,0,0
ORD00088,CUST0126,PROD0090,2024-02-12,2024-01-12,2,12088,0,75.12,24251.78,Debit Card,Returned,West,Online,No,24251.78,0,24251.78,9190.14,75.12,-75.12,
ORD01625,CUST0029,PROD0044,2024-02-20,2024-03-01,2,15370,5,119.49,29427.09,Debit Card,Returned,North,Mobile App,No,29427.09,0,29427.09,9076.55,119.49,-119.49,
ORD00149,CUST0103,PROD0079,2024-02-11,2024-08-11,2,14974,0,236.43,30184.91,Net Banking,Shipped,West,Online,No,30184.91,30184.91,0,11348.98,22697.96,7486.95,24.8
ORD01612,CUST0152,PROD0017,2023-06-22,2023-06-21,2,5329,0,229.26,10888.34,Upi,Cancelled,West,In-Store,No,10888.34,0,10888.34,2960.88,0,0,0
ORD01200,CUST0195,PROD0003,2023-10-08,2023-08-20,1,5104,20,230.96,4314.28,Debit Card,Processing,West,In-Store,No,4314.28,4314.28,0,3913.93,3913.93,400.35,9.28
ORD01634,CUST0045,PROD0066,2024-04-25,2024-05-01,2,16714,15,114.17,28528.99,Credit Card,Returned,West,Mobile App,No,28528.99,0,28528.99,11527.69,114.17,-114.17,
ORD00366,CUST0108,PROD0062,2024-09-27,2024-10-02,1,9273,5,34.42,8844.7,Upi,Shipped,West,In-Store,No,8844.7,8844.7,0,5255.74,5255.74,3588.96,40.58
ORD00590,CUST0192,PROD0083,2024-07-12,2024-07-22,1,17414,0,92.38,17506.43,Credit Card,Cancelled,South,Online,No,17506.43,0,17506.43,12254.66,0,0,0
ORD01503,CUST0081,PROD0040,2023-01-15,2023-01-14,1,18476,0,162.2,18638.26,Debit Card,Delivered,North,In-Store,No,18638.26,18638.26,0,13298.28,13298.28,5339.98,28.65
ORD00199,CUST0177,PROD0042,2024-04-13,2024-04-14,4,17560,20,194.05,56389.12,COD,Processing,North,In-Store,Yes,56389.12,56389.12,0,12010.2,48040.8,8348.32,14.8
ORD00193,CUST0183,PROD0003,2023-10-02,2023-11-02,1,5104,10,83.39,4677.12,Debit Card,Returned,North,Online,No,4677.12,0,4677.12,3913.93,83.39,-83.39,
ORD00405,CUST0109,PROD0022,2024-03-13,2024-03-15,2,21812,20,146.52,35046.81,Credit Card,Shipped,West,Mobile App,No,35046.81,35046.81,0,14768.15,29536.3,5510.51,15.72
ORD01565,CUST0154,PROD0089,2023-06-06,2023-06-15,1,21184,15,102.19,18109.02,Upi,Cancelled,West,In-Store,No,18109.02,0,18109.02,14354.61,0,0,0
ORD00484,CUST0094,PROD0003,2023-06-11,2023-08-11,1,5104,0,174.83,5278.98,Upi,Delivered,East,Online,No,5278.98,5278.98,0,3913.93,3913.93,1365.05,25.86
ORD00792,CUST0131,PROD0039,2024-05-25,2024-03-06,4,15091,0,238.03,60602.63,Debit Card,Shipped,West,In-Store,No,60602.63,60602.63,0,12191.32,48765.28,11837.35,19.53
ORD00800,CUST0198,PROD0043,2024-05-12,2024-12-08,2,11229,5,108.83,22566.85,Net Banking,Processing,North,Mobile App,No,22566.85,22566.85,0,7493.43,14986.86,7579.99,33.59
ORD00385,CUST0037,PROD0058,2023-07-03,2023-03-11,2,9834,15,227.58,16945.5,Net Banking,Cancelled,North,Online,No,16945.5,0,16945.5,6032.58,0,0,0
ORD00751,CUST0008,PROD0038,2023-04-05,2023-05-05,1,7505,0,16.76,7522.46,Credit Card,Processing,North,Mobile App,No,7522.46,7522.46,0,5349.26,5349.26,2173.2,28.89
ORD00423,CUST0071,PROD0081,2024-10-30,2024-11-04,3,3839,0,30,11547.15,Net Banking,Shipped,South,In-Store,No,11547.15,11547.15,0,2182.74,6548.22,4998.93,43.29
ORD00315,CUST0032,PROD0045,2023-04-06,2023-04-07,2,13766,0,208.74,27741.94,Credit Card,Returned,South,In-Store,No,27741.94,0,27741.94,9947.7,208.74,-208.74,
ORD01022,CUST0183,PROD0011,2024-11-04,2024-11-11,4,13029,10,55.15,46959.55,Debit Card,Returned,East,Mobile App,Yes,46959.55,0,46959.55,9186.1,55.15,-55.15,
ORD00544,CUST0151,PROD0050,2023-04-11,2023-03-11,1,17713,10,119.49,16155.94,Credit Card,Processing,East,In-Store,No,16155.94,16155.94,0,11469.96,11469.96,4685.98,29
ORD00914,CUST0072,PROD0039,2023-08-30,2023-03-09,1,15091,15,27.37,12854.85,Credit Card,Delivered,East,Mobile App,No,12854.85,12854.85,0,12191.32,12191.32,663.53,5.16
ORD00663,CUST0083,PROD0018,2023-04-11,2023-11-02,1,21702,10,177.09,19709.36,Credit Card,Delivered,West,In-Store,No,19709.36,19709.36,0,12543.29,12543.29,7166.07,36.36
ORD00903,CUST0109,PROD0058,2024-10-14,2024-10-24,5,9834,10,160.79,44414.11,Credit Card,Cancelled,North,In-Store,Yes,44414.11,0,44414.11,6032.58,0,0,0
ORD01389,CUST0110,PROD0002,2024-01-22,2024-01-21,1,10538,20,82.89,8513.81,Credit Card,Cancelled,South,In-Store,No,8513.81,0,8513.81,8006.01,0,0,0
ORD00686,CUST0008,PROD0080,2023-09-02,2023-02-15,1,2998,10,233.76,2932.14,Debit Card,Processing,East,In-Store,No,2932.14,2932.14,0,2141.84,2141.84,790.3,26.95
ORD01667,CUST0007,PROD0069,2024-09-09,2024-09-13,3,18001,10,101.75,48706.58,Credit Card,Shipped,West,Mobile App,No,48706.58,48706.58,0,12936.13,38808.39,9898.19,20.32
ORD00160,CUST0177,PROD0021,2023-03-03,2023-04-03,2,6518,5,209.74,13247.48,Debit Card,Cancelled,North,Online,No,13247.48,0,13247.48,3663.61,0,0,0
ORD01587,CUST0114,PROD0093,2024-03-15,2024-03-21,2,6077,0,134.26,12289.1,Credit Card,Shipped,East,In-Store,No,12289.1,12289.1,0,4427.74,8855.48,3433.62,27.94
ORD01766,CUST0158,PROD0034,2023-11-17,2023-11-24,2,11290,0,105.44,22686.1,Credit Card,Delivered,North,In-Store,No,22686.1,22686.1,0,8602.89,17205.78,5480.32,24.16
ORD00203,CUST0030,PROD0091,2024-05-04,2024-04-13,3,18810,0,130.95,56563.02,Credit Card,Delivered,South,In-Store,No,56563.02,56563.02,0,11590.5,34771.5,21791.52,38.53
ORD01024,CUST0185,PROD0035,2024-01-14,2024-01-19,4,13720,10,124.84,49518.82,Upi,Shipped,South,In-Store,No,49518.82,49518.82,0,8206.82,32827.28,16691.54,33.71
ORD01524,CUST0127,PROD0099,2024-01-19,2024-01-26,2,17888,10,162.52,32361.5,COD,Returned,North,Online,No,32361.5,0,32361.5,13707.12,162.52,-162.52,
ORD00113,CUST0088,PROD0047,2023-02-25,2023-02-26,5,1927,15,140.04,8332.64,Debit Card,Delivered,South,Mobile App,Yes,8332.64,8332.64,0,1218.11,6090.55,2242.09,26.91
ORD01796,CUST0006,PROD0075,2023-07-18,2023-07-23,1,5250,0,101.6,5352.16,Debit Card,Delivered,West,Mobile App,Yes,5352.16,5352.16,0,4357.65,4357.65,994.51,18.58
ORD01226,CUST0067,PROD0037,2024-12-30,2024-12-29,4,8588,10,34.3,30952.43,COD,Shipped,West,In-Store,No,30952.43,30952.43,0,5237.56,20950.24,10002.19,32.31
ORD00981,CUST0076,PROD0050,2024-09-08,2024-08-09,1,17713,0,135.45,17849.12,Upi,Shipped,East,In-Store,No,17849.12,17849.12,0,11469.96,11469.96,6379.16,35.74
ORD00923,CUST0159,PROD0008,2024-03-29,2024-04-03,1,15504,20,106.55,12509.94,COD,Delivered,South,Mobile App,No,12509.94,12509.94,0,8746.91,8746.91,3763.03,30.08
ORD01476,CUST0191,PROD0040,2024-10-15,2024-10-18,1,18476,0,148.61,18624.67,Credit Card,Processing,West,Mobile App,No,18624.67,18624.67,0,13298.28,13298.28,5326.39,28.6
ORD01579,CUST0109,PROD0057,2024-02-16,2024-02-24,2,12771,15,249.55,21961.41,Net Banking,Processing,East,Online,No,21961.41,21961.41,0,8626.93,17253.86,4707.55,21.44
ORD01409,CUST0031,PROD0003,2023-11-11,2023-11-15,1,5104,15,1.45,4339.98,Credit Card,Delivered,North,Online,No,4339.98,4339.98,0,3913.93,3913.93,426.05,9.82
ORD01740,CUST0104,PROD0037,2023-04-26,2023-04-29,2,8588,5,72.93,17249.67,Debit Card,Returned,East,Online,No,17249.67,0,17249.67,5237.56,72.93,-72.93,
ORD00816,CUST0077,PROD0053,2023-01-24,2023-01-22,2,3950,15,46.19,6761.58,Credit Card,Shipped,South,Mobile App,No,6761.58,6761.58,0,3082.66,6165.32,596.26,8.82
ORD01448,CUST0190,PROD0069,2023-01-26,2023-01-29,1,18001,0,229.61,18231.4,Net Banking,Returned,West,In-Store,No,18231.4,0,18231.4,12936.13,229.61,-229.61,
ORD01422,CUST0099,PROD0057,2023-12-31,2024-07-01,1,12771,5,166,12299.1,Upi,Returned,West,Mobile App,No,12299.1,0,12299.1,8626.93,166,-166,
ORD00680,CUST0185,PROD0036,2024-06-08,2024-08-08,1,1072,5,107.71,1179.89,Debit Card,Cancelled,West,In-Store,Yes,1179.89,0,1179.89,748.66,0,0,0
ORD01094,CUST0152,PROD0054,2024-08-16,2024-08-22,2,16339,10,87.49,29499.22,Upi,Cancelled,South,Mobile App,No,29499.22,0,29499.22,10050.81,0,0,0
ORD00081,CUST0007,PROD0027,2023-06-24,2023-02-07,2,6491,0,118.39,13101.77,COD,Returned,East,In-Store,No,13101.77,0,13101.77,3613.09,118.39,-118.39,
ORD01749,CUST0133,PROD0084,2024-09-25,2024-09-30,1,12225,5,235.18,12460.82,Credit Card,Shipped,North,Online,No,12460.82,12460.82,0,8993.95,8993.95,3466.87,27.82
ORD01335,CUST0140,PROD0037,2024-10-27,2024-10-26,5,8588,10,185.18,38832.85,Credit Card,Delivered,North,Mobile App,No,38832.85,38832.85,0,5237.56,26187.8,12645.05,32.56
ORD01523,CUST0092,PROD0060,2024-04-17,2024-04-21,1,21989,20,222.55,17813.75,COD,Returned,West,Online,Yes,17813.75,0,17813.75,13181.61,222.55,-222.55,
ORD00753,CUST0090,PROD0088,2024-05-17,2024-05-15,4,16043,0,240.69,64413.01,COD,Delivered,West,Online,No,64413.01,64413.01,0,10616.05,42464.2,21948.81,34.08
ORD01347,CUST0179,PROD0068,2024-01-18,2024-01-24,1,3558,0,24.98,3583.77,Credit Card,Delivered,North,In-Store,No,3583.77,3583.77,0,2455.4,2455.4,1128.37,31.49
ORD01055,CUST0155,PROD0076,2023-08-09,2023-09-18,2,16298,10,68.95,29406.54,Net Banking,Processing,West,In-Store,No,29406.54,29406.54,0,11481.47,22962.94,6443.6,21.91
ORD00243,CUST0118,PROD0098,2023-10-24,2023-01-11,2,16965,0,138.62,34070.34,Upi,Returned,South,Mobile App,No,34070.34,0,34070.34,9723.88,138.62,-138.62,
ORD01333,CUST0145,PROD0012,2023-06-12,2023-12-12,3,1389,10,160.63,3912.28,Credit Card,Returned,South,Mobile App,No,3912.28,0,3912.28,880.25,160.63,-160.63,
ORD00642,CUST0192,PROD0028,2023-08-07,2023-11-07,5,20039,5,115.2,95303.44,Credit Card,Delivered,East,Online,No,95303.44,95303.44,0,12603.73,63018.65,32284.79,33.88
ORD00697,CUST0197,PROD0025,2023-04-08,2023-08-13,3,15641,0,142.2,47068.05,COD,Delivered,East,Online,No,47068.05,47068.05,0,11470.44,34411.32,12656.73,26.89
ORD00280,CUST0169,PROD0066,2024-08-30,2024-09-04,5,16714,0,227.13,83800.13,COD,Shipped,West,In-Store,No,83800.13,83800.13,0,11527.69,57638.45,26161.68,31.22
ORD00771,CUST0111,PROD0031,2023-08-25,2023-08-30,2,15661,15,210.19,26834.23,Upi,Shipped,West,In-Store,No,26834.23,26834.23,0,11664.97,23329.94,3504.29,13.06
ORD01743,CUST0007,PROD0073,2024-09-24,2024-01-10,1,10432,20,52.27,8397.94,Credit Card,Delivered,South,Online,Yes,8397.94,8397.94,0,7531.52,7531.52,866.42,10.32
ORD00436,CUST0115,PROD0022,2024-11-21,2024-12-01,1,21812,5,43.7,20765.75,Credit Card,Cancelled,South,Mobile App,No,20765.75,0,20765.75,14768.15,0,0,0
ORD01064,CUST0010,PROD0039,2023-01-08,2023-04-08,1,15091,0,57.1,15148.25,Upi,Cancelled,South,In-Store,No,15148.25,0,15148.25,12191.32,0,0,0
ORD00975,CUST0047,PROD0001,2024-01-14,2024-01-16,3,21533,20,109.38,51790.84,Upi,Shipped,South,Online,No,51790.84,51790.84,0,13070.81,39212.43,12578.41,24.29
ORD00552,CUST0105,PROD0084,2024-01-19,2024-01-24,2,12225,0,119.49,24491.36,Upi,Returned,South,In-Store,No,24491.36,0,24491.36,8993.95,119.49,-119.49,
ORD01386,CUST0165,PROD0066,2024-11-21,2024-11-27,2,16714,0,96.38,33525.58,Debit Card,Returned,West,In-Store,No,33525.58,0,33525.58,11527.69,96.38,-96.38,
ORD01540,CUST0151,PROD0095,2023-04-15,2023-04-15,1,14966,15,38.68,12760.11,Credit Card,Cancelled,South,Mobile App,No,12760.11,0,12760.11,11139.28,0,0,0
ORD01014,CUST0057,PROD0017,2023-05-14,2023-05-23,5,5329,5,89.79,26737.49,Credit Card,Returned,South,Online,No,26737.49,0,26737.49,2960.88,89.79,-89.79,
ORD00467,CUST0016,PROD0083,2023-02-02,2023-09-02,1,17414,0,2.72,17416.77,Net Banking,Shipped,West,Online,Yes,17416.77,17416.77,0,12254.66,12254.66,5162.11,29.64
ORD01467,CUST0160,PROD0008,2024-10-03,2024-03-17,2,15504,0,150.88,31159.36,Upi,In-Transit,West,Online,No,31159.36,31159.36,0,8746.91,17493.82,13665.54,43.86
ORD01298,CUST0011,PROD0032,2024-12-24,2024-12-28,2,8752,15,158.57,15038.45,Net Banking,Shipped,South,In-Store,No,15038.45,15038.45,0,6910.99,13821.98,1216.47,8.09
ORD00278,CUST0107,PROD0059,2023-03-20,2023-03-19,1,2138,0,119.88,2258.01,Upi,Delivered,North,Online,Yes,2258.01,2258.01,0,1198.89,1198.89,1059.12,46.91
ORD01070,CUST0028,PROD0080,2024-09-07,2024-07-09,2,2998,0,96.58,6092.98,Upi,Returned,South,In-Store,No,6092.98,0,6092.98,2141.84,96.58,-96.58,
ORD01018,CUST0104,PROD0072,2024-01-13,2024-01-17,4,22878,5,238.51,91752.67,Upi,Cancelled,South,Online,No,91752.67,0,91752.67,14012.9,0,0,0
ORD01314,CUST0196,PROD0018,2023-07-12,2023-12-13,2,21702,0,117.16,43522.2,Net Banking,Shipped,,Online,No,43522.2,43522.2,0,12543.29,25086.58,18435.62,42.36
ORD00723,CUST0025,PROD0003,2024-05-02,2024-10-02,1,5104,10,84.33,4678.06,Debit Card,Shipped,West,In-Store,No,4678.06,4678.06,0,3913.93,3913.93,764.13,16.33
ORD00156,CUST0072,PROD0051,2023-08-16,2023-08-26,1,4843,0,131.43,4974.45,Credit Card,Returned,South,Mobile App,Yes,4974.45,0,4974.45,3819.21,131.43,-131.43,
ORD00787,CUST0056,PROD0081,2024-06-17,2024-06-20,1,3839,5,100.85,3939.9,COD,Delivered,West,Online,No,3939.9,3939.9,0,2182.74,2182.74,1757.16,44.6
ORD01536,CUST0037,PROD0046,2024-10-06,2024-06-13,2,6541,10,225.18,11999.56,Net Banking,Returned,South,Mobile App,No,11999.56,0,11999.56,5338.05,225.18,-225.18,
ORD01669,CUST0193,PROD0010,2024-03-31,2024-05-04,2,9930,5,78.3,19938.4,Credit Card,Delivered,South,Online,No,19938.4,19938.4,0,7617.78,15235.56,4702.84,23.59
ORD01295,CUST0161,PROD0093,2023-04-06,2023-04-06,5,6077,5,116.86,30503.96,Credit Card,Cancelled,East,Mobile App,Yes,30503.96,0,30503.96,4427.74,0,0,0
ORD00907,CUST0199,PROD0086,2024-09-04,2024-09-09,1,1008,5,182.39,1140.93,COD,Returned,East,Online,No,1140.93,0,1140.93,570.4,182.39,-182.39,
ORD00564,CUST0188,PROD0086,2023-04-30,2023-03-05,1,1008,5,181.84,1140.38,Credit Card,In-Transit,South,Online,No,1140.38,1140.38,0,570.4,570.4,569.98,49.98
ORD00389,CUST0022,PROD0071,2024-03-11,2024-04-11,5,1509,0,117.7,7663.95,Credit Card,Returned,East,In-Store,No,7663.95,0,7663.95,854.02,117.7,-117.7,
ORD00023,CUST0020,PROD0088,2023-10-15,2023-10-20,1,16043,0,232.19,16275.27,Upi,Delivered,North,In-Store,Yes,16275.27,16275.27,0,10616.05,10616.05,5659.22,34.77
ORD00125,CUST0062,PROD0083,2024-09-20,2024-09-27,2,17414,0,170.64,34998.74,Net Banking,Cancelled,,In-Store,No,34998.74,0,34998.74,12254.66,0,0,0
ORD01447,CUST0145,PROD0069,2023-04-19,2023-04-19,3,18001,15,155.62,46060.18,Debit Card,Delivered,East,In-Store,Yes,46060.18,46060.18,0,12936.13,38808.39,7251.79,15.74
ORD00774,CUST0053,PROD0087,2024-05-18,2024-05-22,1,3803,15,80.52,3313.77,COD,Delivered,North,Mobile App,No,3313.77,3313.77,0,2356.33,2356.33,957.44,28.89
ORD00881,CUST0189,PROD0063,2024-04-12,2024-12-11,5,6598,5,189.47,31531.11,Net Banking,Processing,South,Online,No,31531.11,31531.11,0,4189.32,20946.6,10584.51,33.57
ORD01145,CUST0098,PROD0073,2023-12-02,2023-02-21,1,10432,5,221.15,10653.24,COD,Shipped,East,Online,Yes,10653.24,10653.24,0,7531.52,7531.52,3121.72,29.3
ORD01167,CUST0039,PROD0034,2023-08-29,2023-01-09,1,11290,20,20.77,9053.03,Credit Card,Returned,East,Online,No,9053.03,0,9053.03,8602.89,20.77,-20.77,
ORD00051,CUST0157,PROD0084,2023-06-18,2023-06-23,3,12225,5,157.02,35000.09,Credit Card,Delivered,South,In-Store,Yes,35000.09,35000.09,0,8993.95,26981.85,8018.24,22.91
ORD01387,CUST0025,PROD0029,2024-07-11,2024-11-14,5,13437,10,119.49,60702.8,Net Banking,Cancelled,South,Online,No,60702.8,0,60702.8,10471.47,0,0,0
ORD01449,CUST0152,PROD0046,2024-10-02,2024-02-13,1,6541,5,119.49,6561.39,Upi,Delivered,North,Mobile App,Yes,6561.39,6561.39,0,5338.05,5338.05,1223.34,18.64
ORD01106,CUST0200,PROD0017,2023-04-30,2023-03-05,3,5329,20,218.06,13008.96,Credit Card,Processing,North,Mobile App,No,13008.96,13008.96,0,2960.88,8882.64,4126.32,31.72
ORD00704,CUST0096,PROD0083,2023-11-11,2023-12-11,4,17414,0,117.56,69773.76,Upi,Delivered,West,In-Store,No,69773.76,69773.76,0,12254.66,49018.64,20755.12,29.75
ORD00483,CUST0116,PROD0017,2024-11-10,2024-10-16,1,5329,0,54.66,5384.2,Debit Card,Shipped,South,Online,No,5384.2,5384.2,0,2960.88,2960.88,2423.32,45.01
ORD01146,CUST0146,PROD0022,2024-07-14,2024-07-24,1,21812,5,208.56,22021.24,Debit Card,Shipped,North,In-Store,No,22021.24,22021.24,0,14768.15,14768.15,7253.09,32.94
ORD00628,CUST0134,PROD0048,2024-01-23,2024-01-28,1,14926,5,43.85,14970.62,Debit Card,Delivered,North,In-Store,Yes,14970.62,14970.62,0,10203.52,10203.52,4767.1,31.84
ORD00067,CUST0027,PROD0018,2023-05-05,2023-03-05,1,21702,5,32.68,20650.07,Credit Card,Delivered,West,Mobile App,No,20650.07,20650.07,0,12543.29,12543.29,8106.78,39.26
ORD01710,CUST0158,PROD0066,2024-02-11,2024-02-17,1,16714,10,193.99,15237.13,COD,Delivered,West,In-Store,No,15237.13,15237.13,0,11527.69,11527.69,3709.44,24.34
ORD00734,CUST0140,PROD0008,2024-06-21,2024-06-25,4,15504,0,137.02,62153.98,Debit Card,Shipped,North,Mobile App,Yes,62153.98,62153.98,0,8746.91,34987.64,27166.34,43.71
ORD01773,CUST0052,PROD0004,2024-09-06,2024-06-18,1,10787,0,75.05,10862.58,Credit Card,Delivered,North,Mobile App,No,10862.58,10862.58,0,7012.9,7012.9,3849.68,35.44
ORD00802,CUST0193,PROD0073,2024-12-17,2024-12-17,1,10432,0,238.57,10670.66,COD,Returned,North,In-Store,No,10670.66,0,10670.66,7531.52,238.57,-238.57,
ORD01755,CUST0102,PROD0054,2023-03-21,2023-03-24,2,16339,15,155.65,27933.4,Debit Card,Delivered,North,Online,No,27933.4,27933.4,0,10050.81,20101.62,7831.78,28.04
ORD00032,CUST0065,PROD0085,2023-06-07,2023-06-16,4,4165,20,18.49,13347.67,Upi,Returned,North,Mobile App,No,13347.67,0,13347.67,2640.63,18.49,-18.49,
ORD00418,CUST0177,PROD0016,2023-08-10,2023-08-15,5,9295,5,123.76,44278.52,COD,Shipped,North,In-Store,No,44278.52,44278.52,0,7676.48,38382.4,5896.12,13.32
ORD00882,CUST0059,PROD0074,2024-04-05,2024-04-14,1,4666,5,196.4,4863.11,Net Banking,In-Transit,North,Online,No,4863.11,4863.11,0,3305.65,3305.65,1557.46,32.03
ORD00633,CUST0185,PROD0057,2024-10-20,2024-10-21,5,12771,0,62.94,63921.34,Debit Card,Processing,North,Mobile App,No,63921.34,63921.34,0,8626.93,43134.65,20786.69,32.52
ORD01621,CUST0194,PROD0062,2024-08-22,2024-08-25,1,9273,0,148.35,9422.33,Debit Card,Processing,West,Online,No,9422.33,9422.33,0,5255.74,5255.74,4166.59,44.22
ORD01430,CUST0028,PROD0049,2024-09-01,2024-01-18,4,17373,15,192.97,59262.22,Upi,Returned,West,In-Store,No,59262.22,0,59262.22,14247.06,192.97,-192.97,
ORD00065,CUST0043,PROD0058,2024-04-22,2024-04-25,4,9834,0,133.98,39470.26,COD,Shipped,South,Online,No,39470.26,39470.26,0,6032.58,24130.32,15339.94,38.86
ORD01611,CUST0114,PROD0053,2023-06-11,2023-06-11,3,3950,15,200.18,10273.27,Upi,Delivered,East,Online,No,10273.27,10273.27,0,3082.66,9247.98,1025.29,9.98
ORD01596,CUST0065,PROD0049,2024-10-08,2024-11-08,3,17373,0,6.5,52126.43,Net Banking,Shipped,West,Online,Yes,52126.43,52126.43,0,14247.06,42741.18,9385.25,18
ORD00492,CUST0037,PROD0081,2023-01-24,2023-01-02,1,3839,0,114.78,3953.83,Net Banking,Cancelled,West,Online,No,3953.83,0,3953.83,2182.74,0,0,0
ORD01301,CUST0141,PROD0075,2024-12-21,2024-12-27,1,5250,0,119.49,5332.95,Credit Card,Processing,West,Online,No,5332.95,5332.95,0,4357.65,4357.65,975.3,18.29
ORD01516,CUST0053,PROD0037,2024-11-12,2024-11-17,3,8588,20,143.87,20755.96,Credit Card,Processing,South,Online,No,20755.96,20755.96,0,5237.56,15712.68,5043.28,24.3
ORD00533,CUST0074,PROD0029,2023-07-26,2023-04-08,1,13437,20,203.46,10953.68,Credit Card,Delivered,South,Online,Yes,10953.68,10953.68,0,10471.47,10471.47,482.21,4.4
ORD00066,CUST0084,PROD0019,2023-04-04,2023-04-13,2,7411,15,99.06,12699.32,Net Banking,Returned,North,In-Store,No,12699.32,0,12699.32,5713.13,99.06,-99.06,
ORD01679,CUST0150,PROD0059,2023-07-17,2023-07-23,2,2138,10,241.99,4090.62,Credit Card,Processing,South,In-Store,No,4090.62,4090.62,0,1198.89,2397.78,1692.84,41.38
ORD00297,CUST0145,PROD0094,2024-03-10,2024-01-10,1,5579,5,91.07,5391.75,Credit Card,Processing,West,Online,No,5391.75,5391.75,0,3288.4,3288.4,2103.35,39.01
ORD00592,CUST0004,PROD0086,2024-02-17,2024-02-21,1,1008,0,48.23,1057.22,Debit Card,In-Transit,East,Online,No,1057.22,1057.22,0,570.4,570.4,486.82,46.05
ORD00768,CUST0166,PROD0064,2024-01-19,2024-01-20,4,13808,5,179.26,55413.06,Upi,Returned,East,Online,No,55413.06,0,55413.06,8917.95,179.26,-179.26,
ORD00725,CUST0079,PROD0081,2023-06-12,2023-06-15,2,3839,20,152.91,6295.39,Credit Card,Cancelled,West,Online,No,6295.39,0,6295.39,2182.74,0,0,0
ORD01690,CUST0066,PROD0093,2024-07-04,2024-09-04,1,6077,0,16.1,6093.52,Upi,Cancelled,West,Online,No,6093.52,0,6093.52,4427.74,0,0,0
ORD00627,CUST0055,PROD0075,2023-11-07,2023-11-07,1,5250,10,91.04,4816.54,Upi,Processing,East,In-Store,Yes,4816.54,4816.54,0,4357.65,4357.65,458.89,9.53
ORD01213,CUST0169,PROD0095,2024-06-29,2024-01-07,3,14966,0,67.62,44966.79,Upi,Delivered,South,Online,No,44966.79,44966.79,0,11139.28,33417.84,11548.95,25.68
ORD01601,CUST0068,PROD0044,2023-04-30,2023-05-10,1,15370,10,135.71,13968.95,Debit Card,Delivered,West,Online,No,13968.95,13968.95,0,9076.55,9076.55,4892.4,35.02
ORD00252,CUST0065,PROD0043,2024-09-23,2024-03-10,5,11229,0,119.49,56171.16,Credit Card,Shipped,West,In-Store,No,56171.16,56171.16,0,7493.43,37467.15,18704.01,33.3
ORD01808,CUST0139,PROD0056,2024-05-01,2024-01-14,2,24757,5,207.24,47246.45,Credit Card,Delivered,North,Online,No,47246.45,47246.45,0,14778.47,29556.94,17689.51,37.44
ORD01306,CUST0176,PROD0065,2024-02-21,2024-02-23,3,1226,5,166.38,3845.88,Upi,Delivered,East,Mobile App,No,3845.88,3845.88,0,713.8,2141.4,1704.48,44.32
ORD01559,CUST0195,PROD0016,2024-10-29,2024-10-28,5,9295,20,64.29,37247.25,COD,Cancelled,North,Online,No,37247.25,0,37247.25,7676.48,0,0,0
ORD00983,CUST0012,PROD0041,2024-03-21,2024-03-31,1,1025,0,119.49,1026.1,COD,Delivered,South,Mobile App,No,1026.1,1026.1,0,645.65,645.65,380.45,37.08
ORD01761,CUST0109,PROD0023,2023-07-17,2023-07-22,1,24502,5,124.93,24627.49,COD,Returned,West,Online,No,24627.49,0,24627.49,14497.4,124.93,-124.93,
ORD00707,CUST0017,PROD0011,2023-01-22,2023-01-20,1,13029,15,213.15,11287.8,Credit Card,Cancelled,North,Mobile App,No,11287.8,0,11287.8,9186.1,0,0,0
ORD00488,CUST0107,PROD0005,2023-01-16,2023-01-14,1,2915,15,210.19,2688.26,Upi,Shipped,East,Online,No,2688.26,2688.26,0,2349.27,2349.27,338.99,12.61
ORD00274,CUST0071,PROD0064,2023-10-03,2023-03-17,3,13808,5,141.39,41566.74,COD,Processing,North,Mobile App,No,41566.74,41566.74,0,8917.95,26753.85,14812.89,35.64
ORD01496,CUST0092,PROD0096,2023-10-30,2023-02-11,1,1277,15,125.88,1211.58,Credit Card,Delivered,West,Mobile App,No,1211.58,1211.58,0,882.12,882.12,329.46,27.19
ORD01805,CUST0167,PROD0011,2023-04-16,2023-04-23,1,13029,5,15.09,12392.64,Net Banking,Shipped,North,In-Store,Yes,12392.64,12392.64,0,9186.1,9186.1,3206.54,25.87
ORD00964,CUST0126,PROD0022,2023-01-02,2023-02-02,1,21812,20,171.27,17621.41,Credit Card,Processing,East,In-Store,Yes,17621.41,17621.41,0,14768.15,14768.15,2853.26,16.19
ORD00878,CUST0120,PROD0064,2024-07-13,2024-07-20,3,13808,20,30.32,33170.6,Credit Card,Processing,South,Online,No,33170.6,33170.6,0,8917.95,26753.85,6416.75,19.34
ORD01801,CUST0120,PROD0072,2023-04-16,2023-04-16,2,22878,15,112.12,39005.64,COD,Shipped,West,Mobile App,No,39005.64,39005.64,0,14012.9,28025.8,10979.84,28.15
ORD00412,CUST0122,PROD0085,2024-12-17,2024-12-16,4,4165,10,151.79,15147.12,Net Banking,Delivered,North,Mobile App,No,15147.12,15147.12,0,2640.63,10562.52,4584.6,30.27
ORD00668,CUST0065,PROD0046,2023-03-27,2023-03-25,1,6541,5,60.69,6602.01,COD,Returned,,In-Store,No,6602.01,0,6602.01,5338.05,60.69,-60.69,
ORD01263,CUST0079,PROD0063,2023-09-21,2023-09-20,1,6598,15,56.38,5664.88,Credit Card,Delivered,West,Online,No,5664.88,5664.88,0,4189.32,4189.32,1475.56,26.05
ORD00645,CUST0190,PROD0020,2024-10-28,2024-10-31,1,9020,0,161.96,9182.38,COD,Cancelled,North,Online,No,9182.38,0,9182.38,5528.06,0,0,0
ORD01594,CUST0187,PROD0018,2023-12-16,2023-12-16,4,21702,0,35.15,86845.23,Debit Card,Returned,North,In-Store,No,86845.23,0,86845.23,12543.29,35.15,-35.15,
ORD00219,CUST0099,PROD0007,2023-03-30,2023-03-04,4,2136,0,176.17,8722.81,COD,Processing,West,Online,No,8722.81,8722.81,0,1243.29,4973.16,3749.65,42.99
ORD00240,CUST0052,PROD0079,2024-07-02,2024-07-02,5,14974,0,35.97,74907.17,Credit Card,Delivered,West,Mobile App,No,74907.17,74907.17,0,11348.98,56744.9,18162.27,24.25
ORD01132,CUST0105,PROD0034,2023-02-13,2023-02-16,1,11290,0,47.23,11337.56,Net Banking,Cancelled,West,Online,No,11337.56,0,11337.56,8602.89,0,0,0
ORD01217,CUST0184,PROD0070,2024-11-12,2024-11-14,4,2262,10,14.33,8159.51,Debit Card,In-Transit,South,In-Store,Yes,8159.51,8159.51,0,1682.14,6728.56,1430.95,17.54
ORD00793,CUST0130,PROD0047,2024-02-27,2024-07-03,4,1927,20,141.64,6310.18,Upi,Delivered,East,Online,No,6310.18,6310.18,0,1218.11,4872.44,1437.74,22.78
ORD00192,CUST0028,PROD0003,2023-10-27,2023-04-11,4,5104,5,244.95,19640.72,Credit Card,Delivered,West,In-Store,No,19640.72,19640.72,0,3913.93,15655.72,3985,20.29
ORD00334,CUST0088,PROD0037,2024-01-06,2024-01-06,1,8588,10,93.11,7822.64,Debit Card,Delivered,East,Online,No,7822.64,7822.64,0,5237.56,5237.56,2585.08,33.05
ORD01313,CUST0087,PROD0075,2024-05-10,2024-05-15,1,5250,0,35.09,5285.65,Credit Card,Shipped,South,Mobile App,No,5285.65,5285.65,0,4357.65,4357.65,928,17.56
ORD01316,CUST0102,PROD0090,2024-10-06,2024-06-20,2,12088,0,142.64,24319.3,COD,Cancelled,East,Online,Yes,24319.3,0,24319.3,9190.14,0,0,0
ORD00963,CUST0183,PROD0058,2023-10-20,2023-10-30,1,9834,5,170.54,10004.61,Debit Card,Shipped,North,Mobile App,No,10004.61,10004.61,0,6032.58,6032.58,3972.03,39.7
ORD01498,CUST0028,PROD0091,2023-06-07,2023-07-15,2,18810,20,202.77,30299.87,Credit Card,Shipped,South,Mobile App,No,30299.87,30299.87,0,11590.5,23181,7118.87,23.49
ORD01606,CUST0037,PROD0049,2023-08-17,2023-08-22,5,17373,0,219.84,87086.39,Debit Card,Cancelled,South,In-Store,No,87086.39,0,87086.39,14247.06,0,0,0
ORD00583,CUST0090,PROD0082,2024-07-26,2024-07-27,3,13459,0,231.97,40609.03,Upi,Shipped,South,In-Store,No,40609.03,40609.03,0,8946.5,26839.5,13769.53,33.91
ORD01655,CUST0015,PROD0001,2023-06-19,2023-06-24,2,21533,0,32.41,43100.29,Credit Card,Delivered,South,Online,No,43100.29,43100.29,0,13070.81,26141.62,16958.67,39.35
ORD00840,CUST0060,PROD0017,2023-09-04,2023-09-02,1,5329,0,60.37,5389.91,Credit Card,Delivered,North,Online,No,5389.91,5389.91,0,2960.88,2960.88,2429.03,45.07
ORD00324,CUST0186,PROD0063,2023-07-11,2023-11-14,3,6598,20,201.16,16036.94,Debit Card,Delivered,West,Online,No,16036.94,16036.94,0,4189.32,12567.96,3468.98,21.63
ORD01632,CUST0166,PROD0040,2023-05-11,2023-05-11,5,18476,5,62.35,92442.65,Credit Card,Cancelled,North,Online,Yes,92442.65,0,92442.65,13298.28,0,0,0
ORD01161,CUST0197,PROD0037,2023-02-01,2023-02-01,4,8588,0,8.42,34361.9,Net Banking,Shipped,South,Mobile App,No,34361.9,34361.9,0,5237.56,20950.24,13411.66,39.03
ORD00779,CUST0074,PROD0071,2024-04-26,2024-04-30,1,1509,5,4.3,1438.09,Credit Card,Returned,South,Online,Yes,1438.09,0,1438.09,854.02,4.3,-4.3,
ORD01077,CUST0157,PROD0099,2023-11-17,2023-11-18,5,17888,5,64.34,89505.94,Upi,Shipped,North,In-Store,No,89505.94,89505.94,0,13707.12,68535.6,20970.34,23.43
ORD00940,CUST0196,PROD0083,2024-11-15,2024-11-14,1,17414,5,168.59,17582.64,Credit Card,Returned,East,In-Store,No,17582.64,0,17582.64,12254.66,168.59,-168.59,
ORD00438,CUST0015,PROD0046,2023-07-01,2023-07-06,5,6541,15,74.59,27875.2,Credit Card,Cancelled,West,In-Store,No,27875.2,0,27875.2,5338.05,0,0,0
ORD00120,CUST0158,PROD0087,2024-07-29,2024-07-30,1,3803,20,59.4,3102.46,COD,Cancelled,,Online,No,3102.46,0,3102.46,2356.33,0,0,0
ORD01553,CUST0184,PROD0073,2023-10-24,2023-10-26,1,10432,0,64.9,10496.99,COD,Cancelled,South,Mobile App,No,10496.99,0,10496.99,7531.52,0,0,0
ORD01027,CUST0071,PROD0018,2023-03-09,2023-06-09,1,21702,10,45.4,19577.67,Net Banking,Processing,West,In-Store,No,19577.67,19577.67,0,12543.29,12543.29,7034.38,35.93
ORD01254,CUST0104,PROD0060,2024-10-09,2024-09-20,1,21989,20,70.93,17662.13,COD,Delivered,East,Mobile App,No,17662.13,17662.13,0,13181.61,13181.61,4480.52,25.37
ORD01369,CUST0073,PROD0075,2024-01-11,2024-10-11,1,5250,0,119.49,5262.45,Upi,Cancelled,South,Online,Yes,5262.45,0,5262.45,4357.65,0,0,0
ORD00077,CUST0054,PROD0032,2024-10-12,2024-10-17,3,8752,10,196.76,23829.51,Upi,Returned,East,Mobile App,Yes,23829.51,0,23829.51,6910.99,196.76,-196.76,
ORD01054,CUST0073,PROD0053,2024-04-11,2024-08-11,2,3950,10,243.09,7353.5,Credit Card,Shipped,West,Online,No,7353.5,7353.5,0,3082.66,6165.32,1188.18,16.16
ORD00901,CUST0079,PROD0048,2024-10-16,2024-10-17,2,14926,0,239.62,30093.16,Credit Card,Cancelled,South,Online,No,30093.16,0,30093.16,10203.52,0,0,0
ORD00372,CUST0112,PROD0092,2023-08-03,2023-07-03,1,6775,0,198.72,6974.26,Credit Card,Processing,West,In-Store,Yes,6974.26,6974.26,0,4388.06,4388.06,2586.2,37.08
ORD01062,CUST0068,PROD0053,2023-01-08,2023-09-08,1,3950,0,75.31,4025.54,Upi,Returned,North,Online,Yes,4025.54,0,4025.54,3082.66,75.31,-75.31,
ORD01432,CUST0020,PROD0098,2023-09-22,2023-09-23,1,16965,5,5.31,16971.17,COD,Processing,South,Online,Yes,16971.17,16971.17,0,9723.88,9723.88,7247.29,42.7
ORD01346,CUST0135,PROD0067,2024-04-22,2024-04-29,3,12277,5,15.88,35007.04,Upi,Cancelled,South,In-Store,No,35007.04,0,35007.04,7295.88,0,0,0
ORD00942,CUST0125,PROD0037,2024-11-21,2024-01-12,1,8588,5,83.33,8242.28,COD,Cancelled,East,Mobile App,Yes,8242.28,0,8242.28,5237.56,0,0,0
ORD00578,CUST0106,PROD0040,2023-12-12,2023-12-12,1,18476,15,172.25,15876.9,Net Banking,Returned,West,Mobile App,No,15876.9,0,15876.9,13298.28,172.25,-172.25,
ORD00820,CUST0056,PROD0094,2024-12-26,2024-12-26,1,5579,5,247.41,5548.09,Net Banking,Returned,West,Online,No,5548.09,0,5548.09,3288.4,247.41,-247.41,
ORD01459,CUST0072,PROD0023,2024-09-09,2024-09-19,2,24502,0,174.24,49179.36,Debit Card,Processing,South,Mobile App,Yes,49179.36,49179.36,0,14497.4,28994.8,20184.56,41.04
ORD01481,CUST0200,PROD0007,2024-04-30,2024-04-28,5,2136,0,108.43,10791.73,Upi,Delivered,East,In-Store,No,10791.73,10791.73,0,1243.29,6216.45,4575.28,42.4
ORD01721,CUST0178,PROD0046,2023-12-09,2023-09-20,1,6541,10,92.74,5979.93,Debit Card,In-Transit,South,Online,No,5979.93,5979.93,0,5338.05,5338.05,641.88,10.73
ORD01370,CUST0192,PROD0010,2024-09-27,2024-04-10,1,9930,5,72.99,9506.54,Debit Card,Returned,North,In-Store,No,9506.54,0,9506.54,7617.78,72.99,-72.99,
ORD00887,CUST0161,PROD0070,2024-03-06,2024-06-08,1,2262,5,22.92,2285.47,COD,Delivered,North,In-Store,No,2285.47,2285.47,0,1682.14,1682.14,603.33,26.4
ORD00969,CUST0081,PROD0062,2024-08-15,2024-08-24,1,9273,5,119.49,9300.14,COD,Processing,South,Mobile App,Yes,9300.14,9300.14,0,5255.74,5255.74,4044.4,43.49
ORD01700,CUST0025,PROD0016,2024-03-01,2024-01-01,3,9295,0,163.55,28050.77,Upi,Delivered,South,Mobile App,No,28050.77,28050.77,0,7676.48,23029.44,5021.33,17.9
ORD00786,CUST0132,PROD0071,2024-03-05,2024-05-01,5,1509,0,88.12,7634.37,COD,Returned,North,Online,No,7634.37,0,7634.37,854.02,88.12,-88.12,
ORD01754,CUST0073,PROD0039,2024-12-04,2024-04-15,4,15091,5,215.39,57561.76,Credit Card,Returned,West,In-Store,Yes,57561.76,0,57561.76,12191.32,215.39,-215.39,
ORD01689,CUST0045,PROD0080,2023-11-24,2023-11-27,5,2998,5,192.39,15183.39,COD,Cancelled,South,Online,No,15183.39,0,15183.39,2141.84,0,0,0
ORD00302,CUST0029,PROD0041,2024-12-07,2024-07-16,5,1025,5,119.49,5111.39,COD,Delivered,North,Mobile App,No,5111.39,5111.39,0,645.65,3228.25,1883.14,36.84
ORD00690,CUST0011,PROD0025,2023-02-04,2023-04-04,1,15641,0,160.23,15802.18,Net Banking,Delivered,East,Mobile App,No,15802.18,15802.18,0,11470.44,11470.44,4331.74,27.41
ORD00813,CUST0095,PROD0026,2023-12-02,2023-12-07,5,21234,5,0.93,100865.8,COD,Delivered,South,Online,No,100865.8,100865.8,0,12268.88,61344.4,39521.4,39.18
ORD00237,CUST0081,PROD0071,2023-11-01,2023-01-19,1,1509,0,2.99,1512.24,Credit Card,Delivered,South,Online,No,1512.24,1512.24,0,854.02,854.02,658.22,43.53
ORD01116,CUST0092,PROD0055,2024-03-12,2024-08-12,2,18803,10,69.8,33916.8,Upi,Processing,South,Mobile App,No,33916.8,33916.8,0,10705.96,21411.92,12504.88,36.87
ORD00500,CUST0194,PROD0056,2023-11-22,2023-11-25,2,24757,5,12.41,47051.62,Upi,Processing,East,In-Store,Yes,47051.62,47051.62,0,14778.47,29556.94,17494.68,37.18
ORD01646,CUST0050,PROD0059,2023-08-04,2023-07-08,4,2138,10,4.44,7701.71,COD,Returned,North,In-Store,No,7701.71,0,7701.71,1198.89,4.44,-4.44,
ORD01080,CUST0172,PROD0093,2023-07-06,2023-06-15,4,6077,0,206.67,24516.35,Debit Card,Processing,,Online,No,24516.35,24516.35,0,4427.74,17710.96,6805.39,27.76
ORD00795,CUST0087,PROD0021,2024-04-09,2024-07-09,4,6518,0,25.16,26100.64,COD,Processing,East,Online,No,26100.64,26100.64,0,3663.61,14654.44,11446.2,43.85
ORD01521,CUST0056,PROD0050,2023-02-12,2023-06-12,1,17713,0,236.34,17950.01,Upi,Returned,West,Online,No,17950.01,0,17950.01,11469.96,236.34,-236.34,
ORD00991,CUST0087,PROD0020,2024-03-06,2024-12-03,1,9020,20,215.51,7431.85,COD,Shipped,North,In-Store,Yes,7431.85,7431.85,0,5528.06,5528.06,1903.79,25.62
ORD01362,CUST0006,PROD0064,2023-02-08,2023-07-08,1,13808,20,14.73,11061.49,Net Banking,Returned,North,In-Store,No,11061.49,0,11061.49,8917.95,14.73,-14.73,
ORD00935,CUST0123,PROD0074,2023-09-30,2023-10-01,2,4666,0,190.55,9523.97,Credit Card,Processing,West,Online,No,9523.97,9523.97,0,3305.65,6611.3,2912.67,30.58
ORD00388,CUST0019,PROD0082,2024-12-12,2024-12-20,5,13459,20,85.91,53921.99,Credit Card,Cancelled,West,Online,No,53921.99,0,53921.99,8946.5,0,0,0
ORD01460,CUST0062,PROD0072,2023-01-30,2023-01-29,4,22878,0,83.77,91597.93,Debit Card,Cancelled,North,Mobile App,No,91597.93,0,91597.93,14012.9,0,0,0
ORD00391,CUST0014,PROD0077,2023-05-01,2023-03-01,4,10379,5,232.21,39675.11,Upi,Shipped,South,In-Store,Yes,39675.11,39675.11,0,8343.02,33372.08,6303.03,15.89
ORD00744,CUST0198,PROD0036,2024-12-27,2024-12-29,5,1072,5,200.49,5293.35,Credit Card,Processing,North,In-Store,No,5293.35,5293.35,0,748.66,3743.3,1550.05,29.28
ORD00353,CUST0043,PROD0001,2023-03-03,2023-08-03,2,21533,10,209.87,38970.96,COD,Returned,South,Online,No,38970.96,0,38970.96,13070.81,209.87,-209.87,
ORD01218,CUST0180,PROD0056,2024-12-28,2025-01-02,5,24757,0,101.13,123888.53,COD,Delivered,South,Mobile App,Yes,123888.53,123888.53,0,14778.47,73892.35,49996.18,40.36
ORD00236,CUST0137,PROD0082,2023-12-29,2024-01-02,2,13459,15,67.58,22947.91,COD,Processing,South,In-Store,No,22947.91,22947.91,0,8946.5,17893,5054.91,22.03
ORD01696,CUST0003,PROD0058,2023-05-18,2023-05-18,2,9834,15,9.57,16727.49,COD,Shipped,West,Online,No,16727.49,16727.49,0,6032.58,12065.16,4662.33,27.87
ORD00481,CUST0088,PROD0097,2023-01-11,2023-01-11,2,18995,15,235.49,32527.53,COD,Cancelled,North,In-Store,No,32527.53,0,32527.53,14670.87,0,0,0
ORD00568,CUST0064,PROD0085,2024-11-03,2024-10-03,1,4165,5,239.08,4404.45,Net Banking,Processing,East,Mobile App,No,4404.45,4404.45,0,2640.63,2640.63,1763.82,40.05
ORD01141,CUST0046,PROD0048,2023-03-22,2023-03-27,2,14926,0,46.38,29899.92,COD,Delivered,North,In-Store,No,29899.92,29899.92,0,10203.52,20407.04,9492.88,31.75
ORD01671,CUST0059,PROD0030,2023-08-27,2023-04-09,1,509,10,165.9,624.33,Credit Card,Returned,North,In-Store,Yes,624.33,0,624.33,383.16,165.9,-165.9,
ORD01556,CUST0054,PROD0006,2024-03-23,2024-03-29,1,6650,15,106.77,5759.79,Credit Card,Processing,East,Mobile App,No,5759.79,5759.79,0,5343.94,5343.94,415.85,7.22
ORD00121,CUST0065,PROD0026,2024-09-27,2024-10-07,5,21234,5,227.87,101092.74,Debit Card,Shipped,West,In-Store,Yes,101092.74,101092.74,0,12268.88,61344.4,39748.34,39.32
ORD01716,CUST0061,PROD0025,2024-02-23,2024-01-03,3,15641,0,238.48,47164.33,Credit Card,Processing,East,Mobile App,No,47164.33,47164.33,0,11470.44,34411.32,12753.01,27.04
ORD01025,CUST0145,PROD0061,2023-05-10,2023-09-10,4,18867,20,240.57,60615.64,Credit Card,Returned,North,In-Store,No,60615.64,0,60615.64,12487.72,240.57,-240.57,
ORD01087,CUST0189,PROD0071,2023-01-21,2023-01-19,2,1509,20,105.56,2520.36,Debit Card,In-Transit,East,In-Store,No,2520.36,2520.36,0,854.02,1708.04,812.32,32.23
ORD01273,CUST0185,PROD0078,2024-07-25,2024-07-30,1,13015,0,10.26,13025.62,COD,Shipped,West,Online,No,13025.62,13025.62,0,10237.94,10237.94,2787.68,21.4
ORD00927,CUST0004,PROD0067,2023-04-10,2023-04-15,3,12277,5,26.85,36859.65,Net Banking,Delivered,West,In-Store,No,36859.65,36859.65,0,7295.88,21887.64,14972.01,40.62
ORD00224,CUST0104,PROD0009,2024-04-09,2024-03-09,4,9274,15,123.57,31657.82,Credit Card,Delivered,East,Online,No,31657.82,31657.82,0,7186.87,28747.48,2910.34,9.19
ORD01468,CUST0009,PROD0092,2023-04-12,2023-12-13,1,6775,0,229.42,7004.96,Credit Card,Shipped,North,In-Store,No,7004.96,7004.96,0,4388.06,4388.06,2616.9,37.36
ORD00614,CUST0182,PROD0042,2023-08-15,2023-08-14,2,17560,5,146.98,35268.9,Upi,Cancelled,West,In-Store,No,35268.9,0,35268.9,12010.2,0,0,0
ORD00844,CUST0123,PROD0037,2024-05-17,2024-05-23,1,8588,0,43.93,8632.3,Net Banking,Delivered,North,In-Store,No,8632.3,8632.3,0,5237.56,5237.56,3394.74,39.33
ORD01246,CUST0013,PROD0027,2023-01-02,2023-07-02,1,6491,0,129.4,6621.09,Net Banking,Delivered,North,Mobile App,Yes,6621.09,6621.09,0,3613.09,3613.09,3008,45.43
ORD00053,CUST0049,PROD0096,2024-06-02,2024-02-08,1,1277,5,123.72,1337.15,Credit Card,Cancelled,South,In-Store,No,1337.15,0,1337.15,882.12,0,0,0
ORD01832,CUST0023,PROD0071,2023-07-15,2023-07-20,1,1509,10,185.04,1543.37,Net Banking,Shipped,West,Mobile App,No,1543.37,1543.37,0,854.02,854.02,689.35,44.67
ORD00486,CUST0106,PROD0014,2024-05-23,2024-01-06,1,17479,0,158.38,17637.54,Net Banking,Returned,East,Online,No,17637.54,0,17637.54,9987.82,158.38,-158.38,
ORD00543,CUST0060,PROD0040,2024-07-20,2024-07-25,1,18476,15,181.23,15885.88,Credit Card,Delivered,West,Online,No,15885.88,15885.88,0,13298.28,13298.28,2587.6,16.29
ORD00819,CUST0093,PROD0052,2024-07-08,2024-07-07,2,3087,0,147.71,6323.59,COD,In-Transit,South,Mobile App,No,6323.59,6323.59,0,1854.64,3709.28,2614.31,41.34
ORD01367,CUST0146,PROD0078,2023-06-10,2023-10-15,1,13015,0,48.67,13064.03,Net Banking,Processing,West,Mobile App,No,13064.03,13064.03,0,10237.94,10237.94,2826.09,21.63
ORD00601,CUST0197,PROD0019,2023-12-21,2023-12-26,4,7411,0,115.15,29762.83,Debit Card,Cancelled,South,Mobile App,No,29762.83,0,29762.83,5713.13,0,0,0
ORD01592,CUST0065,PROD0073,2023-03-02,2023-10-02,5,10432,0,57.37,52217.82,Credit Card,Returned,South,Mobile App,No,52217.82,0,52217.82,7531.52,57.37,-57.37,
ORD00249,CUST0046,PROD0012,2024-12-24,2025-01-01,2,1389,20,173.38,2396.58,Debit Card,Delivered,West,Mobile App,No,2396.58,2396.58,0,880.25,1760.5,636.08,26.54
ORD00762,CUST0145,PROD0022,2023-10-09,2023-09-18,4,21812,15,234.4,74397.51,Debit Card,Processing,South,Online,No,74397.51,74397.51,0,14768.15,59072.6,15324.91,20.6
ORD01816,CUST0060,PROD0060,2023-05-24,2023-06-03,2,21989,5,119.49,44146.54,COD,Returned,North,Online,No,44146.54,0,44146.54,13181.61,119.49,-119.49,
ORD01131,CUST0046,PROD0067,2023-03-26,2023-03-31,2,12277,10,17.17,22116.85,Upi,Processing,West,Mobile App,Yes,22116.85,22116.85,0,7295.88,14591.76,7525.09,34.02
ORD00794,CUST0107,PROD0061,2023-01-02,2023-04-02,3,18867,0,77,56678.63,Upi,Shipped,North,In-Store,No,56678.63,56678.63,0,12487.72,37463.16,19215.47,33.9
ORD01142,CUST0135,PROD0056,2023-12-04,2023-04-21,4,24757,5,12.57,94090.99,Credit Card,Delivered,North,In-Store,No,94090.99,94090.99,0,14778.47,59113.88,34977.11,37.17
ORD01446,CUST0115,PROD0083,2024-02-11,2024-02-10,4,17414,15,42.25,59250.02,Credit Card,Returned,North,In-Store,Yes,59250.02,0,59250.02,12254.66,42.25,-42.25,
ORD00629,CUST0167,PROD0026,2024-01-01,2024-06-01,5,21234,0,119.49,106383.54,Upi,Returned,South,Mobile App,No,106383.54,0,106383.54,12268.88,119.49,-119.49,
ORD00151,CUST0024,PROD0071,2023-10-19,2023-10-28,1,1509,15,86.87,1369.73,Credit Card,Delivered,East,In-Store,No,1369.73,1369.73,0,854.02,854.02,515.71,37.65
ORD00292,CUST0022,PROD0089,2023-03-09,2023-11-03,1,21184,15,42.44,18049.27,Upi,Shipped,North,Mobile App,No,18049.27,18049.27,0,14354.61,14354.61,3694.66,20.47
ORD00382,CUST0122,PROD0014,2023-03-12,2023-10-12,5,17479,10,23.31,78679.53,Credit Card,Shipped,South,Online,No,78679.53,78679.53,0,9987.82,49939.1,28740.43,36.53
ORD00687,CUST0169,PROD0071,2024-03-02,2024-02-13,5,1509,0,167.18,7713.43,Upi,Delivered,South,Online,No,7713.43,7713.43,0,854.02,4270.1,3443.33,44.64
ORD01368,CUST0026,PROD0037,2023-02-16,2023-02-23,1,8588,10,22.15,7751.68,Debit Card,Returned,South,Online,No,7751.68,0,7751.68,5237.56,22.15,-22.15,
ORD01225,CUST0119,PROD0023,2023-07-24,2023-07-26,4,24502,0,111.17,98121.41,Debit Card,Cancelled,South,Online,No,98121.41,0,98121.41,14497.4,0,0,0
ORD00898,CUST0093,PROD0017,2023-08-29,2023-09-04,1,5329,15,100.55,4630.66,Credit Card,Cancelled,West,In-Store,No,4630.66,0,4630.66,2960.88,0,0,0
ORD00855,CUST0193,PROD0079,2024-06-01,2024-06-06,3,14974,20,23.83,35962.01,Credit Card,Delivered,West,Online,Yes,35962.01,35962.01,0,11348.98,34046.94,1915.07,5.33
ORD01072,CUST0147,PROD0099,2023-03-20,2023-03-30,1,17888,0,32.5,17920.82,COD,Cancelled,West,Online,No,17920.82,0,17920.82,13707.12,0,0,0
ORD01573,CUST0088,PROD0035,2024-10-25,2024-03-11,5,13720,10,23.81,61766.28,Debit Card,Delivered,North,Mobile App,Yes,61766.28,61766.28,0,8206.82,41034.1,20732.18,33.57
ORD01518,CUST0009,PROD0017,2023-05-12,2023-03-12,2,5329,15,217.82,9278.04,Credit Card,Processing,East,In-Store,Yes,9278.04,9278.04,0,2960.88,5921.76,3356.28,36.17
ORD01677,CUST0060,PROD0077,2023-01-09,2023-03-09,1,10379,5,173.9,10553.61,Upi,Cancelled,East,In-Store,Yes,10553.61,0,10553.61,8343.02,0,0,0
ORD00892,CUST0140,PROD0074,2023-04-16,2023-04-19,4,4666,0,65.18,18732.02,Upi,Cancelled,East,In-Store,No,18732.02,0,18732.02,3305.65,0,0,0
ORD01745,CUST0148,PROD0053,2023-01-05,2023-07-05,2,3950,0,204.68,8105.14,Credit Card,Delivered,East,In-Store,No,8105.14,8105.14,0,3082.66,6165.32,1939.82,23.93
ORD01365,CUST0003,PROD0028,2024-09-02,2024-02-16,2,20039,0,248.37,40327.63,Net Banking,Delivered,East,Online,No,40327.63,40327.63,0,12603.73,25207.46,15120.17,37.49
ORD00616,CUST0078,PROD0038,2023-11-19,2023-11-24,5,7505,0,38.98,37567.48,Debit Card,Returned,West,In-Store,No,37567.48,0,37567.48,5349.26,38.98,-38.98,
ORD00155,CUST0092,PROD0020,2023-04-20,2023-04-19,1,9020,5,153.46,9173.88,COD,Shipped,West,In-Store,No,9173.88,9173.88,0,5528.06,5528.06,3645.82,39.74
ORD01194,CUST0101,PROD0076,2024-11-26,2024-11-27,1,16298,0,173.48,16472.14,COD,Delivered,West,In-Store,Yes,16472.14,16472.14,0,11481.47,11481.47,4990.67,30.3
ORD01703,CUST0140,PROD0071,2024-05-07,2024-07-05,4,1509,0,55.26,6092.26,Upi,Returned,South,Online,No,6092.26,0,6092.26,854.02,55.26,-55.26,
ORD01769,CUST0197,PROD0059,2023-03-14,2023-03-17,4,2138,15,152.04,7421.68,Upi,Processing,South,In-Store,Yes,7421.68,7421.68,0,1198.89,4795.56,2626.12,35.38
ORD00323,CUST0160,PROD0034,2023-12-16,2023-12-26,1,11290,5,119.49,10772.08,Credit Card,Delivered,West,Online,Yes,10772.08,10772.08,0,8602.89,8602.89,2169.19,20.14
ORD01538,CUST0133,PROD0015,2024-01-21,2024-01-26,3,6720,0,53.78,20215.13,COD,Delivered,South,Mobile App,Yes,20215.13,20215.13,0,4712.77,14138.31,6076.82,30.06
ORD01283,CUST0055,PROD0037,2023-10-17,2023-10-27,3,8588,20,245.09,20857.18,COD,Returned,North,Mobile App,No,20857.18,0,20857.18,5237.56,245.09,-245.09,
ORD00083,CUST0194,PROD0076,2023-08-21,2023-08-27,1,16298,20,204.6,13243.53,Upi,In-Transit,North,In-Store,Yes,13243.53,13243.53,0,11481.47,11481.47,1762.06,13.31
ORD00513,CUST0046,PROD0034,2023-03-20,2023-03-25,1,11290,15,242.39,9839.17,Credit Card,Processing,North,In-Store,No,9839.17,9839.17,0,8602.89,8602.89,1236.28,12.56
ORD01517,CUST0182,PROD0074,2023-08-23,2023-08-28,3,4666,10,11.39,12611.51,COD,Delivered,South,Online,No,12611.51,12611.51,0,3305.65,9916.95,2694.56,21.37
ORD01477,CUST0177,PROD0059,2024-11-26,2024-11-29,2,2138,0,134.12,4410.38,Debit Card,Returned,East,Online,No,4410.38,0,4410.38,1198.89,134.12,-134.12,
ORD00930,CUST0051,PROD0086,2023-07-25,2023-01-08,4,1008,0,205.65,4241.61,Upi,Processing,South,In-Store,No,4241.61,4241.61,0,570.4,2281.6,1960.01,46.21
ORD01622,CUST0043,PROD0003,2024-04-22,2024-04-25,5,5104,10,174,23142.67,Debit Card,Processing,East,In-Store,No,23142.67,23142.67,0,3913.93,19569.65,3573.02,15.44
ORD01358,CUST0074,PROD0057,2023-05-10,2023-10-15,4,12771,20,179.92,41049.3,Credit Card,Processing,West,In-Store,No,41049.3,41049.3,0,8626.93,34507.72,6541.58,15.94
ORD00011,CUST0139,PROD0028,2023-02-27,2023-02-27,1,20039,10,58.54,18094.21,Credit Card,Processing,West,In-Store,No,18094.21,18094.21,0,12603.73,12603.73,5490.48,30.34
ORD00832,CUST0095,PROD0013,2023-07-02,2023-09-02,1,7082,20,30.07,5696.03,COD,Delivered,South,Mobile App,No,5696.03,5696.03,0,4333.79,4333.79,1362.24,23.92
ORD00033,CUST0153,PROD0082,2023-03-29,2023-04-03,2,13459,15,41.58,22921.91,Upi,Cancelled,South,Online,No,22921.91,0,22921.91,8946.5,0,0,0
ORD01750,CUST0157,PROD0018,2024-08-18,2024-08-27,2,21702,20,248.68,34972.71,Credit Card,In-Transit,East,In-Store,No,34972.71,34972.71,0,12543.29,25086.58,9886.13,28.27
ORD00414,CUST0066,PROD0086,2024-02-05,2024-10-05,1,1008,0,230.68,1239.67,COD,Delivered,South,Online,No,1239.67,1239.67,0,570.4,570.4,669.27,53.99
ORD00581,CUST0145,PROD0084,2023-06-19,2023-06-19,2,12225,5,200.7,23429.42,COD,In-Transit,East,In-Store,No,23429.42,23429.42,0,8993.95,17987.9,5441.52,23.23
ORD01407,CUST0110,PROD0051,2023-10-27,2023-10-27,4,4843,5,216.45,19588.53,Debit Card,Cancelled,South,In-Store,No,19588.53,0,19588.53,3819.21,0,0,0
ORD01564,CUST0011,PROD0079,2024-03-23,2024-03-28,2,14974,20,158.25,24117.03,COD,Shipped,North,In-Store,No,24117.03,24117.03,0,11348.98,22697.96,1419.07,5.88
ORD00615,CUST0191,PROD0064,2023-04-08,2023-08-10,1,13808,20,63.92,11110.68,Upi,Delivered,West,Mobile App,Yes,11110.68,11110.68,0,8917.95,8917.95,2192.73,19.74
ORD01046,CUST0079,PROD0010,2023-07-26,2023-08-02,2,9930,20,226.48,16114.56,Net Banking,Returned,West,Online,No,16114.56,0,16114.56,7617.78,226.48,-226.48,
ORD01403,CUST0007,PROD0050,2024-06-10,2024-11-10,4,17713,5,83.82,67395.77,Credit Card,Cancelled,East,Mobile App,No,67395.77,0,67395.77,11469.96,0,0,0
ORD01015,CUST0013,PROD0053,2023-09-17,2023-09-21,2,3950,0,170.55,8071.01,Upi,Cancelled,South,Online,No,8071.01,0,8071.01,3082.66,0,0,0
ORD00090,CUST0093,PROD0091,2023-07-23,2023-07-25,3,18810,5,126.28,56558.35,Net Banking,Processing,East,Mobile App,No,56558.35,56558.35,0,11590.5,34771.5,21786.85,38.52
ORD01765,CUST0048,PROD0092,2023-07-02,2023-07-09,1,6775,0,70.86,6846.4,Credit Card,Processing,East,In-Store,No,6846.4,6846.4,0,4388.06,4388.06,2458.34,35.91
ORD00602,CUST0176,PROD0072,2024-01-19,2024-01-17,5,22878,0,86.18,114478.88,Net Banking,In-Transit,West,Online,No,114478.88,114478.88,0,14012.9,70064.5,44414.38,38.8
ORD01238,CUST0044,PROD0090,2024-11-06,2024-06-20,1,12088,5,246.85,12335.18,COD,Processing,North,In-Store,No,12335.18,12335.18,0,9190.14,9190.14,3145.04,25.5
ORD01827,CUST0097,PROD0029,2024-11-30,2024-09-12,1,13437,15,183.96,11606.07,Net Banking,Returned,North,In-Store,No,11606.07,0,11606.07,10471.47,183.96,-183.96,
ORD00134,CUST0028,PROD0023,2024-10-23,2024-10-30,1,24502,10,214.68,22266.98,Credit Card,Delivered,South,Mobile App,No,22266.98,22266.98,0,14497.4,14497.4,7769.58,34.89
ORD01371,CUST0082,PROD0026,2023-03-18,2023-03-22,1,21234,5,141.37,21376.08,Credit Card,Cancelled,West,Online,Yes,21376.08,0,21376.08,12268.88,0,0,0
ORD00556,CUST0199,PROD0053,2024-11-21,2024-11-28,1,3950,10,198.96,3754.17,Net Banking,Processing,West,In-Store,Yes,3754.17,3754.17,0,3082.66,3082.66,671.51,17.89
ORD01557,CUST0142,PROD0029,2024-06-05,2024-08-05,2,13437,15,207.74,23051.97,Net Banking,Cancelled,South,Mobile App,Yes,23051.97,0,23051.97,10471.47,0,0,0
ORD00321,CUST0123,PROD0039,2023-02-06,2023-06-02,2,15091,5,119.49,28803.95,Upi,Cancelled,South,Online,Yes,28803.95,0,28803.95,12191.32,0,0,0
ORD01760,CUST0069,PROD0057,2023-03-23,2023-01-04,1,12771,20,45.5,10262.84,COD,In-Transit,South,Online,No,10262.84,10262.84,0,8626.93,8626.93,1635.91,15.94
ORD01212,CUST0109,PROD0036,2024-04-29,2024-02-05,1,1072,20,62.97,920.71,Net Banking,Shipped,North,Online,No,920.71,920.71,0,748.66,748.66,172.05,18.69
ORD01727,CUST0114,PROD0096,2023-10-14,2023-10-14,5,1277,0,78.89,6465.34,Credit Card,Returned,East,Online,No,6465.34,0,6465.34,882.12,78.89,-78.89,
ORD00635,CUST0111,PROD0087,2023-11-08,2023-07-11,5,3803,15,159.47,16325.7,Net Banking,Shipped,South,In-Store,No,16325.7,16325.7,0,2356.33,11781.65,4544.05,27.83
ORD00553,CUST0097,PROD0075,2023-03-02,2023-11-02,1,5250,20,190.65,4391.1,COD,Cancelled,South,Mobile App,No,4391.1,0,4391.1,4357.65,0,0,0
ORD01329,CUST0167,PROD0090,2023-04-15,2023-04-25,1,12088,5,244.44,11728.35,COD,Cancelled,South,In-Store,No,11728.35,0,11728.35,9190.14,0,0,0
ORD01056,CUST0013,PROD0076,2023-03-12,2023-09-12,4,16298,0,151.36,65346,Net Banking,Processing,North,Online,No,65346,65346,0,11481.47,45925.88,19420.12,29.72
ORD01550,CUST0161,PROD0046,2024-03-17,2024-03-27,1,6541,5,128.71,6342.96,COD,Processing,South,In-Store,No,6342.96,6342.96,0,5338.05,5338.05,1004.91,15.84
ORD00797,CUST0050,PROD0022,2024-02-05,2024-10-02,1,21812,10,148.34,19779.75,COD,Shipped,East,Mobile App,No,19779.75,19779.75,0,14768.15,14768.15,5011.6,25.34
ORD01652,CUST0054,PROD0073,2024-05-22,2024-05-26,5,10432,5,130.11,49682.54,Debit Card,Shipped,South,In-Store,Yes,49682.54,49682.54,0,7531.52,37657.6,12024.94,24.2
ORD01265,CUST0051,PROD0067,2024-10-05,2024-11-05,2,12277,5,10.08,24565.28,Debit Card,Returned,East,Online,No,24565.28,0,24565.28,7295.88,10.08,-10.08,
ORD01701,CUST0063,PROD0090,2023-06-16,2023-06-16,1,12088,0,81.09,12169.42,Debit Card,In-Transit,North,Mobile App,Yes,12169.42,12169.42,0,9190.14,9190.14,2979.28,24.48
ORD00175,CUST0177,PROD0049,2024-02-01,2024-01-11,1,17373,10,224.67,15860.65,Credit Card,Returned,South,Mobile App,Yes,15860.65,0,15860.65,14247.06,224.67,-224.67,
ORD00767,CUST0176,PROD0088,2024-06-01,2024-01-15,1,16043,15,51.12,13687.74,Debit Card,Shipped,East,Mobile App,No,13687.74,13687.74,0,10616.05,10616.05,3071.69,22.44
ORD00246,CUST0012,PROD0032,2024-12-19,2024-12-27,1,8752,0,43.06,8795.93,Credit Card,Delivered,West,In-Store,No,8795.93,8795.93,0,6910.99,6910.99,1884.94,21.43
ORD01081,CUST0087,PROD0013,2023-07-19,2023-07-24,1,7082,5,163.68,6892.01,Credit Card,Delivered,South,In-Store,Yes,6892.01,6892.01,0,4333.79,4333.79,2558.22,37.12
ORD01726,CUST0190,PROD0077,2023-11-06,2023-06-18,4,10379,0,28.12,41546.96,Credit Card,Returned,East,In-Store,No,41546.96,0,41546.96,8343.02,28.12,-28.12,
ORD00146,CUST0093,PROD0014,2023-08-06,2023-06-12,2,17479,10,213.74,31676.23,Upi,Returned,South,Online,No,31676.23,0,31676.23,9987.82,213.74,-213.74,
ORD00091,CUST0067,PROD0096,2024-06-12,2024-05-12,2,1277,0,96.64,2651.22,Debit Card,Processing,East,In-Store,No,2651.22,2651.22,0,882.12,1764.24,886.98,33.46
ORD01417,CUST0160,PROD0048,2023-06-04,2023-06-09,2,14926,15,12.48,25387.99,Upi,Returned,North,In-Store,No,25387.99,0,25387.99,10203.52,12.48,-12.48,
ORD00683,CUST0088,PROD0024,2023-09-04,2023-11-04,3,20116,0,176.82,60524.82,COD,Processing,South,Mobile App,No,60524.82,60524.82,0,13124.34,39373.02,21151.8,34.95
ORD00311,CUST0016,PROD0007,2023-12-07,2023-08-12,5,2136,15,249.18,9329.98,Upi,Processing,South,In-Store,Yes,9329.98,9329.98,0,1243.29,6216.45,3113.53,33.37
ORD01384,CUST0126,PROD0072,2023-02-11,2023-02-16,5,22878,5,7.3,108680.37,Debit Card,In-Transit,South,In-Store,No,108680.37,108680.37,0,14012.9,70064.5,38615.87,35.53
ORD00094,CUST0071,PROD0082,2023-11-29,2023-01-12,2,13459,10,47.09,24273.33,COD,Cancelled,East,Mobile App,No,24273.33,0,24273.33,8946.5,0,0,0
ORD00925,CUST0109,PROD0040,2024-09-29,2024-09-28,3,18476,5,147.53,55575.71,Credit Card,Delivered,North,Online,No,55575.71,55575.71,0,13298.28,39894.84,15680.87,28.22
ORD01676,CUST0157,PROD0025,2024-01-15,2024-01-25,2,15641,20,75.56,25102.68,Debit Card,Processing,South,Mobile App,No,25102.68,25102.68,0,11470.44,22940.88,2161.8,8.61
ORD01036,CUST0122,PROD0089,2024-11-12,2024-12-21,2,21184,15,56.38,36070.05,Credit Card,Delivered,West,Online,No,36070.05,36070.05,0,14354.61,28709.22,7360.83,20.41
ORD01401,CUST0158,PROD0090,2023-04-17,2023-04-16,5,12088,5,106.98,60548.63,Upi,Delivered,East,Online,No,60548.63,60548.63,0,9190.14,45950.7,14597.93,24.11
ORD00215,CUST0010,PROD0100,2023-07-26,2023-07-25,5,15869,0,199.76,79546.56,Upi,Delivered,South,In-Store,No,79546.56,79546.56,0,13163.47,65817.35,13729.21,17.26
ORD01198,CUST0076,PROD0021,2024-09-23,2024-09-29,3,6518,0,72.24,19628.85,Upi,Processing,North,In-Store,No,19628.85,19628.85,0,3663.61,10990.83,8638.02,44.01
ORD00999,CUST0031,PROD0001,2023-12-10,2023-12-15,1,21533,0,219.57,21753.51,Credit Card,Returned,North,Mobile App,Yes,21753.51,0,21753.51,13070.81,219.57,-219.57,
ORD00854,CUST0135,PROD0060,2023-07-05,2023-05-13,1,21989,5,60.27,20949.82,Debit Card,Delivered,East,Online,Yes,20949.82,20949.82,0,13181.61,13181.61,7768.21,37.08
ORD00426,CUST0023,PROD0072,2023-09-20,2023-09-30,1,22878,0,244.98,23123.52,Debit Card,Shipped,North,In-Store,Yes,23123.52,23123.52,0,14012.9,14012.9,9110.62,39.4
ORD01752,CUST0093,PROD0053,2024-07-21,2024-07-31,4,3950,0,176.31,15977.23,Credit Card,Cancelled,South,In-Store,No,15977.23,0,15977.23,3082.66,0,0,0
ORD01143,CUST0061,PROD0051,2024-02-29,2024-03-09,1,4843,0,119.49,4985.83,COD,Cancelled,North,Online,No,4985.83,0,4985.83,3819.21,0,0,0
ORD01144,CUST0063,PROD0018,2023-08-12,2023-12-18,1,21702,0,199.63,21902.15,Credit Card,Delivered,South,Online,No,21902.15,21902.15,0,12543.29,12543.29,9358.86,42.73
ORD00227,CUST0104,PROD0049,2024-03-21,2024-03-27,2,17373,0,118.72,34865.34,COD,Delivered,East,Online,No,34865.34,34865.34,0,14247.06,28494.12,6371.22,18.27
ORD01617,CUST0115,PROD0033,2023-10-10,2023-10-15,1,14138,5,216.93,13648.93,Net Banking,Shipped,West,Online,Yes,13648.93,13648.93,0,8668.21,8668.21,4980.72,36.49
ORD00001,CUST0117,PROD0083,2024-10-07,2024-07-16,5,17414,0,212.76,87283.01,COD,Delivered,North,Mobile App,No,87283.01,87283.01,0,12254.66,61273.3,26009.71,29.8
ORD01419,CUST0049,PROD0067,2024-11-10,2024-10-19,1,12277,10,128.76,11178.6,COD,Processing,North,Online,No,11178.6,11178.6,0,7295.88,7295.88,3882.72,34.73
ORD00402,CUST0004,PROD0065,2024-01-19,2024-01-24,4,1226,20,235.07,4159.87,Credit Card,Delivered,East,In-Store,No,4159.87,4159.87,0,713.8,2855.2,1304.67,31.36
ORD01429,CUST0173,PROD0038,2024-05-15,2024-05-16,1,7505,15,184.71,6564.55,COD,Cancelled,South,Mobile App,No,6564.55,0,6564.55,5349.26,0,0,0
ORD01104,CUST0168,PROD0016,2024-06-27,2024-07-02,1,9295,20,219.55,7656.14,COD,Delivered,North,In-Store,No,7656.14,7656.14,0,7676.48,7676.48,-20.34,-0.27
ORD00085,CUST0187,PROD0009,2023-03-31,2023-04-04,1,9274,20,138.01,7557.83,Upi,Delivered,East,In-Store,No,7557.83,7557.83,0,7186.87,7186.87,370.96,4.91
ORD00163,CUST0116,PROD0053,2023-06-21,2023-06-21,1,3950,0,181.94,4132.17,Net Banking,Returned,North,Online,No,4132.17,0,4132.17,3082.66,181.94,-181.94,
ORD00115,CUST0194,PROD0054,2023-02-17,2023-02-25,1,16339,5,119.49,16454.2,Net Banking,Cancelled,West,Online,No,16454.2,0,16454.2,10050.81,0,0,0
ORD00671,CUST0065,PROD0046,2024-11-30,2024-03-12,3,6541,5,69.16,18711.92,Net Banking,Processing,South,Mobile App,No,18711.92,18711.92,0,5338.05,16014.15,2697.77,14.42
ORD01175,CUST0015,PROD0026,2023-06-17,2023-06-15,2,21234,0,148.67,42618.09,Debit Card,Delivered,North,In-Store,No,42618.09,42618.09,0,12268.88,24537.76,18080.33,42.42
ORD01519,CUST0147,PROD0032,2024-02-21,2024-02-27,1,8752,20,48.97,7051.27,Credit Card,Returned,West,In-Store,No,7051.27,0,7051.27,6910.99,48.97,-48.97,
ORD01509,CUST0066,PROD0027,2024-04-28,2024-01-05,1,6491,20,109.04,5302.39,Debit Card,Delivered,North,In-Store,No,5302.39,5302.39,0,3613.09,3613.09,1689.3,31.86
ORD01393,CUST0073,PROD0075,2023-01-30,2023-02-04,1,5250,5,140.77,5391.33,Debit Card,Shipped,East,In-Store,No,5391.33,5391.33,0,4357.65,4357.65,1033.68,19.17
ORD01502,CUST0003,PROD0091,2023-04-07,2023-07-06,1,18810,0,161.58,18972.27,Credit Card,Cancelled,West,In-Store,No,18972.27,0,18972.27,11590.5,0,0,0
ORD00626,CUST0093,PROD0092,2023-10-26,2023-10-28,1,6775,10,118.82,6216.81,Debit Card,Cancelled,North,Mobile App,No,6216.81,0,6216.81,4388.06,0,0,0
ORD00953,CUST0084,PROD0048,2024-05-09,2024-09-03,4,14926,5,1.92,59709,COD,Shipped,East,Online,No,59709,59709,0,10203.52,40814.08,18894.92,31.65
ORD00808,CUST0176,PROD0055,2023-03-23,2023-03-26,2,18803,5,5.17,37612.95,Credit Card,Cancelled,West,Mobile App,No,37612.95,0,37612.95,10705.96,0,0,0
ORD00259,CUST0177,PROD0043,2024-06-27,2024-06-25,2,11229,20,188.22,18154.64,COD,Delivered,South,Mobile App,No,18154.64,18154.64,0,7493.43,14986.86,3167.78,17.45
ORD00625,CUST0193,PROD0032,2023-09-24,2023-09-27,2,8752,5,119.49,17588.41,Net Banking,Shipped,North,In-Store,No,17588.41,17588.41,0,6910.99,13821.98,3766.43,21.41
ORD00827,CUST0100,PROD0035,2023-06-14,2023-06-19,2,13720,5,226.2,27667.3,COD,Delivered,South,Mobile App,No,27667.3,27667.3,0,8206.82,16413.64,11253.66,40.67
ORD00235,CUST0122,PROD0096,2024-06-29,2024-06-30,4,1277,20,118.65,4205.98,COD,Cancelled,North,Mobile App,Yes,4205.98,0,4205.98,882.12,0,0,0
ORD00136,CUST0131,PROD0012,2024-02-11,2024-02-14,1,1389,0,165.67,1555.17,COD,Processing,East,Mobile App,Yes,1555.17,1555.17,0,880.25,880.25,674.92,43.4
ORD00617,CUST0138,PROD0017,2024-01-23,2024-01-30,1,5329,0,98.94,5428.48,COD,Cancelled,,Online,No,5428.48,0,5428.48,2960.88,0,0,0
ORD00837,CUST0107,PROD0014,2024-03-21,2024-03-22,1,17479,10,178.42,15909.66,COD,Cancelled,West,In-Store,No,15909.66,0,15909.66,9987.82,0,0,0
ORD00843,CUST0162,PROD0096,2024-11-09,2024-09-09,1,1277,15,78.21,1163.91,Credit Card,Returned,East,In-Store,Yes,1163.91,0,1163.91,882.12,78.21,-78.21,
ORD00960,CUST0068,PROD0022,2024-10-15,2024-10-25,4,21812,0,36.82,87287.54,Net Banking,Cancelled,West,Online,No,87287.54,0,87287.54,14768.15,0,0,0
ORD00593,CUST0192,PROD0001,2023-11-15,2023-11-17,1,21533,15,29.43,18333.28,Credit Card,Delivered,South,In-Store,No,18333.28,18333.28,0,13070.81,13070.81,5262.47,28.7
ORD01315,CUST0157,PROD0047,2023-04-27,2023-05-05,2,1927,0,128.37,3983.71,COD,Delivered,West,Mobile App,No,3983.71,3983.71,0,1218.11,2436.22,1547.49,38.85
ORD01526,CUST0077,PROD0012,2023-03-19,2023-03-24,5,1389,5,162.94,6763.06,Credit Card,Processing,North,Mobile App,No,6763.06,6763.06,0,880.25,4401.25,2361.81,34.92
ORD01292,CUST0167,PROD0019,2023-02-17,2023-02-17,2,7411,0,5.42,14829.26,Credit Card,Returned,North,Mobile App,No,14829.26,0,14829.26,5713.13,5.42,-5.42,
ORD00344,CUST0037,PROD0019,2024-08-26,2024-08-30,1,7411,10,222.26,6892.99,Credit Card,Cancelled,West,In-Store,No,6892.99,0,6892.99,5713.13,0,0,0
ORD01567,CUST0192,PROD0051,2023-03-01,2023-01-08,1,4843,0,207.8,5050.82,Credit Card,Returned,West,Mobile App,No,5050.82,0,5050.82,3819.21,207.8,-207.8,
ORD00294,CUST0112,PROD0026,2024-05-23,2024-05-31,1,21234,5,71.84,20244.81,Credit Card,In-Transit,West,Online,Yes,20244.81,20244.81,0,12268.88,12268.88,7975.93,39.4
ORD00365,CUST0110,PROD0080,2024-09-26,2024-09-25,3,2998,0,113.52,9108.12,Debit Card,Processing,East,Mobile App,Yes,9108.12,9108.12,0,2141.84,6425.52,2682.6,29.45
ORD00179,CUST0004,PROD0027,2024-02-11,2024-07-11,1,6491,5,200.25,6691.94,COD,Shipped,West,Online,Yes,6691.94,6691.94,0,3613.09,3613.09,3078.85,46.01
ORD00660,CUST0059,PROD0059,2023-04-24,2023-04-23,1,2138,10,31.57,1955.89,Net Banking,Delivered,East,In-Store,No,1955.89,1955.89,0,1198.89,1198.89,757,38.7
ORD00997,CUST0055,PROD0093,2023-07-07,2023-10-07,2,6077,5,158.43,12313.27,Net Banking,In-Transit,West,In-Store,No,12313.27,12313.27,0,4427.74,8855.48,3457.79,28.08
ORD00015,CUST0086,PROD0039,2023-01-16,2023-01-17,2,15091,0,186.72,30369.02,Upi,Shipped,East,Online,Yes,30369.02,30369.02,0,12191.32,24382.64,5986.38,19.71
ORD01395,CUST0154,PROD0012,2024-03-29,2024-03-29,1,1389,5,73.87,1463.37,Credit Card,Delivered,South,Mobile App,No,1463.37,1463.37,0,880.25,880.25,583.12,39.85
ORD00166,CUST0139,PROD0030,2023-02-04,2023-07-04,2,509,15,103.05,968.98,Debit Card,Returned,South,Online,No,968.98,0,968.98,383.16,103.05,-103.05,
ORD01360,CUST0058,PROD0042,2023-10-05,2023-06-10,2,17560,20,119.49,28234.67,Upi,In-Transit,West,In-Store,No,28234.67,28234.67,0,12010.2,24020.4,4214.27,14.93
ORD00060,CUST0185,PROD0041,2023-05-10,2023-10-04,3,1025,0,125.51,3201.65,Net Banking,Shipped,North,Mobile App,No,3201.65,3201.65,0,645.65,1936.95,1264.7,39.5
ORD00710,CUST0115,PROD0003,2024-05-18,2024-05-23,3,5104,15,246.95,13262.53,Credit Card,Delivered,West,Mobile App,No,13262.53,13262.53,0,3913.93,11741.79,1520.74,11.47
ORD00677,CUST0148,PROD0050,2023-09-25,2023-04-10,3,17713,10,107.83,47934.74,Credit Card,Cancelled,West,In-Store,Yes,47934.74,0,47934.74,11469.96,0,0,0
ORD01379,CUST0098,PROD0002,2024-02-05,2024-04-30,1,10538,0,73.52,10612.17,Upi,Delivered,North,Online,No,10612.17,10612.17,0,8006.01,8006.01,2606.16,24.56
ORD00781,CUST0040,PROD0017,2023-05-09,2023-12-09,3,5329,10,115.6,14505.36,Credit Card,Delivered,East,In-Store,No,14505.36,14505.36,0,2960.88,8882.64,5622.72,38.76
ORD00425,CUST0133,PROD0075,2024-05-07,2024-07-14,1,5250,5,119.49,5229.45,Upi,Delivered,North,In-Store,No,5229.45,5229.45,0,4357.65,4357.65,871.8,16.67
ORD00293,CUST0006,PROD0041,2024-01-22,2024-01-29,4,1025,15,143.13,3629.42,Upi,Delivered,North,Mobile App,No,3629.42,3629.42,0,645.65,2582.6,1046.82,28.84
ORD01066,CUST0006,PROD0029,2023-07-22,2023-07-24,4,13437,5,110.24,53861.36,Net Banking,Cancelled,East,Online,Yes,53861.36,0,53861.36,10471.47,0,0,0
ORD01781,CUST0029,PROD0031,2023-07-30,2023-09-08,1,15661,0,190.86,15852.06,Credit Card,Shipped,South,Online,Yes,15852.06,15852.06,0,11664.97,11664.97,4187.09,26.41
ORD00330,CUST0107,PROD0064,2023-07-11,2023-08-11,2,13808,0,249.82,27866.72,Net Banking,Delivered,South,Mobile App,No,27866.72,27866.72,0,8917.95,17835.9,10030.82,36
ORD00430,CUST0070,PROD0016,2024-06-28,2024-06-27,1,9295,20,16.49,7453.08,Debit Card,Delivered,South,Online,No,7453.08,7453.08,0,7676.48,7676.48,-223.4,-3
ORD01013,CUST0192,PROD0068,2023-04-23,2023-04-22,4,3558,15,144.32,12244.21,COD,Shipped,North,Mobile App,No,12244.21,12244.21,0,2455.4,9821.6,2422.61,19.79
ORD00080,CUST0068,PROD0085,2023-10-16,2023-10-18,2,4165,0,12.41,8343.15,Debit Card,Processing,West,Online,No,8343.15,8343.15,0,2640.63,5281.26,3061.89,36.7
ORD01053,CUST0136,PROD0021,2024-04-18,2024-04-22,2,6518,20,74.93,10505.12,COD,Cancelled,North,Online,No,10505.12,0,10505.12,3663.61,0,0,0
ORD00938,CUST0140,PROD0052,2023-09-24,2023-09-26,1,3087,0,40.18,3128.12,Net Banking,Returned,South,Online,No,3128.12,0,3128.12,1854.64,40.18,-40.18,
ORD00835,CUST0189,PROD0006,2023-03-07,2023-03-12,2,6650,5,33.16,12669.32,COD,In-Transit,West,Mobile App,Yes,12669.32,12669.32,0,5343.94,10687.88,1981.44,15.64
ORD00891,CUST0135,PROD0051,2024-04-16,2024-04-23,4,4843,5,35.09,18438.57,COD,Shipped,East,In-Store,No,18438.57,18438.57,0,3819.21,15276.84,3161.73,17.15
ORD00255,CUST0108,PROD0022,2023-12-18,2023-12-19,2,21812,0,197.39,43822.75,Net Banking,Returned,West,In-Store,No,43822.75,0,43822.75,14768.15,197.39,-197.39,
ORD01724,CUST0103,PROD0014,2024-04-13,2024-04-18,1,17479,20,160.83,14144.16,Credit Card,Delivered,North,In-Store,No,14144.16,14144.16,0,9987.82,9987.82,4156.34,29.39
ORD01483,CUST0110,PROD0064,2023-03-22,2023-03-23,5,13808,5,183.59,69225.84,Debit Card,Processing,South,Online,No,69225.84,69225.84,0,8917.95,44589.75,24636.09,35.59
ORD01408,CUST0126,PROD0047,2024-11-19,2024-11-23,3,1927,20,153.4,4779.81,Debit Card,Processing,North,Mobile App,No,4779.81,4779.81,0,1218.11,3654.33,1125.48,23.55
ORD01109,CUST0033,PROD0085,2023-09-07,2023-08-07,1,4165,5,59.21,4224.58,COD,Returned,West,In-Store,No,4224.58,0,4224.58,2640.63,59.21,-59.21,
ORD00137,CUST0011,PROD0029,2024-05-14,2024-05-15,1,13437,10,92.36,12186.36,Net Banking,Delivered,North,Mobile App,No,12186.36,12186.36,0,10471.47,10471.47,1714.89,14.07
ORD01136,CUST0199,PROD0093,2023-02-05,2023-02-06,2,6077,5,147.66,11694.76,COD,Cancelled,South,In-Store,No,11694.76,0,11694.76,4427.74,0,0,0
ORD01219,CUST0189,PROD0048,2023-03-24,2023-03-04,4,14926,0,138.86,59845.94,COD,Processing,East,In-Store,Yes,59845.94,59845.94,0,10203.52,40814.08,19031.86,31.8
ORD00853,CUST0075,PROD0031,2023-07-29,2023-07-30,2,15661,15,48.58,26672.62,Credit Card,Delivered,South,Online,No,26672.62,26672.62,0,11664.97,23329.94,3342.68,12.53
ORD00724,CUST0112,PROD0021,2024-05-14,2024-05-22,1,6518,15,240.36,5781.4,Net Banking,Shipped,East,Online,No,5781.4,5781.4,0,3663.61,3663.61,2117.79,36.63
ORD00860,CUST0102,PROD0055,2024-03-21,2024-03-31,1,18803,0,29.13,18833.02,Credit Card,Returned,West,Mobile App,No,18833.02,0,18833.02,10705.96,29.13,-29.13,
ORD00970,CUST0045,PROD0035,2023-05-16,2023-05-17,1,13720,5,148.1,13182.62,COD,Processing,West,Online,No,13182.62,13182.62,0,8206.82,8206.82,4975.8,37.75
ORD00497,CUST0099,PROD0055,2023-07-24,2023-07-31,3,18803,15,224.47,48174.39,COD,Processing,North,Mobile App,No,48174.39,48174.39,0,10705.96,32117.88,16056.51,33.33
ORD00951,CUST0067,PROD0041,2024-11-06,2024-04-11,1,1025,0,153.42,1178.8,Debit Card,In-Transit,East,Mobile App,No,1178.8,1178.8,0,645.65,645.65,533.15,45.23
ORD00806,CUST0002,PROD0068,2023-08-23,2023-08-21,2,3558,5,59.74,7177.32,Net Banking,Cancelled,North,In-Store,Yes,7177.32,0,7177.32,2455.4,0,0,0
ORD00338,CUST0055,PROD0012,2024-07-06,2024-07-11,2,1389,15,189.26,2551.41,Debit Card,In-Transit,East,In-Store,No,2551.41,2551.41,0,880.25,1760.5,790.91,31
ORD00609,CUST0007,PROD0070,2023-01-10,2023-01-10,2,2262,15,104.27,3950.61,COD,Cancelled,West,In-Store,No,3950.61,0,3950.61,1682.14,0,0,0
ORD01149,CUST0007,PROD0087,2023-05-18,2023-05-20,3,3803,15,146.09,9845.83,Upi,Returned,North,Online,No,9845.83,0,9845.83,2356.33,146.09,-146.09,
ORD00196,CUST0041,PROD0041,2023-11-03,2023-03-17,1,1025,0,46.03,1071.41,Net Banking,In-Transit,North,In-Store,Yes,1071.41,1071.41,0,645.65,645.65,425.76,39.74
ORD01251,CUST0142,PROD0035,2024-06-08,2024-11-08,4,13720,0,62.48,54944.68,Upi,Cancelled,East,Mobile App,No,54944.68,0,54944.68,8206.82,0,0,0
ORD01293,CUST0077,PROD0064,2024-06-11,2024-05-11,1,13808,0,222.36,14030.81,Debit Card,In-Transit,South,In-Store,Yes,14030.81,14030.81,0,8917.95,8917.95,5112.86,36.44
ORD00910,CUST0069,PROD0054,2023-06-05,2023-11-05,5,16339,5,54.72,81753.97,Net Banking,Processing,South,In-Store,No,81753.97,81753.97,0,10050.81,50254.05,31499.92,38.53
ORD00585,CUST0054,PROD0022,2023-01-03,2023-01-13,2,21812,5,119.49,41466.92,Credit Card,Delivered,North,Online,No,41466.92,41466.92,0,14768.15,29536.3,11930.62,28.77
ORD00104,CUST0078,PROD0054,2024-08-11,2024-07-11,1,16339,10,155.7,14861.57,Credit Card,Returned,West,In-Store,No,14861.57,0,14861.57,10050.81,155.7,-155.7,
ORD01839,CUST0025,PROD0070,2023-05-04,2023-04-08,1,2262,0,96.19,2358.74,Upi,Processing,South,Online,Yes,2358.74,2358.74,0,1682.14,1682.14,676.6,28.68
ORD00720,CUST0196,PROD0092,2024-01-04,2024-03-30,1,6775,15,147.03,5906.24,Upi,Returned,South,Mobile App,Yes,5906.24,0,5906.24,4388.06,147.03,-147.03,
ORD00885,CUST0146,PROD0051,2024-04-12,2024-04-22,1,4843,10,58.8,4417.52,Credit Card,Delivered,South,Online,No,4417.52,4417.52,0,3819.21,3819.21,598.31,13.54
ORD00777,CUST0044,PROD0029,2024-08-22,2024-08-30,1,13437,5,211.48,12977.37,COD,Returned,North,Mobile App,No,12977.37,0,12977.37,10471.47,211.48,-211.48,
ORD01570,CUST0164,PROD0040,2023-08-16,2023-08-26,4,18476,5,164.31,74068.55,Credit Card,Processing,North,In-Store,Yes,74068.55,74068.55,0,13298.28,53193.12,20875.43,28.18
ORD00895,CUST0013,PROD0026,2024-06-18,2024-06-27,3,21234,5,67.28,60586.2,Net Banking,Delivered,South,Mobile App,No,60586.2,60586.2,0,12268.88,36806.64,23779.56,39.25
ORD00228,CUST0005,PROD0019,2024-05-13,2024-05-21,4,7411,0,21.17,29668.85,Upi,Returned,West,Online,No,29668.85,0,29668.85,5713.13,21.17,-21.17,
ORD00915,CUST0192,PROD0045,2024-10-11,2024-11-08,1,13766,10,49.71,12439.65,Credit Card,Processing,East,Online,No,12439.65,12439.65,0,9947.7,9947.7,2491.95,20.03
ORD01326,CUST0063,PROD0092,2023-11-20,2023-11-18,4,6775,5,81.98,27184.14,Debit Card,Cancelled,South,Mobile App,No,27184.14,0,27184.14,4388.06,0,0,0
ORD01300,CUST0081,PROD0002,2023-10-16,2023-10-23,2,10538,0,205.89,21283.19,Upi,Delivered,East,Online,No,21283.19,21283.19,0,8006.01,16012.02,5271.17,24.77
ORD00127,CUST0180,PROD0095,2024-03-21,2024-03-26,1,14966,0,5.94,14972.33,Credit Card,Processing,West,Mobile App,No,14972.33,14972.33,0,11139.28,11139.28,3833.05,25.6
ORD00406,CUST0079,PROD0001,2023-06-22,2023-06-27,1,21533,0,17.46,21551.4,COD,Delivered,West,Online,No,21551.4,21551.4,0,13070.81,13070.81,8480.59,39.35
ORD00776,CUST0183,PROD0003,2024-03-02,2024-10-02,3,5104,15,95.24,13110.82,Debit Card,Shipped,South,Mobile App,No,13110.82,13110.82,0,3913.93,11741.79,1369.03,10.44
ORD00822,CUST0001,PROD0015,2024-02-20,2024-02-27,2,6720,10,172.82,12269.63,Credit Card,Shipped,West,Mobile App,No,12269.63,12269.63,0,4712.77,9425.54,2844.09,23.18
ORD00712,CUST0167,PROD0031,2024-12-18,2024-12-23,2,15661,5,249.04,31571.44,Credit Card,Cancelled,North,Online,No,31571.44,0,31571.44,11664.97,0,0,0
ORD01061,CUST0139,PROD0071,2024-01-15,2024-01-13,2,1509,10,222.56,2939.21,Debit Card,Shipped,North,Online,No,2939.21,2939.21,0,854.02,1708.04,1231.17,41.89
ORD01164,CUST0007,PROD0007,2023-03-29,2023-03-29,1,2136,5,130.59,2160.42,Credit Card,Processing,East,Online,No,2160.42,2160.42,0,1243.29,1243.29,917.13,42.45
ORD00304,CUST0042,PROD0057,2024-08-10,2024-11-10,4,12771,0,68.51,51155.23,COD,Cancelled,South,In-Store,No,51155.23,0,51155.23,8626.93,0,0,0
ORD00268,CUST0171,PROD0019,2024-01-08,2024-10-08,5,7411,15,172.29,31672.95,Credit Card,Processing,West,Online,No,31672.95,31672.95,0,5713.13,28565.65,3107.3,9.81
ORD01558,CUST0154,PROD0081,2023-12-06,2023-06-18,5,3839,10,134.36,17410.09,Net Banking,Cancelled,East,Online,No,17410.09,0,17410.09,2182.74,0,0,0
ORD00546,CUST0028,PROD0071,2024-02-02,2024-11-02,2,1509,5,105.96,3124.46,Debit Card,Delivered,North,Mobile App,Yes,3124.46,3124.46,0,854.02,1708.04,1416.42,45.33
ORD00213,CUST0143,PROD0069,2023-01-20,2023-01-21,3,18001,15,16.55,45921.11,Credit Card,Processing,South,Online,No,45921.11,45921.11,0,12936.13,38808.39,7112.72,15.49
ORD01493,CUST0094,PROD0046,2024-04-04,2024-04-04,4,6541,0,104.64,26269.92,COD,Shipped,East,Mobile App,Yes,26269.92,26269.92,0,5338.05,21352.2,4917.72,18.72
ORD01223,CUST0042,PROD0039,2024-04-19,2024-04-18,1,15091,5,95.58,14432.17,Net Banking,Processing,North,Mobile App,No,14432.17,14432.17,0,12191.32,12191.32,2240.85,15.53
ORD00917,CUST0014,PROD0015,2024-12-09,2024-09-22,1,6720,0,28.18,6748.63,Credit Card,In-Transit,South,Mobile App,Yes,6748.63,6748.63,0,4712.77,4712.77,2035.86,30.17
ORD01552,CUST0193,PROD0058,2023-03-23,2023-02-04,1,9834,5,127.23,9469.6,Upi,In-Transit,West,In-Store,No,9469.6,9469.6,0,6032.58,6032.58,3437.02,36.3
ORD00676,CUST0166,PROD0028,2023-05-29,2023-05-27,2,20039,5,241.15,38316.45,Upi,Delivered,North,In-Store,No,38316.45,38316.45,0,12603.73,25207.46,13108.99,34.21
ORD01290,CUST0007,PROD0078,2024-04-01,2024-01-08,5,13015,5,54.25,61877.21,Debit Card,Processing,East,Mobile App,No,61877.21,61877.21,0,10237.94,51189.7,10687.51,17.27
ORD00815,CUST0076,PROD0005,2023-04-20,2023-04-18,2,2915,0,173.98,6004.74,Net Banking,Cancelled,South,Online,No,6004.74,0,6004.74,2349.27,0,0,0
ORD01266,CUST0111,PROD0004,2024-03-30,2024-08-04,1,10787,20,216.5,8846.52,Net Banking,Cancelled,South,Online,No,8846.52,0,8846.52,7012.9,0,0,0
ORD00343,CUST0192,PROD0021,2024-07-26,2024-07-29,1,6518,20,27.58,5242.68,Upi,Shipped,North,Online,No,5242.68,5242.68,0,3663.61,3663.61,1579.07,30.12
ORD00550,CUST0149,PROD0041,2023-12-02,2023-02-18,2,1025,0,237.93,2288.69,COD,Delivered,South,In-Store,No,2288.69,2288.69,0,645.65,1291.3,997.39,43.58
ORD01411,CUST0169,PROD0048,2023-05-01,2023-05-01,1,14926,5,73.18,14253.61,COD,Returned,East,Mobile App,No,14253.61,0,14253.61,10203.52,73.18,-73.18,
ORD00967,CUST0014,PROD0069,2023-08-04,2023-08-10,3,18001,0,118.78,54124.15,COD,Processing,South,In-Store,Yes,54124.15,54124.15,0,12936.13,38808.39,15315.76,28.3
ORD01231,CUST0153,PROD0044,2023-08-21,2023-08-27,3,15370,15,120.43,39314.62,COD,Delivered,North,In-Store,No,39314.62,39314.62,0,9076.55,27229.65,12084.97,30.74
ORD00296,CUST0132,PROD0059,2024-11-18,2024-11-28,1,2138,0,220.22,2358.35,Net Banking,Shipped,East,In-Store,No,2358.35,2358.35,0,1198.89,1198.89,1159.46,49.16
ORD01453,CUST0045,PROD0050,2024-10-28,2024-06-11,4,17713,0,64.89,70919.57,Credit Card,In-Transit,South,Online,Yes,70919.57,70919.57,0,11469.96,45879.84,25039.73,35.31
ORD00074,CUST0199,PROD0015,2024-06-22,2024-06-25,1,6720,15,176.13,5888.51,Upi,Processing,West,Mobile App,No,5888.51,5888.51,0,4712.77,4712.77,1175.74,19.97
ORD00606,CUST0042,PROD0041,2023-12-05,2023-05-19,1,1025,20,171.57,991.87,COD,Processing,South,In-Store,No,991.87,991.87,0,645.65,645.65,346.22,34.91
ORD00105,CUST0068,PROD0067,2023-07-26,2023-07-29,4,12277,10,40.09,44239.45,Credit Card,Processing,South,Online,No,44239.45,44239.45,0,7295.88,29183.52,15055.93,34.03
ORD00646,CUST0110,PROD0020,2023-09-23,2023-09-24,3,9020,5,163.4,27224.66,COD,Delivered,West,In-Store,No,27224.66,27224.66,0,5528.06,16584.18,10640.48,39.08
ORD01405,CUST0179,PROD0020,2023-07-09,2023-09-16,1,9020,5,35.8,8605.2,Net Banking,Returned,North,Online,No,8605.2,0,8605.2,5528.06,35.8,-35.8,
ORD01041,CUST0100,PROD0032,2024-12-10,2024-10-22,5,8752,5,16.67,41592.8,Debit Card,Delivered,West,Mobile App,No,41592.8,41592.8,0,6910.99,34554.95,7037.85,16.92
ORD00440,CUST0042,PROD0018,2023-12-29,2024-07-01,4,21702,0,89.81,86899.89,Credit Card,Delivered,West,Online,Yes,86899.89,86899.89,0,12543.29,50173.16,36726.73,42.26
ORD01020,CUST0043,PROD0059,2023-07-14,2023-07-14,1,2138,20,33.67,1744.17,COD,Cancelled,West,Mobile App,No,1744.17,0,1744.17,1198.89,0,0,0
ORD00092,CUST0200,PROD0099,2024-11-29,2024-11-27,5,17888,0,161.84,89603.44,COD,Processing,North,Online,Yes,89603.44,89603.44,0,13707.12,68535.6,21067.84,23.51
ORD01113,CUST0118,PROD0026,2023-09-24,2023-09-26,2,21234,0,83.34,42552.76,Credit Card,Delivered,West,In-Store,No,42552.76,42552.76,0,12268.88,24537.76,18015,42.34
ORD01747,CUST0195,PROD0037,2024-04-26,2024-05-01,2,8588,10,111.71,15570.78,Credit Card,Returned,,Mobile App,No,15570.78,0,15570.78,5237.56,111.71,-111.71,
ORD00909,CUST0084,PROD0085,2024-08-22,2024-08-21,2,4165,5,138.28,8052.48,COD,Returned,West,Mobile App,Yes,8052.48,0,8052.48,2640.63,138.28,-138.28,
ORD01475,CUST0096,PROD0026,2023-02-27,2023-03-04,2,21234,15,12.78,36111.79,Debit Card,Returned,West,In-Store,No,36111.79,0,36111.79,12268.88,12.78,-12.78,
ORD00103,CUST0137,PROD0080,2023-02-19,2023-02-24,1,2998,0,163.39,3161.59,Debit Card,Returned,East,In-Store,Yes,3161.59,0,3161.59,2141.84,163.39,-163.39,
ORD00239,CUST0164,PROD0059,2023-11-10,2023-10-21,4,2138,15,64.33,7333.97,Debit Card,Delivered,West,Online,No,7333.97,7333.97,0,1198.89,4795.56,2538.41,34.61
ORD01809,CUST0191,PROD0061,2023-10-01,2023-01-20,1,18867,5,11.66,18878.87,COD,In-Transit,East,In-Store,No,18878.87,18878.87,0,12487.72,12487.72,6391.15,33.85
ORD00943,CUST0108,PROD0090,2024-10-17,2024-10-19,4,12088,20,136.7,38819.36,Credit Card,Returned,North,In-Store,Yes,38819.36,0,38819.36,9190.14,136.7,-136.7,
ORD01271,CUST0142,PROD0052,2024-01-12,2024-03-12,1,3087,5,133.54,3221.48,Upi,Shipped,East,Mobile App,No,3221.48,3221.48,0,1854.64,1854.64,1366.84,42.43
ORD00939,CUST0045,PROD0008,2023-01-27,2023-01-29,1,15504,0,104.7,15608.94,COD,Delivered,North,In-Store,No,15608.94,15608.94,0,8746.91,8746.91,6862.03,43.96
ORD01685,CUST0119,PROD0075,2023-09-24,2023-10-01,3,5250,0,234.07,15985.75,Net Banking,Shipped,West,Mobile App,Yes,15985.75,15985.75,0,4357.65,13072.95,2912.8,18.22
ORD01182,CUST0010,PROD0050,2024-08-09,2024-09-16,4,17713,15,211.73,60438.21,Upi,Delivered,East,In-Store,No,60438.21,60438.21,0,11469.96,45879.84,14558.37,24.09
ORD01504,CUST0194,PROD0048,2023-08-01,2023-01-17,2,14926,5,102.84,29956.38,Debit Card,Delivered,North,In-Store,No,29956.38,29956.38,0,10203.52,20407.04,9549.34,31.88
ORD00006,CUST0084,PROD0067,2024-03-28,2024-03-27,2,12277,5,22.74,24577.94,Credit Card,Returned,West,Mobile App,Yes,24577.94,0,24577.94,7295.88,22.74,-22.74,
ORD01807,CUST0025,PROD0021,2023-03-30,2023-09-04,1,6518,0,137.65,6656.52,Upi,Processing,East,Online,No,6656.52,6656.52,0,3663.61,3663.61,2992.91,44.96
ORD00966,CUST0180,PROD0082,2023-04-17,2023-04-23,1,13459,20,110.14,10877.36,Debit Card,Shipped,South,Mobile App,No,10877.36,10877.36,0,8946.5,8946.5,1930.86,17.75
ORD00019,CUST0162,PROD0030,2023-11-03,2023-03-20,1,509,0,54.68,564.05,COD,Returned,North,Online,No,564.05,0,564.05,383.16,54.68,-54.68,
ORD01431,CUST0069,PROD0003,2023-01-18,2023-01-25,3,5104,0,40.37,15352.82,COD,Shipped,East,In-Store,No,15352.82,15352.82,0,3913.93,11741.79,3611.03,23.52
ORD00122,CUST0048,PROD0023,2024-06-10,2024-09-06,4,24502,0,107.13,98117.37,COD,Delivered,North,In-Store,No,98117.37,98117.37,0,14497.4,57989.6,40127.77,40.9
ORD00662,CUST0043,PROD0082,2024-10-11,2024-10-18,2,13459,0,135.21,27053.25,Debit Card,Cancelled,West,Online,No,27053.25,0,27053.25,8946.5,0,0,0
ORD01675,CUST0002,PROD0047,2024-08-01,2024-01-14,1,1927,5,218.18,2145.85,Upi,Delivered,East,Mobile App,No,2145.85,2145.85,0,1218.11,1218.11,927.74,43.23
ORD00275,CUST0015,PROD0019,2023-11-24,2023-11-29,1,7411,15,40.83,6340.96,Credit Card,Returned,West,Mobile App,No,6340.96,0,6340.96,5713.13,40.83,-40.83,
ORD00434,CUST0105,PROD0099,2023-11-17,2023-11-16,1,17888,0,182.49,18070.81,Credit Card,Cancelled,South,Mobile App,No,18070.81,0,18070.81,13707.12,0,0,0
ORD00812,CUST0027,PROD0066,2024-02-17,2024-02-18,1,16714,5,155.27,16034.14,Net Banking,Returned,West,Online,No,16034.14,0,16034.14,11527.69,155.27,-155.27,
ORD01336,CUST0145,PROD0071,2023-03-15,2023-03-23,2,1509,0,56.98,3075.48,Debit Card,Returned,West,Mobile App,No,3075.48,0,3075.48,854.02,56.98,-56.98,
ORD00848,CUST0161,PROD0094,2023-09-22,2023-09-30,1,5579,5,124.61,5704.27,Upi,Shipped,West,In-Store,No,5704.27,5704.27,0,3288.4,3288.4,2415.87,42.35
ORD01002,CUST0170,PROD0025,2024-06-08,2024-06-13,2,15641,15,215.47,26806.79,Credit Card,Cancelled,South,Online,No,26806.79,0,26806.79,11470.44,0,0,0
ORD01571,CUST0125,PROD0052,2024-11-12,2024-12-12,2,3087,0,86.44,6262.32,Credit Card,Cancelled,North,Online,No,6262.32,0,6262.32,1854.64,0,0,0
ORD00182,CUST0163,PROD0056,2023-11-28,2023-05-12,2,24757,5,93.77,47132.98,Credit Card,In-Transit,North,Mobile App,Yes,47132.98,47132.98,0,14778.47,29556.94,17576.04,37.29
ORD00185,CUST0025,PROD0077,2024-10-19,2024-10-21,1,10379,20,19.62,8323.39,Credit Card,Shipped,West,Online,No,8323.39,8323.39,0,8343.02,8343.02,-19.63,-0.24
ORD00407,CUST0029,PROD0058,2024-03-08,2024-04-08,1,9834,5,14.75,9357.12,COD,Processing,South,Mobile App,No,9357.12,9357.12,0,6032.58,6032.58,3324.54,35.53
ORD00866,CUST0094,PROD0075,2024-01-29,2024-02-06,2,5250,0,82.59,10583.71,Debit Card,Delivered,West,Online,No,10583.71,10583.71,0,4357.65,8715.3,1868.41,17.65
ORD01631,CUST0187,PROD0100,2023-08-30,2023-09-03,3,15869,0,119.49,47618.76,Credit Card,Cancelled,North,Online,No,47618.76,0,47618.76,13163.47,0,0,0
ORD00521,CUST0079,PROD0011,2023-01-11,2023-11-08,5,13029,0,93.99,65238.99,COD,Cancelled,West,Mobile App,No,65238.99,0,65238.99,9186.1,0,0,0
ORD01004,CUST0147,PROD0090,2023-03-06,2023-03-11,2,12088,10,119.49,21841.75,Upi,Processing,North,Mobile App,No,21841.75,21841.75,0,9190.14,18380.28,3461.47,15.85
ORD00381,CUST0077,PROD0042,2024-08-24,2024-08-22,1,17560,0,38.42,17599.38,Upi,Shipped,East,Online,No,17599.38,17599.38,0,12010.2,12010.2,5589.18,31.76
ORD01435,CUST0024,PROD0033,2024-01-29,2024-01-30,1,14138,20,119.49,11557.4,Net Banking,In-Transit,East,Mobile App,No,11557.4,11557.4,0,8668.21,8668.21,2889.19,25
ORD01659,CUST0020,PROD0039,2024-11-01,2024-09-01,2,15091,0,209.4,30391.7,COD,Delivered,North,Online,No,30391.7,30391.7,0,12191.32,24382.64,6009.06,19.77
ORD01394,CUST0075,PROD0046,2023-05-07,2023-06-07,1,6541,15,119.49,5720.13,COD,Cancelled,East,In-Store,No,5720.13,0,5720.13,5338.05,0,0,0
ORD01425,CUST0002,PROD0100,2023-07-27,2023-07-25,1,15869,15,51.13,13540.09,Debit Card,Cancelled,South,Mobile App,No,13540.09,0,13540.09,13163.47,0,0,0
ORD00428,CUST0056,PROD0018,2024-09-08,2024-09-14,2,21702,15,69.35,36963.63,Upi,Returned,South,Mobile App,No,36963.63,0,36963.63,12543.29,69.35,-69.35,
ORD00079,CUST0087,PROD0077,2024-09-20,2024-09-25,1,10379,20,235.61,8539.38,Debit Card,Cancelled,North,Mobile App,No,8539.38,0,8539.38,8343.02,0,0,0
ORD01598,CUST0106,PROD0065,2024-07-04,2024-07-09,2,1226,0,32.39,2485.39,Debit Card,Processing,,In-Store,No,2485.39,2485.39,0,713.8,1427.6,1057.79,42.56
ORD01010,CUST0151,PROD0041,2024-05-08,2024-08-14,5,1025,5,41.87,5168.77,Upi,Shipped,West,In-Store,No,5168.77,5168.77,0,645.65,3228.25,1940.52,37.54
ORD01176,CUST0122,PROD0015,2023-04-09,2023-09-03,5,6720,0,147.42,33749.67,COD,Cancelled,East,Mobile App,No,33749.67,0,33749.67,4712.77,0,0,0
ORD01662,CUST0027,PROD0015,2024-07-29,2024-06-08,1,6720,10,2.43,6050.84,COD,Processing,North,Mobile App,No,6050.84,6050.84,0,4712.77,4712.77,1338.07,22.11
ORD00608,CUST0158,PROD0094,2024-10-04,2024-04-14,1,5579,5,70.43,5650.09,Debit Card,Cancelled,South,Mobile App,No,5650.09,0,5650.09,3288.4,0,0,0
ORD01775,CUST0082,PROD0075,2024-04-08,2024-02-08,1,5250,10,231.27,4956.77,Credit Card,Cancelled,North,Online,No,4956.77,0,4956.77,4357.65,0,0,0
ORD01357,CUST0100,PROD0021,2024-01-14,2024-01-24,2,6518,0,154.9,13192.64,Debit Card,Cancelled,East,Mobile App,No,13192.64,0,13192.64,3663.61,0,0,0
ORD01814,CUST0086,PROD0012,2024-03-19,2024-03-25,3,1389,0,161.82,4330.32,Debit Card,Returned,North,In-Store,Yes,4330.32,0,4330.32,880.25,161.82,-161.82,
ORD01058,CUST0095,PROD0044,2024-04-28,2024-05-03,1,15370,0,9.32,15379.59,Credit Card,Delivered,South,In-Store,Yes,15379.59,15379.59,0,9076.55,9076.55,6303.04,40.98
ORD01441,CUST0107,PROD0051,2023-06-24,2023-06-30,1,4843,0,35.08,4878.1,COD,Shipped,West,Mobile App,No,4878.1,4878.1,0,3819.21,3819.21,1058.89,21.71
ORD01092,CUST0188,PROD0029,2023-12-24,2023-12-24,5,13437,0,132.09,67320.99,Credit Card,Processing,North,Online,Yes,67320.99,67320.99,0,10471.47,52357.35,14963.64,22.23
ORD01561,CUST0122,PROD0084,2024-10-16,2024-10-16,1,12225,10,36.15,11039.23,COD,Delivered,West,Online,No,11039.23,11039.23,0,8993.95,8993.95,2045.28,18.53
ORD01102,CUST0061,PROD0002,2023-02-06,2023-02-11,3,10538,0,11.81,31627.76,Credit Card,Processing,,Mobile App,Yes,31627.76,31627.76,0,8006.01,24018.03,7609.73,24.06
ORD01130,CUST0174,PROD0079,2023-02-13,2023-02-21,1,14974,5,117.88,14343.41,Upi,Cancelled,North,Mobile App,Yes,14343.41,0,14343.41,11348.98,0,0,0
ORD01236,CUST0007,PROD0051,2024-09-05,2024-05-17,5,4843,5,5.56,23009.91,Upi,Cancelled,West,In-Store,Yes,23009.91,0,23009.91,3819.21,0,0,0
ORD01757,CUST0135,PROD0098,2023-11-14,2023-11-14,1,16965,0,248.38,17214.24,Credit Card,Processing,West,Mobile App,No,17214.24,17214.24,0,9723.88,9723.88,7490.36,43.51
ORD00959,CUST0151,PROD0067,2024-10-02,2024-02-15,5,12277,0,48.97,61436.97,Credit Card,Shipped,West,In-Store,No,61436.97,61436.97,0,7295.88,36479.4,24957.57,40.62
ORD01663,CUST0010,PROD0065,2024-05-01,2024-09-01,1,1226,10,198.1,1301.95,Credit Card,Delivered,West,Online,No,1301.95,1301.95,0,713.8,713.8,588.15,45.17
ORD00560,CUST0046,PROD0066,2024-08-25,2024-08-30,1,16714,5,74.34,15953.21,Upi,Shipped,South,Online,No,15953.21,15953.21,0,11527.69,11527.69,4425.52,27.74
ORD00847,CUST0005,PROD0099,2024-01-10,2024-11-10,1,17888,0,31.44,17919.76,Net Banking,Delivered,South,In-Store,Yes,17919.76,17919.76,0,13707.12,13707.12,4212.64,23.51
ORD00691,CUST0131,PROD0048,2024-11-28,2024-07-12,1,14926,5,24.66,14205.09,COD,Processing,North,Online,No,14205.09,14205.09,0,10203.52,10203.52,4001.57,28.17
ORD01520,CUST0086,PROD0011,2024-09-17,2024-09-25,2,13029,0,189.77,26247.77,Upi,Returned,East,Online,No,26247.77,0,26247.77,9186.1,189.77,-189.77,
ORD00437,CUST0139,PROD0099,2023-01-05,2023-01-10,2,17888,5,73.39,35850.03,COD,Returned,North,Online,No,35850.03,0,35850.03,13707.12,73.39,-73.39,
ORD00491,CUST0191,PROD0094,2023-05-14,2023-05-19,3,5579,0,59.93,16798.91,Upi,Shipped,North,Mobile App,No,16798.91,16798.91,0,3288.4,9865.2,6933.71,41.27
ORD01829,CUST0106,PROD0040,2023-11-08,2023-11-18,5,18476,5,166.12,87927.4,Upi,Delivered,South,Mobile App,No,87927.4,87927.4,0,13298.28,66491.4,21436,24.38
ORD01630,CUST0195,PROD0083,2023-11-27,2023-04-12,4,17414,20,227.9,55952.86,Credit Card,Delivered,East,In-Store,No,55952.86,55952.86,0,12254.66,49018.64,6934.22,12.39
ORD01388,CUST0147,PROD0040,2024-12-15,2024-12-25,1,18476,10,46.64,16675.09,Debit Card,Cancelled,East,In-Store,No,16675.09,0,16675.09,13298.28,0,0,0
ORD00070,CUST0123,PROD0070,2024-11-05,2024-11-10,1,2262,15,119.49,2020.27,Debit Card,Delivered,West,In-Store,No,2020.27,2020.27,0,1682.14,1682.14,338.13,16.74
ORD00809,CUST0025,PROD0098,2023-10-23,2023-10-25,1,16965,0,19.06,16984.92,Debit Card,Delivered,South,Online,No,16984.92,16984.92,0,9723.88,9723.88,7261.04,42.75
ORD01185,CUST0028,PROD0095,2024-11-03,2024-11-08,1,14966,0,79.1,15045.49,COD,Cancelled,North,Online,No,15045.49,0,15045.49,11139.28,0,0,0
ORD00012,CUST0071,PROD0008,2024-07-24,2024-07-31,1,15504,20,138.96,12542.35,Credit Card,Shipped,East,In-Store,No,12542.35,12542.35,0,8746.91,8746.91,3795.44,30.26
ORD00145,CUST0123,PROD0099,2023-08-27,2023-08-26,2,17888,20,64.45,28685.76,Credit Card,Processing,West,Mobile App,No,28685.76,28685.76,0,13707.12,27414.24,1271.52,4.43
ORD00918,CUST0195,PROD0057,2023-12-09,2023-09-13,2,12771,0,119.49,25616.76,COD,Processing,North,In-Store,No,25616.76,25616.76,0,8626.93,17253.86,8362.9,32.65
ORD01542,CUST0170,PROD0099,2023-11-17,2023-11-20,5,17888,20,185.36,71738.64,Net Banking,In-Transit,East,In-Store,No,71738.64,71738.64,0,13707.12,68535.6,3203.04,4.46
ORD01452,CUST0047,PROD0021,2023-08-21,2023-08-26,4,6518,5,119.49,24976.92,Net Banking,Processing,West,Online,Yes,24976.92,24976.92,0,3663.61,14654.44,10322.48,41.33
ORD00640,CUST0156,PROD0076,2024-01-20,2024-01-18,1,16298,0,159.91,16458.57,COD,Delivered,South,Mobile App,No,16458.57,16458.57,0,11481.47,11481.47,4977.1,30.24
ORD00177,CUST0083,PROD0093,2023-06-03,2023-03-14,1,6077,20,47.47,4909.41,Credit Card,Delivered,North,Mobile App,No,4909.41,4909.41,0,4427.74,4427.74,481.67,9.81
ORD00995,CUST0175,PROD0050,2023-02-25,2023-05-03,1,17713,0,158.46,17872.13,Debit Card,In-Transit,South,Mobile App,No,17872.13,17872.13,0,11469.96,11469.96,6402.17,35.82
ORD00441,CUST0031,PROD0054,2024-05-15,2024-05-21,5,16339,0,81.22,81780.47,Credit Card,Delivered,South,In-Store,No,81780.47,81780.47,0,10050.81,50254.05,31526.42,38.55
ORD00522,CUST0108,PROD0053,2024-04-17,2024-04-15,1,3950,0,239.37,4189.6,Net Banking,Cancelled,East,In-Store,Yes,4189.6,0,4189.6,3082.66,0,0,0
ORD01713,CUST0054,PROD0079,2024-06-12,2024-06-15,1,14974,5,203.09,15177.33,Debit Card,Processing,West,Mobile App,No,15177.33,15177.33,0,11348.98,11348.98,3828.35,25.22
ORD01005,CUST0164,PROD0098,2024-07-07,2024-07-13,4,16965,10,60.74,61137.84,Credit Card,Processing,North,Mobile App,Yes,61137.84,61137.84,0,9723.88,38895.52,22242.32,36.38
ORD01256,CUST0089,PROD0049,2024-09-16,2024-09-23,1,17373,5,53.83,16558.47,COD,Delivered,South,Online,No,16558.47,16558.47,0,14247.06,14247.06,2311.41,13.96
ORD01235,CUST0144,PROD0050,2023-01-21,2023-01-26,2,17713,15,102.97,30216.21,Debit Card,Cancelled,East,In-Store,No,30216.21,0,30216.21,11469.96,0,0,0
ORD01665,CUST0068,PROD0034,2024-09-25,2024-03-10,1,11290,5,0.93,11291.26,COD,Shipped,South,In-Store,No,11291.26,11291.26,0,8602.89,8602.89,2688.37,23.81
ORD00144,CUST0134,PROD0054,2024-01-15,2024-01-13,1,16339,20,57.37,13129.25,COD,Processing,South,Online,No,13129.25,13129.25,0,10050.81,10050.81,3078.44,23.45
ORD00520,CUST0109,PROD0052,2023-11-04,2023-04-13,2,3087,10,43.33,5601.62,Debit Card,Delivered,East,In-Store,No,5601.62,5601.62,0,1854.64,3709.28,1892.34,33.78
ORD01323,CUST0021,PROD0020,2023-09-01,2023-09-06,4,9020,0,45.1,36126.78,Net Banking,Delivered,East,In-Store,Yes,36126.78,36126.78,0,5528.06,22112.24,14014.54,38.79
ORD00823,CUST0019,PROD0088,2024-02-09,2024-02-14,2,16043,10,239.85,29117.39,Upi,Delivered,South,In-Store,No,29117.39,29117.39,0,10616.05,21232.1,7885.29,27.08
ORD00429,CUST0138,PROD0027,2023-03-14,2023-03-22,2,6491,5,178.61,12512.82,Upi,Cancelled,North,In-Store,No,12512.82,0,12512.82,3613.09,0,0,0
ORD00613,CUST0103,PROD0024,2024-11-25,2024-11-27,2,20116,0,101.8,40333.8,COD,Cancelled,South,In-Store,No,40333.8,0,40333.8,13124.34,0,0,0
ORD01506,CUST0099,PROD0010,2024-11-14,2024-11-24,1,9930,0,160.75,10090.8,Credit Card,Delivered,East,In-Store,No,10090.8,10090.8,0,7617.78,7617.78,2473.02,24.51
ORD01033,CUST0155,PROD0039,2023-08-21,2023-08-28,1,15091,5,190.77,14527.36,Credit Card,Shipped,East,In-Store,No,14527.36,14527.36,0,12191.32,12191.32,2336.04,16.08
ORD00157,CUST0177,PROD0002,2023-01-13,2023-01-21,2,10538,20,145.25,17007.09,COD,Cancelled,South,In-Store,No,17007.09,0,17007.09,8006.01,0,0,0
ORD00540,CUST0112,PROD0008,2023-09-01,2023-02-09,1,15504,0,56.78,15561.02,Credit Card,Delivered,West,In-Store,No,15561.02,15561.02,0,8746.91,8746.91,6814.11,43.79
ORD01531,CUST0185,PROD0060,2024-08-20,2024-08-24,4,21989,20,136.89,70501.69,Upi,Processing,East,Mobile App,No,70501.69,70501.69,0,13181.61,52726.44,17775.25,25.21
ORD01461,CUST0144,PROD0013,2023-11-16,2023-11-17,3,7082,5,221.18,20406.16,Debit Card,Shipped,West,In-Store,Yes,20406.16,20406.16,0,4333.79,13001.37,7404.79,36.29
ORD01291,CUST0048,PROD0072,2023-05-17,2023-05-20,2,22878,0,203.87,45960.95,Debit Card,Processing,East,In-Store,Yes,45960.95,45960.95,0,14012.9,28025.8,17935.15,39.02
ORD00577,CUST0162,PROD0011,2023-08-04,2023-04-14,1,13029,5,216.21,12593.76,COD,Processing,West,Online,Yes,12593.76,12593.76,0,9186.1,9186.1,3407.66,27.06
ORD01363,CUST0188,PROD0036,2024-10-08,2024-11-08,1,1072,0,244.8,1316.98,Upi,Delivered,South,Mobile App,No,1316.98,1316.98,0,748.66,748.66,568.32,43.15
ORD00256,CUST0119,PROD0036,2023-01-15,2023-01-24,4,1072,5,61.96,4136.24,Upi,Delivered,North,Online,No,4136.24,4136.24,0,748.66,2994.64,1141.6,27.6
ORD00980,CUST0021,PROD0071,2023-06-01,2023-01-16,3,1509,0,235.19,4762.94,Net Banking,Shipped,South,Mobile App,No,4762.94,4762.94,0,854.02,2562.06,2200.88,46.21
ORD01186,CUST0183,PROD0032,2023-08-25,2023-02-09,3,8752,5,77.46,25023.14,Net Banking,Cancelled,North,In-Store,No,25023.14,0,25023.14,6910.99,0,0,0
ORD01007,CUST0062,PROD0054,2024-11-18,2024-11-28,1,16339,0,221.19,16561.04,Net Banking,Delivered,East,In-Store,No,16561.04,16561.04,0,10050.81,10050.81,6510.23,39.31
ORD01522,CUST0060,PROD0014,2024-04-07,2024-03-07,1,17479,5,55.59,16660.79,Net Banking,Shipped,South,Online,No,16660.79,16660.79,0,9987.82,9987.82,6672.97,40.05
ORD00561,CUST0046,PROD0019,2023-02-12,2023-02-21,2,7411,20,129.78,11988.85,Debit Card,Returned,West,In-Store,Yes,11988.85,0,11988.85,5713.13,129.78,-129.78,
ORD00209,CUST0181,PROD0037,2024-03-13,2024-03-20,3,8588,10,131.35,23319.95,Net Banking,Returned,East,In-Store,No,23319.95,0,23319.95,5237.56,131.35,-131.35,
ORD00911,CUST0150,PROD0057,2023-03-01,2023-01-03,1,12771,5,17.47,12789.15,Credit Card,Shipped,West,Mobile App,Yes,12789.15,12789.15,0,8626.93,8626.93,4162.22,32.54
ORD01312,CUST0011,PROD0060,2023-07-29,2023-01-08,4,21989,5,74.79,88030.79,Debit Card,Processing,North,Mobile App,No,88030.79,88030.79,0,13181.61,52726.44,35304.35,40.1
ORD00002,CUST0076,PROD0073,2024-11-21,2024-12-01,2,10432,0,152.74,21016.92,Credit Card,Returned,South,In-Store,No,21016.92,0,21016.92,7531.52,152.74,-152.74,
ORD01366,CUST0173,PROD0004,2024-02-26,2024-05-03,1,10787,5,54.61,10302.76,COD,Delivered,South,Online,No,10302.76,10302.76,0,7012.9,7012.9,3289.86,31.93
ORD00266,CUST0011,PROD0041,2024-11-08,2024-11-08,5,1025,10,92.42,4706.63,Net Banking,Returned,East,In-Store,No,4706.63,0,4706.63,645.65,92.42,-92.42,
ORD00231,CUST0014,PROD0044,2024-01-07,2024-11-07,1,15370,5,113.51,15483.78,Debit Card,Delivered,North,Mobile App,Yes,15483.78,15483.78,0,9076.55,9076.55,6407.23,41.38
ORD01120,CUST0194,PROD0067,2023-10-05,2023-05-16,1,12277,0,44.79,12322.39,COD,Processing,South,In-Store,No,12322.39,12322.39,0,7295.88,7295.88,5026.51,40.79
ORD00865,CUST0104,PROD0097,2024-04-09,2024-09-13,4,18995,20,217.39,61002.41,Net Banking,Delivered,South,Mobile App,No,61002.41,61002.41,0,14670.87,58683.48,2318.93,3.8
ORD01067,CUST0193,PROD0041,2023-09-13,2023-09-22,1,1025,0,69.5,1094.88,COD,Returned,North,Online,No,1094.88,0,1094.88,645.65,69.5,-69.5,
ORD00874,CUST0165,PROD0053,2024-04-10,2024-04-10,1,3950,15,55.13,3412.83,Credit Card,In-Transit,West,In-Store,No,3412.83,3412.83,0,3082.66,3082.66,330.17,9.67
ORD01786,CUST0008,PROD0097,2024-02-20,2024-02-23,1,18995,5,73.29,19068.61,Net Banking,Cancelled,West,Mobile App,No,19068.61,0,19068.61,14670.87,0,0,0
ORD01817,CUST0080,PROD0019,2024-01-11,2024-01-16,2,7411,0,51.1,14874.94,COD,Delivered,North,In-Store,No,14874.94,14874.94,0,5713.13,11426.26,3448.68,23.18
ORD01653,CUST0008,PROD0004,2024-08-17,2024-08-16,2,10787,5,78.22,20574.53,Debit Card,Delivered,West,In-Store,No,20574.53,20574.53,0,7012.9,14025.8,6548.73,31.83
ORD00046,CUST0178,PROD0048,2024-10-04,2024-04-15,3,14926,0,217.23,44997.54,Net Banking,Cancelled,West,Online,No,44997.54,0,44997.54,10203.52,0,0,0
ORD00162,CUST0043,PROD0082,2023-12-12,2023-12-16,4,13459,0,19.78,53855.86,Upi,Shipped,West,Mobile App,No,53855.86,53855.86,0,8946.5,35786,18069.86,33.55
ORD00992,CUST0078,PROD0023,2023-11-22,2023-02-12,2,24502,20,230.28,39434.38,Net Banking,Shipped,North,Online,No,39434.38,39434.38,0,14497.4,28994.8,10439.58,26.47
ORD00728,CUST0155,PROD0094,2023-09-30,2023-09-29,5,5579,20,194.36,22513,COD,Delivered,South,Mobile App,No,22513,22513,0,3288.4,16442,6071,26.97
ORD00630,CUST0190,PROD0069,2023-03-23,2023-02-04,1,18001,5,141.68,18143.47,COD,In-Transit,West,In-Store,No,18143.47,18143.47,0,12936.13,12936.13,5207.34,28.7
ORD00289,CUST0099,PROD0058,2023-11-19,2023-11-23,5,9834,5,9,49179.35,Debit Card,In-Transit,East,Online,No,49179.35,49179.35,0,6032.58,30162.9,19016.45,38.67
ORD01614,CUST0171,PROD0074,2024-06-02,2024-08-02,2,4666,0,106.78,9440.2,Credit Card,Cancelled,South,Mobile App,No,9440.2,0,9440.2,3305.65,0,0,0
ORD01060,CUST0001,PROD0072,2024-03-16,2024-03-26,1,22878,5,236.1,21970.71,Upi,Shipped,South,Online,No,21970.71,21970.71,0,14012.9,14012.9,7957.81,36.22
ORD00576,CUST0128,PROD0094,2024-02-08,2024-11-02,1,5579,0,113.07,5692.73,Credit Card,Processing,North,Mobile App,No,5692.73,5692.73,0,3288.4,3288.4,2404.33,42.24
ORD00851,CUST0088,PROD0070,2024-11-30,2024-11-30,2,2262,5,239.8,4538.65,Debit Card,Returned,East,In-Store,Yes,4538.65,0,4538.65,1682.14,239.8,-239.8,
ORD01340,CUST0054,PROD0093,2024-03-24,2024-03-28,1,6077,5,222.78,5996.33,Upi,Delivered,North,Mobile App,Yes,5996.33,5996.33,0,4427.74,4427.74,1568.59,26.16
ORD00912,CUST0036,PROD0075,2024-07-25,2024-07-31,2,5250,0,37.31,10538.43,Net Banking,Shipped,East,Online,Yes,10538.43,10538.43,0,4357.65,8715.3,1823.13,17.3
ORD01255,CUST0066,PROD0024,2024-11-09,2024-09-17,4,20116,0,41.45,80505.45,Net Banking,Processing,South,Online,No,80505.45,80505.45,0,13124.34,52497.36,28008.09,34.79
ORD01723,CUST0190,PROD0032,2024-02-14,2024-02-21,4,8752,0,237.01,35248.49,Credit Card,Processing,West,Mobile App,Yes,35248.49,35248.49,0,6910.99,27643.96,7604.53,21.57
ORD01810,CUST0010,PROD0064,2024-12-24,2024-12-22,1,13808,5,68.24,13186.27,Upi,Processing,East,In-Store,No,13186.27,13186.27,0,8917.95,8917.95,4268.32,32.37
ORD01736,CUST0058,PROD0055,2024-07-15,2024-07-22,3,18803,5,149.28,56560.95,Credit Card,Delivered,North,In-Store,Yes,56560.95,56560.95,0,10705.96,32117.88,24443.07,43.22
ORD00933,CUST0064,PROD0086,2024-12-25,2024-12-24,3,1008,0,10.57,3037.54,Net Banking,Cancelled,South,In-Store,No,3037.54,0,3037.54,570.4,0,0,0
ORD01101,CUST0143,PROD0070,2024-09-08,2024-08-15,2,2262,0,82.47,4607.57,Debit Card,In-Transit,South,In-Store,No,4607.57,4607.57,0,1682.14,3364.28,1243.29,26.98
ORD01658,CUST0073,PROD0039,2023-07-11,2023-07-11,1,15091,0,40.02,15131.17,COD,Delivered,West,Online,No,15131.17,15131.17,0,12191.32,12191.32,2939.85,19.43
ORD01208,CUST0058,PROD0052,2024-08-17,2024-08-23,1,3087,10,173.79,2952.94,Upi,Delivered,South,Online,No,2952.94,2952.94,0,1854.64,1854.64,1098.3,37.19
ORD00248,CUST0037,PROD0097,2024-03-01,2024-03-06,3,18995,0,109.67,57095.63,Credit Card,Delivered,West,Online,No,57095.63,57095.63,0,14670.87,44012.61,13083.02,22.91
ORD00477,CUST0063,PROD0090,2024-07-28,2024-07-26,1,12088,0,72.67,12161,Upi,Returned,West,Mobile App,No,12161,0,12161,9190.14,72.67,-72.67,
ORD01695,CUST0176,PROD0091,2023-01-20,2023-01-18,3,18810,0,8.09,56440.16,Credit Card,Shipped,North,Online,No,56440.16,56440.16,0,11590.5,34771.5,21668.66,38.39
ORD00086,CUST0151,PROD0075,2023-04-13,2023-12-04,1,5250,10,216.87,4942.37,Credit Card,Delivered,North,Online,No,4942.37,4942.37,0,4357.65,4357.65,584.72,11.83
ORD00226,CUST0033,PROD0038,2023-03-05,2023-08-03,1,7505,0,0.21,7505.91,Upi,In-Transit,South,Online,No,7505.91,7505.91,0,5349.26,5349.26,2156.65,28.73
ORD00775,CUST0104,PROD0027,2023-12-08,2023-08-15,3,6491,20,68.54,15648.6,Credit Card,Processing,West,Mobile App,No,15648.6,15648.6,0,3613.09,10839.27,4809.33,30.73
ORD00332,CUST0013,PROD0057,2024-04-13,2024-04-23,1,12771,0,119.49,12967.09,COD,Delivered,West,Mobile App,No,12967.09,12967.09,0,8626.93,8626.93,4340.16,33.47
ORD00234,CUST0040,PROD0064,2024-02-27,2024-08-03,4,13808,5,165.17,52637.28,Credit Card,Delivered,West,Online,No,52637.28,52637.28,0,8917.95,35671.8,16965.48,32.23
ORD00589,CUST0070,PROD0005,2024-10-24,2024-10-26,5,2915,20,10.98,11672.5,Net Banking,Processing,West,Online,No,11672.5,11672.5,0,2349.27,11746.35,-73.85,-0.63
ORD00476,CUST0105,PROD0080,2024-11-27,2024-11-27,5,2998,15,128.12,12870.47,COD,Delivered,West,Mobile App,No,12870.47,12870.47,0,2141.84,10709.2,2161.27,16.79
ORD01285,CUST0017,PROD0047,2024-05-31,2024-03-06,1,1927,0,93.61,2021.28,Credit Card,Cancelled,West,Online,No,2021.28,0,2021.28,1218.11,0,0,0
ORD00600,CUST0069,PROD0074,2024-02-15,2024-02-22,1,4666,0,128.05,4794.76,Credit Card,Processing,South,Online,Yes,4794.76,4794.76,0,3305.65,3305.65,1489.11,31.06
ORD00422,CUST0112,PROD0020,2024-04-10,2024-10-13,4,9020,5,8.5,34286.1,Upi,In-Transit,South,Online,No,34286.1,34286.1,0,5528.06,22112.24,12173.86,35.51
ORD01712,CUST0099,PROD0082,2023-12-18,2023-12-20,2,13459,10,119.49,24418.39,Debit Card,Shipped,South,In-Store,Yes,24418.39,24418.39,0,8946.5,17893,6525.39,26.72
ORD00183,CUST0035,PROD0039,2023-07-01,2023-09-01,2,15091,5,213.93,28887.11,COD,Delivered,South,Online,No,28887.11,28887.11,0,12191.32,24382.64,4504.47,15.59
ORD00989,CUST0153,PROD0033,2023-10-13,2023-10-18,1,14138,20,209.08,11520.24,Debit Card,Returned,South,In-Store,Yes,11520.24,0,11520.24,8668.21,209.08,-209.08,
ORD01001,CUST0004,PROD0083,2023-01-20,2023-01-24,4,17414,0,18.42,69674.62,Net Banking,Returned,North,Mobile App,No,69674.62,0,69674.62,12254.66,18.42,-18.42,
ORD01642,CUST0020,PROD0040,2023-07-14,2023-07-19,2,18476,20,119.49,29567.69,Debit Card,Cancelled,South,Online,No,29567.69,0,29567.69,13298.28,0,0,0
ORD01463,CUST0173,PROD0049,2023-07-07,2023-07-17,3,17373,0,172.98,52292.91,Upi,Shipped,South,Online,No,52292.91,52292.91,0,14247.06,42741.18,9551.73,18.27
ORD00050,CUST0178,PROD0017,2024-04-05,2024-03-05,2,5329,20,22.33,8549.59,Credit Card,Processing,East,Online,Yes,8549.59,8549.59,0,2960.88,5921.76,2627.83,30.74
ORD01030,CUST0118,PROD0034,2023-01-10,2023-09-10,5,11290,0,28.11,56479.76,COD,Returned,East,Mobile App,No,56479.76,0,56479.76,8602.89,28.11,-28.11,
ORD00530,CUST0166,PROD0062,2024-01-21,2024-01-26,1,9273,10,32.36,8378.94,Credit Card,Delivered,East,In-Store,No,8378.94,8378.94,0,5255.74,5255.74,3123.2,37.27
ORD01259,CUST0019,PROD0028,2023-11-04,2023-03-11,1,20039,5,129.15,19166.8,Credit Card,Processing,West,In-Store,No,19166.8,19166.8,0,12603.73,12603.73,6563.07,34.24
ORD00487,CUST0121,PROD0016,2023-12-26,2023-12-31,5,9295,20,227,37409.96,COD,Shipped,North,Online,Yes,37409.96,37409.96,0,7676.48,38382.4,-972.44,-2.6
ORD01647,CUST0096,PROD0014,2024-10-18,2024-10-20,3,17479,10,151.89,47345.62,Upi,Cancelled,West,In-Store,No,47345.62,0,47345.62,9987.82,0,0,0
ORD00107,CUST0190,PROD0015,2023-08-04,2023-04-18,1,6720,0,213,6933.45,Upi,Cancelled,East,Online,No,6933.45,0,6933.45,4712.77,0,0,0
ORD00444,CUST0103,PROD0005,2023-08-10,2023-09-10,1,2915,20,4.42,2336.72,Debit Card,Shipped,South,Online,No,2336.72,2336.72,0,2349.27,2349.27,-12.55,-0.54
ORD01513,CUST0097,PROD0067,2024-03-20,2024-03-24,5,12277,10,114.25,55363.45,Credit Card,Cancelled,South,Online,No,55363.45,0,55363.45,7295.88,0,0,0
ORD00647,CUST0047,PROD0013,2023-01-27,2023-02-02,1,7082,0,135.02,7217.47,Credit Card,Cancelled,North,In-Store,No,7217.47,0,7217.47,4333.79,0,0,0
ORD01037,CUST0048,PROD0050,2024-09-13,2024-09-18,1,17713,0,207.44,17921.11,Upi,Processing,,In-Store,No,17921.11,17921.11,0,11469.96,11469.96,6451.15,36
ORD00727,CUST0059,PROD0091,2024-08-30,2024-06-09,2,18810,5,122.15,35862.46,COD,Cancelled,South,In-Store,No,35862.46,0,35862.46,11590.5,0,0,0
ORD00191,CUST0097,PROD0075,2024-10-11,2024-11-16,1,5250,10,42.58,4768.08,Credit Card,Cancelled,North,Mobile App,Yes,4768.08,0,4768.08,4357.65,0,0,0
ORD01789,CUST0005,PROD0005,2023-09-22,2023-01-10,2,2915,20,63.83,4728.44,COD,Returned,North,Online,No,4728.44,0,4728.44,2349.27,63.83,-63.83,
ORD00283,CUST0029,PROD0098,2023-11-18,2023-11-17,5,16965,0,119.49,84959.23,Credit Card,Cancelled,North,Online,Yes,84959.23,0,84959.23,9723.88,0,0,0
ORD00030,CUST0178,PROD0026,2024-05-05,2024-08-05,1,21234,20,242.18,17229.95,Debit Card,Cancelled,South,Online,No,17229.95,0,17229.95,12268.88,0,0,0
ORD00170,CUST0004,PROD0064,2023-11-08,2023-08-14,4,13808,10,119.49,49906.85,Credit Card,Delivered,North,Online,No,49906.85,49906.85,0,8917.95,35671.8,14235.05,28.52
ORD01205,CUST0078,PROD0001,2024-04-03,2024-03-13,5,21533,15,188.38,91707.62,Credit Card,Processing,North,In-Store,No,91707.62,91707.62,0,13070.81,65354.05,26353.57,28.74
ORD00101,CUST0099,PROD0065,2024-08-25,2024-08-27,1,1226,0,205.96,1432.46,COD,Delivered,South,Online,No,1432.46,1432.46,0,713.8,713.8,718.66,50.17
ORD00198,CUST0122,PROD0018,2023-06-17,2023-06-18,2,21702,0,102.15,43507.19,Debit Card,Delivered,East,Online,No,43507.19,43507.19,0,12543.29,25086.58,18420.61,42.34
ORD00496,CUST0045,PROD0026,2024-12-04,2024-12-13,2,21234,20,25.72,34001.26,Upi,Processing,North,Mobile App,No,34001.26,34001.26,0,12268.88,24537.76,9463.5,27.83
ORD01746,CUST0068,PROD0020,2023-12-21,2023-12-28,5,9020,0,2.16,45104.26,Net Banking,Returned,South,Mobile App,Yes,45104.26,0,45104.26,5528.06,2.16,-2.16,
ORD00648,CUST0198,PROD0046,2023-01-28,2023-02-02,5,6541,0,208.54,32915.14,Credit Card,Returned,West,Online,No,32915.14,0,32915.14,5338.05,208.54,-208.54,
ORD00988,CUST0180,PROD0084,2023-03-30,2023-05-04,2,12225,15,174.78,20958.37,Net Banking,Processing,West,Online,No,20958.37,20958.37,0,8993.95,17987.9,2970.47,14.17
ORD00045,CUST0180,PROD0017,2023-09-13,2023-09-13,3,5329,5,190.37,15379.56,Credit Card,Processing,South,Online,Yes,15379.56,15379.56,0,2960.88,8882.64,6496.92,42.24
ORD00711,CUST0183,PROD0011,2023-12-30,2024-06-01,5,13029,0,155.47,65300.47,Net Banking,Delivered,West,Mobile App,Yes,65300.47,65300.47,0,9186.1,45930.5,19369.97,29.66
ORD00374,CUST0166,PROD0097,2024-05-06,2024-08-06,5,18995,5,44.75,95021.35,Upi,Processing,West,Mobile App,No,95021.35,95021.35,0,14670.87,73354.35,21667,22.8
ORD00679,CUST0159,PROD0057,2024-05-24,2024-05-29,4,12771,0,238.29,51325.01,Net Banking,In-Transit,East,Online,Yes,51325.01,51325.01,0,8626.93,34507.72,16817.29,32.77
ORD00567,CUST0124,PROD0068,2024-03-11,2024-03-11,2,3558,5,218.76,6980.46,Debit Card,Delivered,North,Online,Yes,6980.46,6980.46,0,2455.4,4910.8,2069.66,29.65
ORD01673,CUST0146,PROD0039,2024-03-13,2024-03-22,1,15091,10,126.64,13708.67,Net Banking,Cancelled,South,Mobile App,No,13708.67,0,13708.67,12191.32,0,0,0
ORD01822,CUST0061,PROD0022,2023-07-04,2023-04-14,1,21812,15,189.39,18730.17,Credit Card,Cancelled,North,Online,No,18730.17,0,18730.17,14768.15,0,0,0
ORD00461,CUST0068,PROD0092,2023-03-20,2023-03-30,1,6775,0,194.45,6969.99,Credit Card,Delivered,North,Online,Yes,6969.99,6969.99,0,4388.06,4388.06,2581.93,37.04
ORD01438,CUST0167,PROD0026,2023-02-28,2023-08-03,2,21234,5,80.07,40426.02,Debit Card,Delivered,South,Online,No,40426.02,40426.02,0,12268.88,24537.76,15888.26,39.3
ORD01156,CUST0127,PROD0026,2024-04-12,2024-04-17,1,21234,5,185,21419.71,Net Banking,Delivered,East,Online,No,21419.71,21419.71,0,12268.88,12268.88,9150.83,42.72
ORD00040,CUST0143,PROD0022,2024-05-16,2024-05-18,1,21812,0,78.65,21891.33,Upi,Returned,West,Mobile App,No,21891.33,0,21891.33,14768.15,78.65,-78.65,
ORD00435,CUST0128,PROD0066,2024-12-02,2024-10-12,1,16714,0,101.37,16815.97,Debit Card,In-Transit,South,Mobile App,No,16815.97,16815.97,0,11527.69,11527.69,5288.28,31.45
ORD00974,CUST0108,PROD0097,2024-07-17,2024-07-25,1,18995,5,78.72,18124.27,Credit Card,Shipped,North,Online,No,18124.27,18124.27,0,14670.87,14670.87,3453.4,19.05
ORD01240,CUST0042,PROD0074,2024-11-23,2024-11-21,5,4666,5,235.88,22402.75,Net Banking,Delivered,West,Online,No,22402.75,22402.75,0,3305.65,16528.25,5874.5,26.22
ORD01008,CUST0114,PROD0015,2023-04-04,2023-04-09,3,6720,0,56.41,20217.76,COD,Processing,East,Online,No,20217.76,20217.76,0,4712.77,14138.31,6079.45,30.07
ORD01580,CUST0117,PROD0017,2023-05-17,2023-05-23,1,5329,5,67.52,5130.58,COD,Delivered,South,Mobile App,No,5130.58,5130.58,0,2960.88,2960.88,2169.7,42.29
ORD01591,CUST0100,PROD0039,2024-01-11,2024-11-04,4,15091,10,153.69,54481.83,COD,Shipped,West,Mobile App,No,54481.83,54481.83,0,12191.32,48765.28,5716.55,10.49
ORD01787,CUST0148,PROD0064,2023-10-07,2023-07-10,1,13808,15,228.33,11965.51,Credit Card,Shipped,South,Online,No,11965.51,11965.51,0,8917.95,8917.95,3047.56,25.47
ORD01499,CUST0025,PROD0041,2024-03-02,2024-02-04,1,1025,5,2.17,976.28,Credit Card,Processing,East,Online,Yes,976.28,976.28,0,645.65,645.65,330.63,33.87
ORD01836,CUST0071,PROD0059,2024-03-16,2024-03-25,1,2138,0,106.51,2244.64,COD,Cancelled,South,Mobile App,No,2244.64,0,2244.64,1198.89,0,0,0
ORD00261,CUST0180,PROD0027,2023-08-19,2023-08-22,3,6491,10,125.89,17653.45,Credit Card,Returned,West,Mobile App,Yes,17653.45,0,17653.45,3613.09,125.89,-125.89,
ORD01841,CUST0182,PROD0021,2024-07-25,2024-03-08,3,6518,0,122.6,19679.21,Credit Card,Delivered,West,Mobile App,No,19679.21,19679.21,0,3663.61,10990.83,8688.38,44.15
ORD00036,CUST0006,PROD0044,2024-10-25,2024-10-24,1,15370,5,129,14730.76,COD,Delivered,East,Mobile App,No,14730.76,14730.76,0,9076.55,9076.55,5654.21,38.38
ORD00828,CUST0066,PROD0089,2023-12-04,2023-12-09,1,21184,10,186.6,19252.66,Debit Card,Shipped,East,In-Store,No,19252.66,19252.66,0,14354.61,14354.61,4898.05,25.44
ORD00310,CUST0176,PROD0083,2024-04-14,2024-04-13,1,17414,5,33.3,17447.35,COD,Processing,North,Online,No,17447.35,17447.35,0,12254.66,12254.66,5192.69,29.76
ORD00277,CUST0125,PROD0053,2023-12-15,2023-12-15,1,3950,5,38.64,3791.36,Net Banking,In-Transit,South,Mobile App,Yes,3791.36,3791.36,0,3082.66,3082.66,708.7,18.69
ORD00637,CUST0059,PROD0034,2024-04-28,2024-04-30,3,11290,0,76.56,33947.55,Upi,Delivered,East,Online,Yes,33947.55,33947.55,0,8602.89,25808.67,8138.88,23.97
ORD00655,CUST0155,PROD0082,2023-01-01,2023-01-03,5,13459,5,224.89,67519.99,Net Banking,Returned,East,In-Store,No,67519.99,0,67519.99,8946.5,224.89,-224.89,
ORD00623,CUST0031,PROD0092,2024-09-13,2024-09-21,1,6775,0,109.63,6885.17,Upi,In-Transit,West,Mobile App,No,6885.17,6885.17,0,4388.06,4388.06,2497.11,36.27
ORD00845,CUST0170,PROD0034,2023-09-09,2023-09-13,3,11290,15,22.17,28812.51,Credit Card,Shipped,East,In-Store,Yes,28812.51,28812.51,0,8602.89,25808.67,3003.84,10.43
ORD00394,CUST0027,PROD0092,2024-07-03,2024-07-13,1,6775,10,239.76,6337.75,Upi,Delivered,South,Mobile App,No,6337.75,6337.75,0,4388.06,4388.06,1949.69,30.76
ORD01770,CUST0007,PROD0044,2023-11-28,2023-06-12,2,15370,20,33.5,24625.93,Debit Card,Delivered,North,In-Store,No,24625.93,24625.93,0,9076.55,18153.1,6472.83,26.28
ORD00108,CUST0117,PROD0035,2024-01-30,2024-08-02,5,13720,20,162.21,55044.41,COD,Returned,West,Mobile App,No,55044.41,0,55044.41,8206.82,162.21,-162.21,
ORD00350,CUST0082,PROD0019,2024-02-27,2024-03-03,2,7411,20,235.39,12094.46,Net Banking,Returned,East,Online,No,12094.46,0,12094.46,5713.13,235.39,-235.39,
ORD00525,CUST0125,PROD0080,2024-12-05,2024-12-06,1,2998,0,0.01,2998.21,Net Banking,Returned,East,Online,Yes,2998.21,0,2998.21,2141.84,0.01,-0.01,
ORD00785,CUST0120,PROD0048,2023-07-29,2023-03-08,1,14926,20,239.9,12181.32,Upi,Processing,East,Online,Yes,12181.32,12181.32,0,10203.52,10203.52,1977.8,16.24
ORD00048,CUST0110,PROD0026,2024-06-12,2024-06-12,2,21234,0,218.61,42688.03,Credit Card,Delivered,East,Mobile App,No,42688.03,42688.03,0,12268.88,24537.76,18150.27,42.52
ORD00204,CUST0042,PROD0019,2023-03-07,2023-07-13,1,7411,20,77.02,6006.56,COD,Shipped,North,Online,No,6006.56,6006.56,0,5713.13,5713.13,293.43,4.89
ORD01656,CUST0145,PROD0095,2023-02-14,2023-02-16,1,14966,0,193.05,15159.44,COD,Returned,South,In-Store,No,15159.44,0,15159.44,11139.28,193.05,-193.05,
ORD00022,CUST0164,PROD0002,2024-12-20,2024-12-20,1,10538,5,211.33,10749.98,COD,Processing,West,Mobile App,No,10749.98,10749.98,0,8006.01,8006.01,2743.97,25.53
ORD00403,CUST0196,PROD0056,2023-09-19,2023-09-29,3,24757,5,158.74,74431.18,Credit Card,Cancelled,North,Mobile App,No,74431.18,0,74431.18,14778.47,0,0,0
ORD01108,CUST0044,PROD0013,2023-08-26,2023-01-09,2,7082,15,1.53,12041.69,COD,Processing,North,Online,No,12041.69,12041.69,0,4333.79,8667.58,3374.11,28.02
ORD01155,CUST0002,PROD0001,2024-12-06,2024-06-18,1,21533,0,63.03,21596.97,COD,In-Transit,East,In-Store,No,21596.97,21596.97,0,13070.81,13070.81,8526.16,39.48
ORD01440,CUST0086,PROD0090,2023-10-13,2023-12-10,3,12088,0,156.25,36421.24,Net Banking,Cancelled,East,Online,No,36421.24,0,36421.24,9190.14,0,0,0
ORD00990,CUST0010,PROD0034,2023-12-07,2023-05-12,1,11290,15,193.67,9790.45,COD,Cancelled,West,Mobile App,No,9790.45,0,9790.45,8602.89,0,0,0
ORD00742,CUST0117,PROD0027,2023-04-05,2023-12-05,1,6491,5,43.65,6535.34,Debit Card,Shipped,North,Mobile App,Yes,6535.34,6535.34,0,3613.09,3613.09,2922.25,44.71
ORD01722,CUST0128,PROD0063,2024-05-07,2024-12-07,2,6598,5,58.02,12594.68,Upi,Delivered,North,In-Store,No,12594.68,12594.68,0,4189.32,8378.64,4216.04,33.47
ORD01311,CUST0156,PROD0061,2024-02-09,2024-09-07,5,18867,0,210.17,94546.22,Debit Card,Returned,North,Mobile App,No,94546.22,0,94546.22,12487.72,210.17,-210.17,
ORD01148,CUST0190,PROD0058,2024-04-30,2024-04-30,4,9834,0,52.06,39388.34,Upi,Delivered,West,In-Store,No,39388.34,39388.34,0,6032.58,24130.32,15258.02,38.74
ORD00034,CUST0057,PROD0066,2024-06-15,2024-06-21,2,16714,5,93.53,33522.73,Net Banking,Delivered,North,Online,Yes,33522.73,33522.73,0,11527.69,23055.38,10467.35,31.22
ORD00788,CUST0132,PROD0005,2024-11-13,2024-11-23,1,2915,0,249.66,3165.04,COD,Shipped,East,In-Store,No,3165.04,3165.04,0,2349.27,2349.27,815.77,25.77
ORD01541,CUST0014,PROD0009,2023-11-25,2023-11-26,1,9274,5,14.72,8825.76,Credit Card,Processing,East,Mobile App,Yes,8825.76,8825.76,0,7186.87,7186.87,1638.89,18.57
ORD00924,CUST0041,PROD0088,2024-08-10,2024-08-15,1,16043,5,119.49,15416.23,Upi,Returned,East,Mobile App,No,15416.23,0,15416.23,10616.05,119.49,-119.49,
ORD01044,CUST0185,PROD0035,2023-03-15,2023-03-14,3,13720,15,107.07,35094.47,COD,Cancelled,West,In-Store,No,35094.47,0,35094.47,8206.82,0,0,0
ORD01244,CUST0120,PROD0093,2024-05-07,2024-04-07,4,6077,5,125.5,24435.18,Credit Card,Cancelled,West,In-Store,Yes,24435.18,0,24435.18,4427.74,0,0,0
ORD00580,CUST0010,PROD0055,2024-05-22,2024-05-22,1,18803,5,34.97,18838.86,COD,Shipped,West,Mobile App,Yes,18838.86,18838.86,0,10705.96,10705.96,8132.9,43.17
ORD00482,CUST0051,PROD0010,2024-11-14,2024-11-19,1,9930,15,166.02,8606.56,Upi,Delivered,East,Mobile App,Yes,8606.56,8606.56,0,7617.78,7617.78,988.78,11.49
ORD00932,CUST0032,PROD0033,2023-02-08,2023-02-13,2,14138,5,135.97,26999.98,COD,In-Transit,North,In-Store,No,26999.98,26999.98,0,8668.21,17336.42,9663.56,35.79
ORD00357,CUST0050,PROD0057,2023-10-01,2023-01-11,1,12771,10,170.14,11664.65,Net Banking,Cancelled,North,Mobile App,No,11664.65,0,11664.65,8626.93,0,0,0
ORD01686,CUST0112,PROD0065,2023-04-26,2023-04-25,1,1226,10,195.79,1299.64,Upi,Returned,West,Online,No,1299.64,0,1299.64,713.8,195.79,-195.79,
ORD01249,CUST0163,PROD0097,2023-06-29,2023-07-03,2,18995,10,70.15,34261.73,Upi,Returned,West,Online,No,34261.73,0,34261.73,14670.87,70.15,-70.15,
ORD00760,CUST0035,PROD0096,2024-12-19,2024-12-23,1,1277,15,119.49,1100.7,Credit Card,Cancelled,West,Online,No,1100.7,0,1100.7,882.12,0,0,0
ORD00093,CUST0118,PROD0033,2023-12-08,2023-08-17,2,14138,20,146.12,22768.44,COD,Delivered,West,Online,No,22768.44,22768.44,0,8668.21,17336.42,5432.02,23.86
ORD01416,CUST0086,PROD0082,2024-11-24,2024-11-26,2,13459,20,219.18,21753.61,COD,Delivered,South,In-Store,No,21753.61,21753.61,0,8946.5,17893,3860.61,17.75
ORD01342,CUST0099,PROD0032,2024-05-16,2024-05-26,1,8752,20,54.55,7056.85,COD,Cancelled,South,In-Store,No,7056.85,0,7056.85,6910.99,0,0,0
ORD01473,CUST0042,PROD0066,2023-04-25,2023-04-29,1,16714,0,185.91,16900.51,Upi,Processing,South,Mobile App,No,16900.51,16900.51,0,11527.69,11527.69,5372.82,31.79
ORD00804,CUST0071,PROD0068,2024-05-02,2024-02-11,2,3558,20,192.43,5886.49,Credit Card,Shipped,South,Online,No,5886.49,5886.49,0,2455.4,4910.8,975.69,16.58
ORD00746,CUST0189,PROD0082,2023-12-22,2023-12-26,1,13459,20,93.03,10860.25,Net Banking,Cancelled,South,Online,No,10860.25,0,10860.25,8946.5,0,0,0
ORD01547,CUST0127,PROD0095,2023-12-05,2023-05-14,2,14966,5,234.82,30167.6,Credit Card,Cancelled,East,Mobile App,No,30167.6,0,30167.6,11139.28,0,0,0
ORD00765,CUST0177,PROD0076,2024-12-12,2024-12-18,1,16298,5,84.27,16382.93,Debit Card,Shipped,North,In-Store,Yes,16382.93,16382.93,0,11481.47,11481.47,4901.46,29.92
ORD00605,CUST0039,PROD0037,2023-11-15,2023-11-19,5,8588,0,65.25,43007.1,Credit Card,Cancelled,South,Mobile App,Yes,43007.1,0,43007.1,5237.56,0,0,0
ORD01374,CUST0110,PROD0025,2024-11-09,2024-10-09,2,15641,0,9.38,31293.28,Debit Card,Delivered,West,Mobile App,No,31293.28,31293.28,0,11470.44,22940.88,8352.4,26.69
ORD01399,CUST0132,PROD0095,2024-01-13,2024-01-16,2,14966,0,181.77,30114.55,COD,Shipped,East,Mobile App,No,30114.55,30114.55,0,11139.28,22278.56,7835.99,26.02
ORD00401,CUST0153,PROD0069,2023-06-06,2023-12-06,1,18001,10,95.11,16296.72,COD,Returned,West,In-Store,Yes,16296.72,0,16296.72,12936.13,95.11,-95.11,
ORD01729,CUST0190,PROD0035,2024-05-17,2024-05-21,1,13720,20,204.62,11181.06,Upi,Delivered,South,Online,No,11181.06,11181.06,0,8206.82,8206.82,2974.24,26.6
ORD00258,CUST0123,PROD0086,2023-09-11,2023-09-11,5,1008,0,244.11,5289.06,COD,Processing,North,Mobile App,No,5289.06,5289.06,0,570.4,2852,2437.06,46.08
ORD00945,CUST0158,PROD0006,2024-03-22,2024-03-22,2,6650,20,119.49,10760.86,Credit Card,Shipped,South,In-Store,Yes,10760.86,10760.86,0,5343.94,10687.88,72.98,0.68
ORD01220,CUST0115,PROD0023,2024-07-19,2024-07-23,2,24502,10,220.2,44324.81,Debit Card,Processing,West,In-Store,Yes,44324.81,44324.81,0,14497.4,28994.8,15330.01,34.59
ORD01508,CUST0160,PROD0030,2023-09-11,2023-09-11,2,509,0,73.51,1092.25,Debit Card,Shipped,West,In-Store,No,1092.25,1092.25,0,383.16,766.32,325.93,29.84
ORD01162,CUST0080,PROD0021,2023-08-16,2023-08-19,5,6518,0,2.11,32596.46,COD,Cancelled,South,In-Store,No,32596.46,0,32596.46,3663.61,0,0,0
ORD00495,CUST0084,PROD0018,2023-08-14,2023-08-13,1,21702,10,68.42,19600.69,Net Banking,Cancelled,East,Online,Yes,19600.69,0,19600.69,12543.29,0,0,0
ORD00773,CUST0079,PROD0056,2024-08-16,2024-08-23,4,24757,5,53.35,99083.27,Upi,Processing,East,Online,Yes,99083.27,99083.27,0,14778.47,59113.88,39969.39,40.34
ORD00551,CUST0020,PROD0065,2024-03-30,2024-03-29,1,1226,0,59.24,1285.74,Credit Card,Cancelled,West,Mobile App,No,1285.74,0,1285.74,713.8,0,0,0
ORD01487,CUST0068,PROD0062,2023-01-28,2023-01-30,4,9273,15,94.28,31625.81,Net Banking,Returned,West,Online,No,31625.81,0,31625.81,5255.74,94.28,-94.28,
ORD00202,CUST0035,PROD0051,2024-02-28,2024-02-03,5,4843,0,44.72,24259.82,COD,In-Transit,East,Mobile App,Yes,24259.82,24259.82,0,3819.21,19096.05,5163.77,21.29
ORD00313,CUST0192,PROD0047,2024-03-16,2024-03-18,2,1927,10,129.24,3599.05,Net Banking,Processing,West,Online,No,3599.05,3599.05,0,1218.11,2436.22,1162.83,32.31
ORD00291,CUST0152,PROD0006,2023-12-05,2023-05-15,3,6650,0,191.3,20143.13,COD,Shipped,West,In-Store,Yes,20143.13,20143.13,0,5343.94,16031.82,4111.31,20.41
ORD01214,CUST0185,PROD0099,2023-05-23,2023-05-22,1,17888,10,59.44,16158.93,Debit Card,Returned,South,In-Store,No,16158.93,0,16158.93,13707.12,59.44,-59.44,
ORD00764,CUST0199,PROD0019,2024-10-18,2024-10-16,3,7411,10,98.32,20110.5,Debit Card,Returned,West,Online,No,20110.5,0,20110.5,5713.13,98.32,-98.32,
ORD01137,CUST0104,PROD0037,2024-01-05,2024-05-06,1,8588,10,23.57,7753.1,Net Banking,Processing,East,Online,No,7753.1,7753.1,0,5237.56,5237.56,2515.54,32.45
ORD00950,CUST0140,PROD0055,2024-09-23,2024-10-01,1,18803,5,174.72,18038.42,COD,Shipped,South,Mobile App,No,18038.42,18038.42,0,10705.96,10705.96,7332.46,40.65
ORD00184,CUST0040,PROD0018,2023-09-29,2023-02-10,2,21702,5,64.06,41298.85,Upi,Returned,East,Online,No,41298.85,0,41298.85,12543.29,64.06,-64.06,
ORD01177,CUST0193,PROD0007,2024-03-06,2024-05-06,1,2136,10,211.35,2134.34,Credit Card,Shipped,West,Mobile App,No,2134.34,2134.34,0,1243.29,1243.29,891.05,41.75
ORD01849,CUST0129,PROD0005,2024-02-28,2024-02-28,5,2915,10,85.12,13204.33,Upi,Processing,North,Online,No,13204.33,13204.33,0,2349.27,11746.35,1457.98,11.04
ORD01350,CUST0014,PROD0024,2023-07-19,2023-07-17,1,20116,20,218.57,16311.37,Debit Card,In-Transit,South,Online,No,16311.37,16311.37,0,13124.34,13124.34,3187.03,19.54
ORD01728,CUST0039,PROD0021,2024-10-12,2024-12-18,1,6518,0,240,6758.87,COD,Cancelled,South,In-Store,No,6758.87,0,6758.87,3663.61,0,0,0
ORD01069,CUST0042,PROD0085,2023-05-16,2023-05-18,1,4165,15,14.62,3555.18,Credit Card,Returned,West,Mobile App,No,3555.18,0,3555.18,2640.63,14.62,-14.62,
ORD01469,CUST0143,PROD0068,2023-09-02,2023-11-02,1,3558,15,212.55,3237.52,Upi,Shipped,South,Online,No,3237.52,3237.52,0,2455.4,2455.4,782.12,24.16
ORD01812,CUST0151,PROD0035,2024-05-25,2024-05-30,3,13720,0,214.78,41376.43,Upi,Delivered,East,In-Store,No,41376.43,41376.43,0,8206.82,24620.46,16755.97,40.5
ORD01031,CUST0057,PROD0057,2024-04-18,2024-04-23,1,12771,20,100.08,10317.42,COD,Delivered,South,In-Store,No,10317.42,10317.42,0,8626.93,8626.93,1690.49,16.38
ORD00251,CUST0161,PROD0085,2023-02-08,2023-04-08,1,4165,5,28.17,3985.27,Credit Card,Processing,South,Mobile App,No,3985.27,3985.27,0,2640.63,2640.63,1344.64,33.74
ORD00824,CUST0038,PROD0093,2024-10-25,2024-11-04,1,6077,15,81.28,5247.09,COD,Delivered,West,Online,No,5247.09,5247.09,0,4427.74,4427.74,819.35,15.62
ORD01537,CUST0031,PROD0063,2024-07-17,2024-07-22,3,6598,15,219.21,17044.72,Credit Card,Delivered,West,Online,No,17044.72,17044.72,0,4189.32,12567.96,4476.76,26.26
ORD00941,CUST0171,PROD0082,2023-02-21,2023-02-23,1,13459,15,57.33,11497.5,Credit Card,Returned,South,Mobile App,No,11497.5,0,11497.5,8946.5,57.33,-57.33,
ORD00392,CUST0171,PROD0022,2023-06-21,2023-06-19,4,21812,0,203.91,87454.63,Upi,Delivered,West,In-Store,No,87454.63,87454.63,0,14768.15,59072.6,28382.03,32.45
ORD01457,CUST0122,PROD0047,2024-06-21,2024-06-26,1,1927,10,60.93,1795.83,Debit Card,Shipped,East,In-Store,Yes,1795.83,1795.83,0,1218.11,1218.11,577.72,32.17
ORD01093,CUST0149,PROD0022,2023-07-01,2023-01-15,1,21812,0,214.08,22026.76,Upi,Delivered,West,In-Store,Yes,22026.76,22026.76,0,14768.15,14768.15,7258.61,32.95
ORD01192,CUST0012,PROD0058,2024-02-03,2024-06-03,2,9834,0,2.57,19670.71,Debit Card,Cancelled,West,Mobile App,No,19670.71,0,19670.71,6032.58,0,0,0
ORD00905,CUST0097,PROD0095,2023-09-01,2023-01-08,1,14966,5,119.49,14321.91,Net Banking,Cancelled,East,Mobile App,No,14321.91,0,14321.91,11139.28,0,0,0
ORD00731,CUST0041,PROD0077,2024-03-30,2024-04-09,3,10379,0,234.23,31373.36,Credit Card,Delivered,North,Mobile App,Yes,31373.36,31373.36,0,8343.02,25029.06,6344.3,20.22
ORD00555,CUST0178,PROD0031,2024-03-31,2024-09-04,4,15661,15,19.92,53268,Upi,Shipped,North,In-Store,No,53268,53268,0,11664.97,46659.88,6608.12,12.41
ORD00367,CUST0121,PROD0040,2024-09-09,2024-12-09,2,18476,15,242.57,31651.87,Credit Card,Cancelled,South,In-Store,No,31651.87,0,31651.87,13298.28,0,0,0
ORD00346,CUST0102,PROD0044,2024-07-07,2024-07-05,5,15370,10,161.48,69327.7,COD,Delivered,North,Online,No,69327.7,69327.7,0,9076.55,45382.75,23944.95,34.54
ORD01609,CUST0088,PROD0057,2024-04-07,2024-08-07,3,12771,0,149.7,38464.74,Upi,Shipped,North,In-Store,No,38464.74,38464.74,0,8626.93,25880.79,12583.95,32.72
ORD00536,CUST0041,PROD0037,2023-03-18,2023-03-24,2,8588,10,99.8,15558.87,COD,Delivered,North,Mobile App,No,15558.87,15558.87,0,5237.56,10475.12,5083.75,32.67
ORD01423,CUST0092,PROD0083,2024-06-07,2024-05-07,3,17414,20,81.79,41875.51,COD,Processing,West,In-Store,No,41875.51,41875.51,0,12254.66,36763.98,5111.53,12.21
ORD01210,CUST0154,PROD0079,2023-05-18,2023-05-16,1,14974,0,60.68,15034.92,Credit Card,Delivered,North,Online,No,15034.92,15034.92,0,11348.98,11348.98,3685.94,24.52
ORD01640,CUST0072,PROD0053,2023-09-09,2023-07-09,4,3950,0,186.25,15987.17,COD,Cancelled,West,Mobile App,No,15987.17,0,15987.17,3082.66,0,0,0
ORD00920,CUST0074,PROD0049,2023-12-05,2023-10-05,2,17373,15,248.64,29783.27,Credit Card,Shipped,South,In-Store,No,29783.27,29783.27,0,14247.06,28494.12,1289.15,4.33
ORD00212,CUST0087,PROD0087,2024-05-05,2024-05-10,1,3803,0,120.37,3924.19,COD,Delivered,South,Mobile App,Yes,3924.19,3924.19,0,2356.33,2356.33,1567.86,39.95
ORD01604,CUST0087,PROD0035,2024-11-27,2024-11-25,2,13720,0,152.21,27593.31,Upi,Cancelled,South,Mobile App,No,27593.31,0,27593.31,8206.82,0,0,0
ORD00503,CUST0058,PROD0007,2023-11-01,2023-11-01,1,2136,15,215.35,2031.51,Net Banking,Delivered,North,Mobile App,Yes,2031.51,2031.51,0,1243.29,1243.29,788.22,38.8
ORD00538,CUST0021,PROD0071,2024-05-05,2024-05-05,2,1509,0,26.02,3044.52,Debit Card,Delivered,North,Online,No,3044.52,3044.52,0,854.02,1708.04,1336.48,43.9
ORD01221,CUST0156,PROD0090,2024-01-11,2024-01-16,4,12088,0,119.49,48561.19,Upi,Delivered,West,Mobile App,No,48561.19,48561.19,0,9190.14,36760.56,11800.63,24.3
ORD00176,CUST0154,PROD0071,2023-06-14,2023-06-13,1,1509,0,112.35,1621.6,Credit Card,Delivered,West,Mobile App,No,1621.6,1621.6,0,854.02,854.02,767.58,47.33
