order_id,customer_id,product_id,order_date,ship_date,quantity,unit_price,discount_percent,shipping_cost,total_amount,payment_method,order_status,region,sales_channel,return_flag
ORD01073,CUST0013,PROD0086,17-03-2023,22-03-2023,1,1008.99,,72.84,1081.83,Cash on Delivery,Processing,north,  Mobile app  ,No
ORD01049,CUST0060,PROD0016,29-05-2023,27-05-2023,1,9295.74,0,146.52,9442.26,Cash on Delivery,processing,west,Mobile App,No
ORD00205,CUST0128,PROD0070,06-01-2023,13-01-2023,5,2262.55,5,54.22,10801.33,net banking,shipped,,  Mobile app  ,No
ORD00695,CUST0190,PROD0033,28-11-2024,07-12-2024,4,14138.95,10,134.07,51034.29,Debit Card,delivered,N/A,online,No
ORD01759,CUST0100,PROD0018,"Mar 13, 2024",19-03-2024,3,21702.52,0,117.8,65225.36,net banking,Returned,  west  ,in-store,No
ORD00285,CUST0027,PROD0051,24-03-2024,30-03-2024,1,4843.02,0,35.84,4878.86,UPI,Shipped,south,In-Store,no
ORD01203,CUST0047,PROD0070,31-03-2023,"Mar 31, 2023",1,2262.55,20,55.55,1865.59,cod,cancelled,west,online,No
ORD01763,CUST0106,PROD0067,10-09-2024,19-09-2024,2,12277.6,,223.09,24778.29,net banking,delivered,south,in-store,No
ORD01418,CUST0135,PROD0094,05-06-2024,,1,5579.66,10,63.82,5085.51,upi,returned,south,Online,yes
ORD01725,CUST0065,PROD0040,18-09-2024,16-09-2024,5,18476.06,20,149.78,74054.02,COD,Shipped,West,in-store,Yes
ORD00869,CUST0144,PROD0097,18-01-2023,"Jan 20, 2023",1,18995.32,15,240.01,16386.03,CREDIT CARD,cancelled,,Mobile App,No
ORD01338,CUST0192,PROD0004,11-08-2024,20-08-2024,4,10787.53,0,29.14,43179.26,upi,cancelled,east,Online,No
ORD01783,CUST0165,PROD0065,20-03-2023,19-03-2023,1,1226.5,15,192.64,1235.16,upi,Shipped,North,  online  ,No
ORD01704,CUST0121,PROD0016,10-07-2024,14-07-2024,1,9295.74,10,206.7,8572.87,debit card,processing,south,  in-store  ,Yes
ORD00803,CUST0010,PROD0099,10-01-2023,18-01-2023,3,17888.32,15,200.05,45815.27,Debit Card,DELIVERED,south,  Mobile app  ,
ORD01303,CUST0053,PROD0058,"Jun 22, 2024",30-06-2024,-1,9834.07,,14.45,9848.52,credit card,In-Transit,West,Mobile app,
ORD01275,CUST0009,PROD0038,10-04-2024,20-04-2024,1,7505.7,0,4.52,7510.22,UPI,In-Transit,north,Mobile App,No
ORD01038,CUST0174,PROD0072,09-10-2024,09-10-2024,1,22878.54,,166.56,23045.1,Debit Card,Cancelled,west,Mobile App,No
ORD00596,CUST0198,PROD0083,"Jun 19, 2024","Jun 24, 2024",1,17414.05,0,237.42,17651.47,COD,processing,north,  In-Store  ,No
ORD01068,CUST0008,PROD0028,05-10-2023,"Oct 14, 2023",1,20039.63,0,31.76,20071.39,  Credit Card  ,delivered,west,Mobile app,No
ORD01825,CUST0174,PROD0057,30-10-2023,"Oct 31, 2023",4,12771.68,5,149.14,48681.52,UPI,In-Transit,north,online,No
ORD01029,CUST0127,PROD0068,"Dec 31, 2023","Dec 31, 2023",1,3558.79,0,19.85,3578.64,COD,shipped,East,online,
ORD00351,CUST0082,PROD0060,20-07-2024,24-07-2024,1,21989,,7.23,21996.23,Debit Card,returned,East,Mobile App,no
ORD01090,CUST0157,PROD0050,20-11-2024,30-11-2024,2,17713.67,5,203.64,33859.61,net banking,cancelled,East,online,No
ORD00003,CUST0099,PROD0031,"Apr 02, 2024",,2,15661.2,15,75.49,26699.53,credit card,  Returned  ,north,In-Store,No
ORD01076,CUST0078,PROD0057,"Jan 19, 2023",21-01-2023,-1,12771.68,,,12898.82,UPI,Processing,  east  ,in-store,Yes
ORD01505,CUST0080,PROD0064,26-12-2023,,-1,13808.45,0,224.31,14032.76,UPI,delivered,,Online,No
ORD00111,CUST0121,PROD0064,19-06-2023,,5,13808.45,15,60.22,58746.13,Debit Card,delivered,west,online,no
ORD01063,CUST0182,PROD0091,25-05-2023,01-06-2023,2,18810.69,20,188.32,30285.42,debit card,delivered,west,Mobile App,No
ORD00109,CUST0157,PROD0049,03-01-2024,10-01-2024,1,17373.31,0,120.77,17494.08,Credit Card,In-Transit,  N/A  ,Mobile app,
ORD00919,CUST0196,PROD0037,"Jun 30, 2023","Jun 29, 2023",1,8588.37,10,5.68,7735.21,,processing,south,In-Store,No
ORD00501,CUST0005,PROD0083,12-08-2024,,5,17414.05,10,32.76,78395.99,Credit Card,delivered,west,Online,no
ORD00362,CUST0161,PROD0081,"Apr 10, 2023",08-04-2023,5,3839.05,20,202.01,15558.21,  UPI  ,Delivered,south,in-store,Yes
ORD01548,CUST0038,PROD0081,"Jun 12, 2024",,1,3839.05,20,10.98,3082.22,  upi  ,Cancelled,north,online,No
ORD01282,CUST0074,PROD0096,24-07-2024,31-07-2024,2,1277.29,10,231.43,2530.55,net banking,Processing,east,Mobile App,
ORD01159,CUST0093,PROD0027,28-11-2023,08-12-2023,2,6491.69,10,103.22,11788.26,Cash on Delivery,In-Transit,north,online,No
ORD01328,CUST0024,PROD0068,04-05-2024,11-05-2024,2,3558.79,10,177.73,6583.55,credit card,  shipped  ,South,Mobile App,Yes
ORD00197,CUST0034,PROD0024,27-01-2023,06-02-2023,2,20116,5,149.09,38369.49,  Cash on Delivery  ,Returned,south,In-Store,no
ORD01818,CUST0072,PROD0047,13-02-2024,21-02-2024,1,1927.67,0,90.01,2017.68,net banking,In-Transit,south,Mobile app,no
ORD00238,CUST0153,PROD0085,"Aug 11, 2023","Aug 18, 2023",1,4165.37,0,21.6,4186.97,CREDIT CARD,shipped,north,online,Yes
ORD00789,CUST0024,PROD0079,29-01-2024,,4,14974.24,5,10.47,56912.58,CREDIT CARD,cancelled,N/A,in-store,No
ORD00721,CUST0128,PROD0039,15-05-2024,,-1,15091.15,5,57.03,14393.62,upi,Returned,west,online,No
ORD01296,CUST0114,PROD0001,01-08-2023,07-08-2023,3,21533.94,0,59.51,64661.33,COD,shipped,South,Mobile app,no
ORD01410,CUST0107,PROD0092,"May 19, 2024",19-05-2024,2,6775.54,15,175.54,11693.96,credit card,DELIVERED,,Online,No
ORD01705,CUST0084,PROD0095,28-12-2023,04-01-2024,4,14966.39,,80.29,59945.85,  Cash on Delivery  ,returned,West,Online,yes
ORD00545,CUST0079,PROD0005,08-07-2024,18-07-2024,3,2915.38,0,227.51,8973.65,UPI,In-Transit,,online,Yes
ORD01261,CUST0156,PROD0014,"Sep 29, 2024","Oct 01, 2024",-1,17479.16,20,31.28,14014.61,  UPI  ,cancelled,N/A,In-Store,Yes
ORD01111,CUST0126,PROD0048,21-09-2024,20-09-2024,5,14926.77,0,13.68,74647.53,Net Banking,shipped,north,online,No
ORD01307,CUST0071,PROD0001,08-01-2023,06-01-2023,4,21533.94,,84.39,86220.15,upi,Cancelled,north,Mobile App,No
ORD00846,CUST0170,PROD0007,"Jan 10, 2024",12-01-2024,1,2136.66,20,182.4,1891.73,Cash on Delivery,returned,west,in-store,No
ORD00842,CUST0003,PROD0100,28-01-2023,"Feb 07, 2023",1,15869.36,0,20.91,15890.27,credit card,Returned,N/A,Mobile app,No
ORD01318,CUST0136,PROD0098,03-04-2023,08-04-2023,-1,16965.86,0,73.73,17039.59,net banking,  Processing  ,North,  online  ,No
ORD01546,CUST0170,PROD0082,10-10-2024,18-10-2024,3,₹13459.02,,32.38,40409.44,Credit Card,processing,west,Mobile App,
ORD01648,CUST0096,PROD0009,28-07-2024,31-07-2024,5,9274.78,0,21,46394.9,upi,Shipped,north,In-Store,Yes
ORD01734,CUST0061,PROD0048,19-11-2024,"Nov 27, 2024",2,14926.77,0,209.61,30063.15,net banking,Delivered,N/A,online,No
ORD01057,CUST0027,PROD0002,07-08-2024,12-08-2024,1,10538.65,0,172.82,10711.47,UPI,Shipped,north,Mobile app,no
ORD01794,CUST0091,PROD0087,25-02-2024,06-03-2024,4,3803.82,0,2.22,15217.5,CREDIT CARD,Returned,East,In-Store,no
ORD00173,CUST0112,PROD0042,16-01-2023,,2,₹17560.96,0,98.95,35220.87,Cash on Delivery,DELIVERED,  south  ,  Online  ,No
ORD01788,CUST0007,PROD0028,"Nov 15, 2023",21-11-2023,1,20039.63,5,107.09,19144.74,Cash on Delivery,processing,West,In-Store,
ORD00836,CUST0176,PROD0056,07-06-2023,16-06-2023,1,24757.48,0,118.43,24875.91,credit card,delivered,  East  ,In-Store,No
ORD00442,CUST0176,PROD0031,23-02-2023,03-03-2023,3,15661.2,20,244.11,37830.99,Cash on Delivery,DELIVERED,N/A,In-Store,No
ORD01555,CUST0170,PROD0020,30-08-2024,30-08-2024,3,9020.42,0,218.16,27279.42,  credit card  ,returned,West,In-Store,No
ORD01376,CUST0089,PROD0044,21-06-2023,,1,15370.27,,184.9,15555.17,credit card,In-Transit,west,  in-store  ,
ORD00790,CUST0054,PROD0001,09-03-2023,09-03-2023,1,21533.94,10,181.81,19562.36,Net Banking,Cancelled,,Mobile app,no
ORD00186,CUST0014,PROD0040,20-06-2024,18-06-2024,3,18476.06,0,81.71,55509.89,credit card,  Shipped  ,  east  ,Mobile App,No
ORD00439,CUST0132,PROD0020,25-02-2024,24-02-2024,5,9020.42,0,38.91,45141.01,  net banking  ,shipped,South,online,no
ORD00373,CUST0039,PROD0042,"Sep 11, 2023",09-09-2023,2,17560.96,0,212.88,35334.8,Cash on Delivery,delivered,East,in-store,No
ORD00141,CUST0043,PROD0034,04-07-2023,10-07-2023,4,11290.33,0,219.63,45380.95,CREDIT CARD,Shipped,east,in-store,No
ORD01278,CUST0143,PROD0058,07-01-2023,08-01-2023,4,9834.07,20,12.1,31481.12,UPI,Delivered,  East  ,Mobile app,Yes
ORD01397,CUST0137,PROD0100,02-01-2024,31-12-2023,1,15869.36,0,11.27,15880.63,UPI,Processing,West,online,Yes
ORD01470,CUST0142,PROD0023,01-09-2023,31-08-2023,2,24502.56,10,33.13,44137.74,credit card,In-Transit,south,Mobile App,yes
ORD00587,CUST0183,PROD0019,23-03-2024,"Mar 29, 2024",5,7411.92,,173.77,37233.37,UPI,Returned,south,Mobile app,No
ORD00849,CUST0179,PROD0052,25-09-2024,03-10-2024,2,₹3087.94,0,130.43,6306.31,CREDIT CARD,Cancelled,N/A,online,No
ORD00300,CUST0094,PROD0086,"Nov 04, 2024",03-11-2024,4,1008.99,0,59.01,4094.97,net banking,shipped,west,  Online  ,No
ORD00796,CUST0046,PROD0005,17-05-2023,,3,2915.38,15,166.51,7600.73,Cash on Delivery,delivered,North,in-store,No
ORD01413,CUST0178,PROD0008,04-08-2024,13-08-2024,2,₹15504.24,15,16.01,26373.22,COD,DELIVERED,N/A,online,No
ORD00354,CUST0102,PROD0090,06-05-2023,06-05-2023,-1,12088.33,10,219.57,11099.07,cod,Returned,north,In-Store,yes
ORD01071,CUST0154,PROD0006,"Aug 21, 2024",31-08-2024,3,6650.61,20,98.55,16060.01,Debit Card,Returned,West,  Mobile app  ,No
ORD01465,CUST0196,PROD0054,19-05-2023,24-05-2023,1,16339.85,0,103.93,16443.78,credit card,processing,south,  online  ,No
ORD01687,CUST0086,PROD0041,20-12-2024,"Dec 23, 2024",1,1025.38,20,174.65,994.95,UPI,Processing,South,Mobile app,No
ORD01845,CUST0057,PROD0026,"Mar 02, 2023","Mar 02, 2023",3,21234.71,15,145.93,54294.44,CREDIT CARD,Shipped,South,Mobile App,yes
ORD00958,CUST0021,PROD0023,"Oct 15, 2023",24-10-2023,1,24502.56,0,93.13,24595.69,Credit Card,Delivered,N/A,Online,No
ORD01535,CUST0130,PROD0062,22-10-2024,23-10-2024,3,9273.98,0,134.32,27956.26,Debit Card,Cancelled,South,in-store,Yes
ORD01683,CUST0030,PROD0089,04-10-2024,"Oct 08, 2024",2,21184.51,20,126.69,34021.91,debit card,Delivered,West,  In-Store  ,No
ORD00716,CUST0032,PROD0008,22-12-2024,,2,15504.24,0,46.39,31054.87,credit card,cancelled,south,  Mobile app  ,no
ORD01433,CUST0010,PROD0096,19-12-2024,18-12-2024,1,1277.29,0,99.24,1376.53,Cash on Delivery,In-Transit,West,Mobile app,No
ORD00424,CUST0124,PROD0083,20-12-2024,"Dec 24, 2024",2,17414.05,0,24.86,34852.96,,returned,N/A,in-store,No
ORD00312,CUST0011,PROD0075,03-07-2023,05-07-2023,1,5250.56,,232.58,5483.14,UPI,Delivered,  East  ,online,yes
ORD01324,CUST0134,PROD0083,01-02-2024,09-02-2024,1,₹17414.05,0,203.87,17617.92,Cash on Delivery,  Delivered  ,South,Online,No
ORD01382,CUST0040,PROD0068,17-07-2023,,2,3558.79,0,0.32,7117.9,credit card,Shipped,south,Online,No
ORD01681,CUST0174,PROD0060,05-10-2024,,4,21989,15,242.36,75004.96,net banking,returned,East,In-Store,No
ORD00038,CUST0172,PROD0063,"Jun 24, 2024",02-07-2024,3,6598.24,20,152.83,15988.61,cod,shipped,,in-store,No
ORD00528,CUST0031,PROD0073,"Feb 03, 2024",01-02-2024,2,10432.09,0,161.28,21025.46,debit card,Delivered,  East  ,Mobile App,
ORD00692,CUST0177,PROD0015,25-10-2023,23-10-2023,2,6720.45,15,246.1,11670.86,Cash on Delivery,Shipped,,Mobile app,No
ORD01241,CUST0180,PROD0042,28-07-2023,07-08-2023,2,17560.96,,22.61,35144.53,CREDIT CARD,  Delivered  ,West,Mobile app,
ORD00708,CUST0122,PROD0044,"Dec 21, 2024",21-12-2024,2,15370.27,10,25.37,27691.86,upi,  DELIVERED  ,N/A,in-store,yes
ORD00059,CUST0012,PROD0002,08-09-2023,06-09-2023,5,10538.65,15,95.74,44885,upi,  Shipped  ,south,In-Store,No
ORD01497,CUST0155,PROD0081,07-06-2023,,3,3839.05,15,26.46,9816.04,  credit card  ,processing,north,online,No
ORD01211,CUST0199,PROD0035,18-10-2024,17-10-2024,2,13720.55,,85.47,27526.57,Net Banking,Cancelled,West,Mobile app,No
ORD00128,CUST0116,PROD0081,19-02-2024,"Feb 23, 2024",3,3839.05,0,97.38,11614.53,credit card,Cancelled,N/A,Online,No
ORD00448,CUST0026,PROD0010,13-07-2024,20-07-2024,3,₹9930.05,10,181.34,26992.47,debit card,returned,south,Mobile App,No
ORD00398,CUST0083,PROD0024,28-03-2024,05-04-2024,1,20116,0,217.47,20333.47,  credit card  ,  DELIVERED  ,,in-store,No
ORD00230,CUST0037,PROD0094,"Jun 23, 2024",03-07-2024,2,5579.66,,129.24,11288.56,COD,delivered,N/A,  in-store  ,No
ORD01837,CUST0182,PROD0065,29-12-2024,"Jan 07, 2025",1,1226.5,0,10.6,1237.1,net banking,cancelled,east,Online,No
ORD00035,,,26-05-2023,29-05-2023,2,5579.66,15,113.83,9599.25,UPI,delivered,north,Online,Yes
ORD00971,CUST0041,PROD0073,"Aug 04, 2023",04-08-2023,-1,10432.09,0,,10610.01,  CREDIT CARD  ,  Shipped  ,East,Online,No
ORD01486,CUST0019,PROD0059,02-03-2024,12-03-2024,1,2138.13,10,43.53,1967.85,net banking,In-Transit,  east  ,In-Store,no
ORD01151,CUST0117,PROD0034,"Jan 25, 2023","Jan 31, 2023",2,11290.33,,,22785.88,Cash on Delivery,DELIVERED,South,online,No
ORD01806,CUST0182,PROD0024,04-09-2023,09-09-2023,5,20116,10,139.89,90661.89,CREDIT CARD,Cancelled,West,In-Store,No
ORD00749,CUST0182,PROD0043,15-05-2024,14-05-2024,3,11229.01,15,137.11,28771.09,credit card,Shipped,  west  ,In-Store,No
ORD01491,CUST0168,PROD0033,13-08-2024,18-08-2024,2,14138.95,,156.07,28433.97,upi,Cancelled,east,Mobile App,Yes
ORD00591,CUST0182,PROD0008,18-11-2023,17-11-2023,-1,15504.24,10,245.85,14199.67,cod,DELIVERED,,Mobile app,
ORD00858,CUST0075,PROD0029,25-08-2023,29-08-2023,-1,13437.78,,85.74,13523.52,Debit Card,Processing,,in-store,No
ORD00411,CUST0132,PROD0053,07-11-2024,08-11-2024,1,3950.23,15,4.16,3361.86,cod,Processing,South,Mobile App,No
ORD01107,CUST0163,PROD0083,06-11-2024,08-11-2024,5,17414.05,0,64.65,87134.9,UPI,Processing,  West  ,in-store,No
ORD01785,CUST0028,PROD0096,"Nov 28, 2024",01-12-2024,-1,1277.29,0,,1472.63,Debit Card,DELIVERED,  West  ,Mobile App,No
ORD01400,CUST0099,PROD0084,04-10-2024,09-10-2024,5,12225.64,0,71.22,61199.42,credit card,Processing,north,  Mobile App  ,No
ORD00929,CUST0051,PROD0004,"Jan 18, 2023",25-01-2023,4,10787.53,0,87.23,43237.35,Credit Card,  Shipped  ,South,in-store,No
ORD00008,CUST0035,PROD0099,18-10-2024,27-10-2024,4,17888.32,15,248.21,61068.5,net banking,DELIVERED,  south  ,Online,No
ORD00722,CUST0189,PROD0097,30-01-2024,03-02-2024,1,18995.32,0,,19192.39,COD,  DELIVERED  ,East,in-store,No
ORD01442,CUST0001,PROD0045,"Aug 14, 2023",13-08-2023,1,₹13766.6,0,244.87,14011.47,Debit Card,Processing,west,in-store,No
ORD01151,CUST0117,PROD0034,"Jan 25, 2023","Jan 31, 2023",2,11290.33,,,22785.88,Cash on Delivery,DELIVERED,South,online,No
ORD00972,CUST0178,PROD0067,31-01-2024,"Feb 05, 2024",4,12277.6,20,28.65,39316.97,Net Banking,In-Transit,east,Online,No
ORD01445,CUST0023,PROD0094,01-11-2024,05-11-2024,1,5579.66,,231.08,5810.74,cod,  returned  ,North,  in-store  ,No
ORD00573,CUST0198,PROD0089,11-09-2023,09-09-2023,2,21184.51,0,203.25,42572.27,credit card,delivered,N/A,Mobile app,no
ORD01112,CUST0094,PROD0082,"Aug 08, 2023",11-08-2023,1,13459.02,10,109.59,12222.71,  UPI  ,Processing,north,  Mobile app  ,
ORD01815,CUST0185,PROD0046,03-08-2023,07-08-2023,4,6541.32,5,48.53,24905.55,UPI,In-Transit,east,In-Store,
ORD01421,CUST0178,PROD0072,23-10-2024,01-11-2024,2,22878.54,,175.43,45932.51,net banking,cancelled,  South  ,Online,no
ORD01577,CUST0032,PROD0060,27-01-2023,28-01-2023,4,21989,0,,87960.82,cod,Delivered,east,online,yes
ORD00021,CUST0102,PROD0011,18-01-2024,22-01-2024,5,13029,5,247.56,62135.31,credit card,cancelled,east,online,Yes
ORD00453,CUST0157,PROD0038,29-11-2023,27-11-2023,1,7505.7,15,54.82,6434.66,  Cash on Delivery  ,delivered,east,Mobile app,No
ORD00376,CUST0011,PROD0060,08-06-2024,15-06-2024,3,21989,20,112.79,52886.39,Debit Card,shipped,South,Mobile App,yes
ORD01045,CUST0048,PROD0008,03-05-2024,13-05-2024,1,15504.24,0,4.54,15508.78,Net Banking,  delivered  ,East,Mobile app,No
ORD01097,CUST0017,PROD0098,24-03-2024,"Mar 31, 2024",4,16965.86,,5.4,67868.84,  net banking  ,Cancelled,,in-store,No
ORD00893,CUST0151,PROD0029,"Dec 12, 2024",13-12-2024,3,13437.78,15,,34291.9,net banking,shipped,east,in-store,No
ORD00563,CUST0007,PROD0048,28-07-2023,30-07-2023,4,14926.77,,130.22,59837.3,upi,Returned,  north  ,Online,yes
ORD00471,CUST0129,PROD0025,19-11-2023,"Nov 29, 2023",4,15641.95,15,243.46,53426.09,Cash on Delivery,cancelled,  west  ,in-store,Yes
ORD00926,CUST0029,PROD0006,22-07-2024,20-07-2024,1,6650.61,0,9.68,6660.29,credit card,Returned,East,online,
ORD00984,CUST0181,PROD0044,24-02-2024,26-02-2024,1,15370.27,,42.92,15413.19,Cash on Delivery,Cancelled,north,Online,No
ORD01792,CUST0079,PROD0050,"Feb 01, 2023",02-02-2023,4,17713.67,0,22.33,70877.01,debit card,cancelled,south,Mobile App,No
ORD00361,CUST0115,PROD0041,"Jan 06, 2023",10-01-2023,2,1025.38,15,20.45,1763.6,Debit Card,Shipped,East,Mobile App,No
ORD00798,CUST0025,PROD0064,13-09-2024,14-09-2024,2,13808.45,0,98.35,27715.25,debit card,processing,east,online,No
ORD01391,CUST0102,PROD0038,03-10-2023,05-10-2023,5,7505.7,,214.92,37743.42,CREDIT CARD,shipped,East,  In-Store  ,No
ORD00480,CUST0070,PROD0033,12-10-2024,12-10-2024,1,14138.95,0,17.31,14156.26,debit card,DELIVERED,  North  ,Online,no
ORD01572,CUST0059,PROD0099,22-10-2023,29-10-2023,2,17888.32,5,165.8,34153.61,  net banking  ,  Cancelled  ,east,Mobile App,No
ORD00739,CUST0078,PROD0047,19-04-2024,17-04-2024,2,1927.67,10,54.2,3524.01,cod,cancelled,south,online,
ORD00890,CUST0194,PROD0050,26-01-2024,04-02-2024,3,17713.67,,142.3,53283.31,UPI,Cancelled,  north  ,Mobile App,No
ORD01595,CUST0060,PROD0026,"Jan 12, 2024",18-01-2024,2,21234.71,10,48.03,38270.51,UPI,delivered,west,Mobile App,No
ORD01196,CUST0112,PROD0010,"Aug 23, 2024",01-09-2024,1,9930.05,5,207.79,9641.34,CREDIT CARD,Returned,West,  In-Store  ,No
ORD00263,CUST0039,PROD0027,"Jun 17, 2024",25-06-2024,1,6491.69,10,104.13,5946.65,debit card,Shipped,South,Online,No
ORD00242,CUST0139,PROD0029,04-01-2023,08-01-2023,5,13437.78,0,141.81,67330.71,credit card,Cancelled,N/A,Mobile App,No
ORD01364,CUST0037,PROD0096,15-08-2024,23-08-2024,1,1277.29,20,210.61,1232.44,  Net Banking  ,DELIVERED,,in-store,yes
ORD01351,CUST0040,PROD0004,18-02-2024,"Feb 22, 2024",5,10787.53,0,,53963.42,upi,cancelled,  West  ,  In-Store  ,
ORD01065,CUST0087,PROD0094,13-06-2023,14-06-2023,2,₹5579.66,0,,11289.4,Cash on Delivery,delivered,West,In-Store,No
ORD00654,CUST0105,PROD0006,06-07-2024,10-07-2024,-1,6650.61,0,39.54,6690.15,Net Banking,Returned,east,in-store,No
ORD01742,CUST0133,PROD0066,22-03-2023,24-03-2023,2,16714.6,0,128.88,33558.08,COD,Cancelled,west,Mobile App,No
ORD00052,CUST0110,PROD0041,"May 24, 2023","May 25, 2023",2,1025.38,0,62.04,2112.8,,processing,north,  In-Store  ,
ORD00037,CUST0008,PROD0095,20-09-2024,21-09-2024,5,14966.39,20,97.21,59962.77,UPI,Cancelled,West,online,No
ORD00621,CUST0118,PROD0048,03-09-2023,,5,₹14926.77,5,80.68,70982.84,COD,Processing,west,In-Store,no
ORD01272,CUST0185,PROD0031,17-12-2023,26-12-2023,4,15661.2,0,50.02,62694.82,net banking,  Delivered  ,east,  online  ,No
ORD01758,CUST0158,PROD0070,22-07-2024,27-07-2024,1,2262.55,0,52.4,2314.95,debit card,DELIVERED,west,Mobile app,No
ORD00863,CUST0136,PROD0058,"Jul 18, 2023","Jul 21, 2023",2,9834.07,5,,18803.95,  UPI  ,Processing,South,Online,No
ORD00639,CUST0159,PROD0065,26-03-2024,"Mar 28, 2024",1,1226.5,0,60.78,1287.28,COD,  cancelled  ,west,In-Store,No
ORD01637,CUST0137,PROD0064,25-02-2023,07-03-2023,2,13808.45,0,68.35,27685.25,Cash on Delivery,Processing,East,Mobile App,Yes
ORD01117,CUST0102,PROD0018,24-08-2024,31-08-2024,2,21702.52,20,157.28,34881.31,Credit Card,In-Transit,North,Online,No
ORD00736,CUST0007,PROD0086,"Dec 14, 2024",,-1,1008.99,0,10.03,1019.02,credit card,Processing,south,in-store,No
ORD00207,CUST0170,PROD0089,"Dec 17, 2024",24-12-2024,-1,21184.51,0,241.57,21426.08,upi,delivered,east,in-store,No
ORD01309,CUST0011,PROD0094,07-03-2023,12-03-2023,1,5579.66,5,102.05,5402.73,net banking,processing,east,Online,No
ORD01032,CUST0017,PROD0004,12-01-2024,15-01-2024,-1,10787.53,0,9.09,10796.62,Net Banking,processing,  West  ,Online,No
ORD00946,CUST0151,PROD0097,12-09-2023,15-09-2023,1,18995.32,5,178.68,18224.23,  Debit Card  ,Delivered,north,Mobile App,Yes
ORD01232,CUST0137,PROD0010,26-09-2023,04-10-2023,4,9930.05,0,76.18,39796.38,  debit card  ,shipped,West,  online  ,No
ORD00748,CUST0147,PROD0018,30-07-2023,"Aug 08, 2023",4,₹21702.52,0,205.86,87015.94,,returned,East,Mobile app,No
ORD00922,CUST0055,PROD0004,23-09-2023,22-09-2023,1,10787.53,0,35.21,10822.74,net banking,Returned,  north  ,Online,No
ORD01706,CUST0120,PROD0053,27-05-2023,01-06-2023,2,₹3950.23,15,191.76,6907.15,UPI,  returned  ,,online,Yes
ORD00147,CUST0144,PROD0072,10-05-2024,12-05-2024,2,22878.54,15,193.55,39087.07,CREDIT CARD,delivered,West,in-store,No
ORD00279,CUST0057,PROD0017,11-12-2024,11-12-2024,2,5329.54,10,31.34,9624.51,Net Banking,cancelled,  North  ,In-Store,No
ORD00431,CUST0097,PROD0014,07-05-2023,07-05-2023,-1,17479.16,10,147.21,15878.45,Cash on Delivery,delivered,  North  ,In-Store,No
ORD00624,CUST0032,PROD0014,30-05-2023,01-06-2023,1,17479.16,0,91.62,17570.78,COD,In-Transit,  South  ,online,no
ORD00378,CUST0049,PROD0091,10-09-2024,10-09-2024,-1,18810.69,10,2.13,16931.75,Cash on Delivery,processing,North,online,No
ORD01843,CUST0139,PROD0001,02-02-2024,06-02-2024,1,21533.94,0,172.63,21706.57,upi,Processing,south,Online,No
ORD00745,CUST0144,PROD0090,15-05-2024,25-05-2024,2,12088.33,0,71.63,24248.29,UPI,In-Transit,N/A,in-store,No
ORD00375,CUST0057,PROD0026,07-04-2024,08-04-2024,4,21234.71,5,76.5,80768.4,debit card,Returned,N/A,Mobile App,No
ORD00368,CUST0018,PROD0044,13-07-2023,"Jul 21, 2023",5,15370.27,,149.94,77001.29,CREDIT CARD,delivered,west,Online,No
ORD00817,CUST0148,PROD0028,19-08-2024,"Aug 29, 2024",1,20039.63,5,12.27,19049.92,cod,returned,,Mobile app,
ORD01479,CUST0009,PROD0099,17-07-2024,26-07-2024,2,17888.32,0,220.37,35997.01,Cash on Delivery,processing,South,Mobile app,no
ORD00260,CUST0014,PROD0015,28-01-2024,31-01-2024,5,6720.45,0,91.39,33693.64,UPI,Shipped,N/A,Online,
ORD01623,CUST0089,PROD0077,23-03-2023,"Mar 29, 2023",-1,10379.71,5,173.28,10034,cod,Returned,West,Mobile app,No
ORD01527,CUST0105,PROD0048,12-02-2024,15-02-2024,-1,14926.77,0,60.54,14987.31,COD,  processing  ,east,Mobile App,No
ORD01437,CUST0006,PROD0070,05-02-2024,13-02-2024,1,2262.55,0,,2338.6,debit card,Shipped,East,online,no
ORD00876,CUST0197,PROD0100,27-09-2023,25-09-2023,4,15869.36,10,16.79,57146.49,UPI,Cancelled,East,In-Store,No
ORD01140,CUST0080,PROD0013,11-10-2024,,1,7082.45,10,136,6510.2,upi,shipped,,online,No
ORD01833,CUST0156,PROD0052,04-06-2024,,2,3087.94,0,98.77,6274.65,Cash on Delivery,  processing  ,east,Mobile App,No
ORD00652,CUST0040,PROD0018,12-12-2024,17-12-2024,1,21702.52,0,149.05,21851.57,CREDIT CARD,DELIVERED,  N/A  ,In-Store,No
ORD01840,CUST0031,PROD0074,08-04-2023,16-04-2023,2,4666.71,20,,7599.8,,shipped,,In-Store,No
ORD00218,CUST0090,PROD0071,23-11-2023,,1,1509.25,10,143.52,1501.85,  CREDIT CARD  ,Delivered,  west  ,  Mobile app  ,No
ORD00649,CUST0198,PROD0049,"Aug 27, 2024",26-08-2024,1,17373.31,0,126.68,17499.99,cod,Processing,south,Mobile app,no
ORD00142,CUST0150,PROD0099,06-07-2023,"Jul 13, 2023",-1,17888.32,10,41.93,16141.42,credit card,Delivered,West,in-store,
ORD00340,CUST0153,PROD0030,"Dec 25, 2023",27-12-2023,2,509.37,0,178.59,1197.33,UPI,Returned,South,In-Store,no
ORD01110,CUST0083,PROD0092,"Nov 22, 2024",25-11-2024,-1,6775.54,15,42.74,5801.95,UPI,delivered,  east  ,Online,yes
ORD00897,CUST0073,PROD0099,"Mar 31, 2023",29-03-2023,3,17888.32,0,114.16,53779.12,Cash on Delivery,  In-Transit  ,East,online,No
ORD00314,CUST0014,PROD0030,07-07-2023,05-07-2023,5,₹509.37,10,40.89,2333.05,  Net Banking  ,Returned,  west  ,Online,No
ORD01119,CUST0167,PROD0038,"Feb 04, 2024","Feb 06, 2024",-1,7505.7,10,154.81,6909.94,UPI,Returned,  south  ,  Mobile app  ,yes
ORD00529,CUST0054,PROD0045,24-12-2024,"Dec 30, 2024",4,13766.6,0,43.62,55110.02,debit card,processing,north,online,No
ORD00345,CUST0116,PROD0044,22-01-2024,27-01-2024,1,15370.27,0,126.19,15496.46,Cash on Delivery,processing,,online,No
ORD00998,CUST0141,PROD0007,29-12-2023,,3,2136.66,0,228.36,6638.34,Debit Card,shipped,North,  In-Store  ,
ORD00873,CUST0136,PROD0008,"Sep 18, 2024",,2,15504.24,0,73.26,31081.74,CREDIT CARD,processing,N/A,In-Store,no
ORD01828,CUST0017,PROD0055,14-11-2024,18-11-2024,1,18803.89,0,145.07,18948.96,cod,Delivered,west,In-Store,No
ORD01613,CUST0139,PROD0061,"Aug 02, 2024",08-08-2024,5,18867.21,0,229.92,94565.97,UPI,  cancelled  ,East,in-store,no
ORD01588,CUST0083,PROD0035,"Mar 03, 2023",02-03-2023,1,₹13720.55,0,,13831.28,upi,shipped,  west  ,online,No
ORD01129,CUST0171,PROD0032,30-03-2023,"Apr 07, 2023",3,8752.87,20,205.1,21211.99,  credit card  ,cancelled,north,In-Store,No
ORD00667,CUST0188,PROD0078,05-09-2024,08-09-2024,2,13015.36,,209.18,26239.9,debit card,shipped,N/A,Mobile App,No
ORD01277,CUST0034,PROD0053,04-07-2023,05-07-2023,3,3950.23,20,230.71,9711.26,debit card,Delivered,  East  ,Mobile App,No
ORD01011,CUST0056,PROD0009,"Jul 14, 2024",18-07-2024,1,9274.78,,224.8,9499.58,CREDIT CARD,DELIVERED,west,In-Store,No
ORD00451,CUST0117,PROD0065,25-12-2024,03-01-2025,-1,1226.5,10,75.85,1179.7,Debit Card,shipped,  North  ,Mobile app,No
ORD00180,CUST0020,PROD0028,15-06-2024,14-06-2024,1,20039.63,5,132.92,19170.57,net banking,  cancelled  ,South,Mobile app,no
ORD01485,CUST0036,PROD0028,04-12-2024,12-12-2024,2,20039.63,20,240.35,32303.76,cod,  Shipped  ,North,Mobile App,Yes
ORD00455,CUST0118,PROD0024,30-06-2023,01-07-2023,5,20116,0,161.89,100741.89,CREDIT CARD,delivered,east,  In-Store  ,No
ORD01079,CUST0186,PROD0021,04-06-2023,11-06-2023,2,6518.87,0,17.83,13055.57,  Cash on Delivery  ,cancelled,West,online,No
ORD00636,CUST0176,PROD0039,16-09-2024,17-09-2024,1,15091.15,15,39.1,12866.58,Net Banking,processing,,online,yes
ORD00329,CUST0107,PROD0087,30-10-2024,08-11-2024,3,3803.82,,199.94,11611.4,CREDIT CARD,Shipped,East,in-store,No
ORD00735,CUST0014,PROD0083,15-12-2024,16-12-2024,5,17414.05,0,10.54,87080.79,COD,  cancelled  ,North,  in-store  ,no
ORD00579,CUST0083,PROD0060,26-12-2024,31-12-2024,-1,21989,0,,22219.31,credit card,DELIVERED,West,online,Yes
ORD01123,CUST0126,PROD0069,23-03-2023,"Mar 25, 2023",3,18001.79,0,221.88,54227.25,Cash on Delivery,processing,East,Online,No
ORD01707,CUST0194,PROD0014,23-12-2023,"Dec 31, 2023",1,17479.16,0,29.07,17508.23,,returned,  West  ,Mobile App,No
ORD01654,CUST0081,PROD0035,28-02-2024,09-03-2024,4,13720.55,0,128,55010.2,CREDIT CARD,  Cancelled  ,East,online,no
ORD01576,CUST0172,PROD0076,15-05-2024,"May 24, 2024",2,16298.66,10,,29368.71,Net Banking,shipped,south,  Mobile app  ,Yes
ORD00072,CUST0189,PROD0090,"Jan 03, 2024",10-01-2024,1,12088.33,15,236.89,10511.97,net banking,shipped,East,online,No
ORD00563,CUST0007,PROD0048,28-07-2023,30-07-2023,4,14926.77,,130.22,59837.3,upi,Returned,  north  ,Online,yes
ORD00766,CUST0083,PROD0031,02-08-2024,03-08-2024,3,15661.2,10,47.96,42333.2,Debit Card,Processing,East,Mobile app,No
ORD00393,CUST0083,PROD0023,16-01-2023,20-01-2023,3,24502.56,0,97.3,73604.98,Debit Card,cancelled,north,in-store,No
ORD00475,CUST0023,PROD0010,03-07-2023,12-07-2023,5,9930.05,10,246.54,44931.76,Cash on Delivery,Returned,North,Mobile App,no
ORD00427,CUST0169,PROD0069,31-03-2024,"Mar 31, 2024",5,18001.79,15,130.67,76638.28,Debit Card,  Delivered  ,West,In-Store,No
ORD01515,CUST0092,PROD0054,18-03-2024,"Mar 27, 2024",3,16339.85,0,,49182.7,Net Banking,processing,  north  ,Mobile App,No
ORD01462,CUST0049,PROD0011,"Apr 13, 2023",,1,13029,5,164.21,12541.76,Net Banking,shipped,East,in-store,No
ORD00201,CUST0078,PROD0100,20-10-2023,25-10-2023,1,15869.36,20,73.6,12769.09,net banking,delivered,East,in-store,
ORD00566,CUST0073,PROD0017,23-07-2023,"Jul 31, 2023",1,5329.54,5,0.8,5063.86,debit card,Processing,east,Mobile app,yes
ORD01252,CUST0091,PROD0046,16-08-2023,25-08-2023,4,6541.32,10,125.31,23674.06,Credit Card,Shipped,east,Mobile app,No
ORD01114,CUST0154,PROD0024,13-03-2024,"Mar 11, 2024",-1,20116,,126.51,20242.51,Net Banking,  Shipped  ,  North  ,Mobile App,no
ORD00309,CUST0034,PROD0056,31-07-2023,07-08-2023,2,24757.48,10,,44745.14,Debit Card,Processing,  west  ,  In-Store  ,No
ORD01262,CUST0122,PROD0085,09-01-2024,"Jan 10, 2024",1,4165.37,,153.92,4319.29,COD,In-Transit,north,  Online  ,No
ORD01381,CUST0105,PROD0022,16-07-2023,22-07-2023,1,21812.68,0,87.79,21900.47,debit card,  Delivered  ,N/A,Mobile App,No
ORD01691,CUST0042,PROD0047,22-07-2024,24-07-2024,1,1927.67,5,52,1883.29,  net banking  ,In-Transit,East,in-store,yes
ORD00801,CUST0050,PROD0045,09-03-2023,07-03-2023,1,13766.6,10,97.39,12487.33,UPI,In-Transit,east,Mobile app,No
ORD00604,CUST0061,PROD0048,06-01-2024,09-01-2024,-1,14926.77,0,152.64,15079.41,upi,delivered,south,online,no
ORD00770,CUST0014,PROD0006,13-03-2023,15-03-2023,1,6650.61,10,31.86,6017.41,  Credit Card  ,  delivered  ,south,in-store,yes
ORD01629,CUST0003,PROD0082,09-03-2023,15-03-2023,2,13459.02,0,229.6,27147.64,debit card,DELIVERED,  East  ,in-store,No
ORD00117,CUST0116,PROD0018,"May 22, 2023","May 26, 2023",-1,21702.52,10,210.77,19743.04,debit card,processing,south,  Mobile app  ,No
ORD01227,CUST0169,PROD0050,19-06-2024,22-06-2024,5,17713.67,20,223.57,71078.25,Credit Card,shipped,east,Online,No
ORD00299,CUST0035,PROD0004,22-09-2023,02-10-2023,2,10787.53,0,161.07,21736.13,UPI,Processing,north,  Online  ,no
ORD01661,CUST0169,PROD0087,"Sep 05, 2024",05-09-2024,2,3803.82,,102.3,7709.94,credit card,shipped,South,In-Store,
ORD00502,CUST0186,PROD0039,09-10-2023,12-10-2023,3,15091.15,20,19.94,36238.7,COD,  delivered  ,south,  in-store  ,No
ORD01777,CUST0110,PROD0070,01-03-2024,29-02-2024,1,2262.55,,59.8,2322.35,cod,In-Transit,  West  ,in-store,No
ORD01160,CUST0038,PROD0092,24-02-2023,"Feb 23, 2023",1,6775.54,0,66.75,6842.29,CREDIT CARD,  processing  ,  West  ,in-store,No
ORD00005,CUST0196,PROD0032,27-11-2024,,1,8752.87,,132.04,8884.91,net banking,Shipped,,  in-store  ,No
ORD01187,CUST0150,PROD0055,06-05-2023,09-05-2023,5,18803.89,5,137.95,89456.43,Net Banking,Cancelled,South,In-Store,No
ORD00508,CUST0176,PROD0040,14-08-2024,22-08-2024,1,₹18476.06,0,115.24,18591.3,Net Banking,processing,N/A,online,No
ORD00047,CUST0069,PROD0042,18-10-2023,21-10-2023,-1,₹17560.96,0,141.54,17702.5,Credit Card,delivered,East,online,No
ORD00850,CUST0080,PROD0100,15-09-2023,14-09-2023,5,15869.36,0,205.51,79552.31,debit card,Delivered,East,online,yes
ORD01270,CUST0139,PROD0036,"Jan 19, 2023",,2,1072.18,0,44.55,2188.91,cod,  In-Transit  ,North,In-Store,
ORD01826,CUST0200,PROD0085,"Oct 30, 2024",02-11-2024,2,4165.37,0,117.48,8448.22,COD,DELIVERED,west,In-Store,No
ORD00432,CUST0193,PROD0050,05-07-2023,"Jul 08, 2023",-1,17713.67,20,119.22,14290.16,Cash on Delivery,In-Transit,north,  Online  ,yes
ORD01023,CUST0137,PROD0031,19-08-2023,20-08-2023,2,15661.2,5,237.34,29993.62,COD,returned,  west  ,  online  ,No
ORD00331,CUST0159,PROD0030,04-05-2023,10-05-2023,2,509.37,,64.46,1083.2,cod,returned,,Mobile app,No
ORD01600,CUST0084,PROD0084,24-08-2024,03-09-2024,5,12225.64,5,210.69,58282.48,upi,In-Transit,west,Mobile App,no
ORD01402,CUST0142,PROD0012,18-12-2024,"Dec 26, 2024",3,1389.5,,136.86,4305.36,credit card,cancelled,west,Mobile app,no
ORD00594,CUST0161,PROD0003,23-06-2023,03-07-2023,1,5104.15,5,159.49,5008.43,Debit Card,  In-Transit  ,  East  ,Mobile App,No
ORD00562,CUST0067,PROD0078,"Apr 19, 2023",20-04-2023,2,₹13015.36,0,23.99,26054.71,net banking,returned,West,Online,No
ORD01589,CUST0147,PROD0002,"Mar 07, 2024",15-03-2024,5,10538.65,20,27.1,42181.7,  Net Banking  ,cancelled,west,Mobile app,no
ORD00195,CUST0080,PROD0078,04-12-2023,09-12-2023,-1,13015.36,0,51.69,13067.05,net banking,  DELIVERED  ,east,  In-Store  ,
ORD01327,CUST0125,PROD0057,30-08-2023,08-09-2023,1,12771.68,0,,12981.65,  UPI  ,Returned,North,Mobile App,No
ORD01216,CUST0127,PROD0006,17-03-2024,"Mar 22, 2024",4,6650.61,5,240.41,25512.73,UPI,  Processing  ,North,In-Store,No
ORD01492,CUST0142,PROD0080,01-07-2024,09-07-2024,1,2998.2,0,108.17,3106.37,  Debit Card  ,delivered,East,  in-store  ,No
ORD00352,CUST0022,PROD0082,27-05-2024,"May 28, 2024",1,13459.02,15,135.11,11575.28,  Credit Card  ,Delivered,west,in-store,No
ORD01012,CUST0046,PROD0071,07-08-2023,14-08-2023,2,1509.25,0,156.32,3174.82,debit card,processing,West,Mobile app,No
ORD00464,CUST0035,PROD0015,03-03-2023,"Mar 06, 2023",3,6720.45,0,73.67,20235.02,Debit Card,Delivered,East,Online,No
ORD01782,CUST0015,PROD0092,22-05-2024,27-05-2024,3,6775.54,0,89.53,20416.15,upi,Delivered,West,Mobile app,No
ORD00466,CUST0004,PROD0073,"Mar 02, 2024",02-03-2024,1,10432.09,,185.89,10617.98,COD,  In-Transit  ,North,Mobile App,No
ORD01043,CUST0169,PROD0047,31-01-2024,30-01-2024,3,1927.67,10,197.69,5402.4,COD,delivered,  south  ,Online,No
ORD00342,CUST0113,PROD0089,16-05-2024,25-05-2024,4,21184.51,0,36.09,84774.13,credit card,In-Transit,West,online,No
ORD01797,CUST0144,PROD0035,13-07-2023,22-07-2023,5,13720.55,,8.48,68611.23,  UPI  ,In-Transit,South,Mobile App,
ORD00397,CUST0134,PROD0054,25-10-2024,27-10-2024,1,16339.85,5,211.73,15734.59,Debit Card,processing,West,in-store,
ORD00110,CUST0058,PROD0086,13-12-2023,19-12-2023,-1,1008.99,0,108.21,1117.2,Cash on Delivery,Delivered,North,  Mobile app  ,
ORD01341,CUST0071,PROD0038,28-01-2023,,1,7505.7,5,61.33,7191.74,debit card,DELIVERED,east,Online,No
ORD01578,CUST0148,PROD0005,15-05-2024,21-05-2024,4,2915.38,0,236.04,11897.56,  UPI  ,Processing,West,Mobile app,
ORD01730,CUST0141,PROD0060,"Dec 12, 2024",14-12-2024,5,₹21989.0,,136.86,110081.86,upi,Cancelled,west,online,No
ORD01337,CUST0116,PROD0037,27-01-2023,05-02-2023,1,8588.37,0,134,8722.37,,DELIVERED,east,Mobile app,No
ORD00541,CUST0081,PROD0045,08-09-2024,16-09-2024,2,13766.6,10,32.43,24812.31,Debit Card,Returned,south,In-Store,No
ORD00472,CUST0075,PROD0021,05-06-2023,13-06-2023,5,6518.87,0,221.3,32815.65,cod,DELIVERED,N/A,in-store,
ORD01242,CUST0176,PROD0086,"Aug 29, 2023",28-08-2023,2,1008.99,15,75.62,1790.9,upi,  Returned  ,North,online,Yes
ORD00096,CUST0077,PROD0022,04-11-2024,"Nov 10, 2024",1,21812.68,10,24.4,19655.81,UPI,processing,South,In-Store,No
ORD01639,CUST0066,PROD0098,12-03-2023,19-03-2023,5,16965.86,0,83.3,84912.6,upi,cancelled,  West  ,In-Store,No
ORD01510,CUST0099,PROD0080,17-05-2023,23-05-2023,3,2998.2,15,5.21,7650.62,net banking,processing,N/A,  in-store  ,
ORD00020,CUST0004,PROD0003,26-06-2024,05-07-2024,2,5104.15,10,4.29,9191.76,Debit Card,  Processing  ,N/A,Mobile App,yes
ORD00664,CUST0101,PROD0021,23-10-2024,,4,6518.87,5,62.14,24833.85,  credit card  ,In-Transit,,Mobile app,No
ORD01831,CUST0127,PROD0028,06-12-2024,07-12-2024,-1,20039.63,,192.03,20231.66,,Cancelled,  east  ,online,No
ORD01307,CUST0071,PROD0001,08-01-2023,06-01-2023,4,21533.94,,84.39,86220.15,upi,Cancelled,north,Mobile App,No
ORD01125,CUST0192,PROD0002,15-11-2024,18-11-2024,2,10538.65,0,168.33,21245.63,Credit Card,Shipped,N/A,In-Store,no
ORD01258,CUST0003,PROD0004,05-01-2023,04-01-2023,2,10787.53,10,12.42,19429.97,debit card,In-Transit,West,Online,
ORD00341,CUST0021,PROD0012,05-03-2023,"Mar 09, 2023",1,1389.5,,53.7,1443.2,debit card,Processing,west,Mobile app,No
ORD01602,CUST0006,PROD0044,"Oct 24, 2023",24-10-2023,5,15370.27,0,113.75,76965.1,Net Banking,  cancelled  ,South,Online,No
ORD00948,CUST0008,PROD0073,02-03-2024,06-03-2024,1,10432.09,,188.9,10620.99,net banking,Processing,N/A,Mobile app,No
ORD01590,CUST0048,PROD0013,"May 25, 2024",25-05-2024,1,7082.45,10,136.4,6510.6,Cash on Delivery,Shipped,North,In-Store,No
ORD00223,CUST0146,PROD0044,11-07-2024,"Jul 20, 2024",2,15370.27,0,165.65,30906.19,UPI,returned,South,  online  ,No
ORD01078,CUST0128,PROD0061,"Nov 23, 2023",03-12-2023,1,18867.21,0,228.01,19095.22,CREDIT CARD,Processing,East,Online,
ORD00670,CUST0089,PROD0083,26-03-2024,31-03-2024,-1,17414.05,0,235.05,17649.1,UPI,delivered,north,online,no
ORD01039,CUST0054,PROD0028,"Dec 08, 2024",,1,20039.63,0,229.91,20269.54,CREDIT CARD,Cancelled,N/A,Mobile app,
ORD00685,CUST0163,PROD0080,25-05-2024,25-05-2024,-1,2998.2,5,243.94,3092.23,cod,DELIVERED,N/A,In-Store,no
ORD00112,CUST0023,PROD0064,02-04-2024,05-04-2024,1,₹13808.45,,186.31,13994.76,Cash on Delivery,Processing,north,in-store,no
ORD01530,CUST0056,PROD0096,03-04-2024,13-04-2024,2,1277.29,20,106.6,2150.26,  COD  ,cancelled,N/A,online,yes
ORD00413,CUST0044,PROD0058,29-04-2023,04-05-2023,-1,9834.07,5,60.84,9403.21,,Cancelled,east,  Mobile App  ,No
ORD00359,CUST0045,PROD0009,"Aug 25, 2024","Aug 25, 2024",1,9274.78,0,64.91,9339.69,Credit Card,In-Transit,N/A,in-store,No
ORD00288,CUST0195,PROD0010,07-11-2024,17-11-2024,-1,9930.05,,198.18,10128.23,  net banking  ,returned,North,Online,Yes
ORD01305,CUST0114,PROD0020,26-07-2023,30-07-2023,1,9020.42,0,209.85,9230.27,credit card,cancelled,  south  ,Mobile App,no
ORD00888,CUST0098,PROD0100,"Mar 21, 2023","Mar 28, 2023",1,15869.36,,123.72,15993.08,net banking,Returned,East,In-Store,No
ORD00489,CUST0165,PROD0051,22-02-2023,04-03-2023,4,4843.02,0,234.85,19606.93,Debit Card,delivered,East,in-store,No
ORD00420,CUST0083,PROD0097,17-08-2024,27-08-2024,1,18995.32,10,114.38,17210.17,Debit Card,In-Transit,  West  ,Mobile app,yes
ORD00416,CUST0148,PROD0095,02-01-2023,04-01-2023,1,14966.39,5,211.78,14429.85,COD,  Processing  ,,In-Store,No
ORD01383,CUST0089,PROD0086,31-01-2023,10-02-2023,3,1008.99,5,79.67,2955.29,Credit Card,cancelled,north,Online,yes
ORD01846,CUST0154,PROD0056,"Jul 22, 2024",30-07-2024,-1,24757.48,0,211.45,24968.93,debit card,Cancelled,North,Mobile App,No
ORD00747,CUST0065,PROD0018,07-12-2023,10-12-2023,5,21702.52,,188.43,108701.03,Cash on Delivery,Cancelled,N/A,Mobile app,No
ORD01821,CUST0186,PROD0017,22-06-2024,"Jun 28, 2024",2,5329.54,0,55.24,10714.32,Debit Card,processing,West,Online,Yes
ORD00018,CUST0091,PROD0022,"May 24, 2023",02-06-2023,-1,21812.68,,46.01,21858.69,  COD  ,Delivered,North,  online  ,No
ORD01500,CUST0093,PROD0075,05-07-2024,"Jul 10, 2024",1,5250.56,10,228.67,4954.17,Net Banking,  processing  ,  West  ,Mobile App,Yes
ORD01641,CUST0200,PROD0001,14-04-2024,,1,21533.94,15,10.38,18314.23,UPI,processing,east,in-store,No
ORD00210,CUST0075,PROD0025,02-01-2023,01-01-2023,1,15641.95,,156.37,15798.32,  UPI  ,Cancelled,N/A,  Mobile app  ,No
ORD00899,CUST0194,PROD0058,05-07-2024,10-07-2024,2,9834.07,10,215.65,17916.98,debit card,returned,south,Mobile app,yes
ORD00515,CUST0124,PROD0015,04-10-2023,12-10-2023,-1,6720.45,0,,6757.43,cod,cancelled,south,In-Store,No
ORD00526,CUST0104,PROD0062,08-07-2023,"Jul 09, 2023",-1,9273.98,10,205.42,8552,,DELIVERED,  West  ,In-Store,
ORD01610,CUST0087,PROD0037,"Jun 28, 2024","Jul 03, 2024",3,8588.37,5,26.66,24503.51,debit card,DELIVERED,N/A,Online,No
ORD00055,CUST0197,PROD0054,"Mar 09, 2024",18-03-2024,4,16339.85,0,160.13,65519.53,  CREDIT CARD  ,returned,south,online,Yes
ORD00264,CUST0134,PROD0083,"Dec 10, 2023",14-12-2023,3,17414.05,15,121.54,44527.37,debit card,DELIVERED,north,In-Store,No
ORD00102,CUST0049,PROD0022,18-02-2024,16-02-2024,2,21812.68,5,181.79,41625.88,COD,Delivered,east,  Mobile app  ,No
ORD00276,CUST0025,PROD0077,21-06-2023,27-06-2023,3,10379.71,15,206.71,26674.97,Credit Card,DELIVERED,N/A,Mobile App,No
ORD00859,CUST0062,PROD0058,09-10-2023,12-10-2023,3,9834.07,20,19.19,23620.96,  Credit Card  ,Cancelled,  North  ,Mobile App,No
ORD00952,CUST0030,PROD0010,"Apr 30, 2024","Apr 29, 2024",4,9930.05,0,56.77,39776.97,upi,  In-Transit  ,  East  ,Online,yes
ORD00250,CUST0047,PROD0092,26-05-2024,02-06-2024,1,6775.54,10,86.96,6184.95,UPI,  returned  ,N/A,In-Store,No
ORD00968,CUST0038,PROD0069,12-04-2024,"Apr 18, 2024",-1,18001.79,10,218.53,16420.14,CREDIT CARD,In-Transit,,  Online  ,No
ORD01418,CUST0135,PROD0094,05-06-2024,,1,5579.66,10,63.82,5085.51,upi,returned,south,Online,yes
ORD00387,CUST0179,PROD0093,11-08-2023,"Aug 16, 2023",4,6077.42,0,248.83,24558.51,debit card,Shipped,N/A,  Online  ,No
ORD00557,CUST0043,PROD0016,04-03-2024,06-03-2024,-1,₹9295.74,,185.71,9481.45,net banking,returned,east,online,No
ORD01396,CUST0046,PROD0052,27-01-2024,03-02-2024,2,3087.94,,214.61,6390.49,credit card,Shipped,,In-Store,yes
ORD01050,CUST0183,PROD0007,02-01-2023,02-01-2023,4,2136.66,,98.91,8645.55,Net Banking,shipped,  South  ,online,no
ORD01753,CUST0008,PROD0041,26-08-2023,25-08-2023,4,1025.38,0,32.83,4134.35,COD,DELIVERED,west,  Online  ,No
ORD01344,CUST0088,PROD0009,02-08-2023,12-08-2023,2,9274.78,10,231.34,16925.94,Debit Card,Processing,North,Mobile App,No
ORD00061,CUST0117,PROD0002,13-01-2024,"Jan 14, 2024",2,10538.65,10,184.89,19154.46,cod,  returned  ,  West  ,In-Store,No
ORD00364,CUST0161,PROD0056,09-03-2023,"Mar 08, 2023",1,24757.48,0,73.73,24831.21,COD,Processing,North,online,No
ORD01184,CUST0167,PROD0067,22-09-2023,02-10-2023,1,12277.6,10,212.13,11261.97,net banking,delivered,West,Online,No
ORD01660,CUST0172,PROD0074,23-02-2024,21-02-2024,4,4666.71,0,6.13,18672.97,credit card,Processing,,In-Store,no
ORD00211,CUST0164,PROD0026,"Dec 07, 2024",09-12-2024,2,21234.71,0,76.94,42546.36,Cash on Delivery,Processing,North,  In-Store  ,No
ORD00282,CUST0044,PROD0097,04-07-2024,"Jul 02, 2024",1,18995.32,5,230.12,18275.67,UPI,cancelled,  east  ,  In-Store  ,no
ORD01415,CUST0109,PROD0058,"Nov 22, 2024","Nov 29, 2024",4,9834.07,0,236.75,39573.03,credit card,In-Transit,West,online,No
ORD00638,CUST0166,PROD0018,12-04-2024,22-04-2024,2,21702.52,0,204.63,43609.67,upi,  Cancelled  ,N/A,in-store,No
ORD00518,CUST0017,PROD0038,"Jan 16, 2023",21-01-2023,1,7505.7,5,70.75,7201.16,Credit Card,  Delivered  ,north,In-Store,No
ORD01294,CUST0114,PROD0042,22-03-2024,29-03-2024,1,17560.96,5,137.78,16820.69,Debit Card,Shipped,East,In-Store,no
ORD01228,CUST0088,PROD0013,07-06-2024,"Jun 13, 2024",5,7082.45,0,249.5,35661.75,CREDIT CARD,shipped,N/A,In-Store,No
ORD01009,CUST0135,PROD0016,"Jun 18, 2024",25-06-2024,5,9295.74,0,171.6,46650.3,UPI,Cancelled,N/A,in-store,No
ORD01325,CUST0034,PROD0029,"May 07, 2024",17-05-2024,1,13437.78,0,96.91,13534.69,  upi  ,processing,north,in-store,Yes
ORD01670,CUST0181,PROD0098,09-03-2024,07-03-2024,1,16965.86,10,154.02,15423.29,UPI,Cancelled,,online,No
ORD00325,CUST0112,PROD0081,05-07-2024,06-07-2024,1,3839.05,10,192.43,3647.58,Net Banking,Returned,west,Online,
ORD00505,CUST0134,PROD0068,04-09-2023,11-09-2023,5,3558.79,,244.09,18038.04,credit card,Cancelled,  N/A  ,In-Store,No
ORD01688,CUST0183,PROD0094,30-09-2023,04-10-2023,2,5579.66,,,11201.39,UPI,returned,north,Online,Yes
ORD00029,CUST0028,PROD0018,08-11-2023,06-11-2023,4,21702.52,15,210.4,73998.97,COD,Processing,East,Mobile App,No
ORD01624,CUST0119,PROD0062,25-06-2023,05-07-2023,2,9273.98,10,47.82,16740.98,Net Banking,DELIVERED,,  online  ,No
ORD00588,CUST0158,PROD0072,15-07-2023,19-07-2023,3,22878.54,0,,68868.92,credit card,Cancelled,north,in-store,
ORD01193,CUST0122,PROD0054,"Dec 09, 2024","Dec 09, 2024",3,16339.85,0,54.47,49074.02,  COD  ,In-Transit,North,Mobile App,
ORD00729,CUST0144,PROD0019,"Oct 07, 2023",10-10-2023,5,7411.92,15,151.19,31651.85,cod,Delivered,West,  in-store  ,yes
ORD01778,CUST0058,PROD0006,"Apr 05, 2023",07-04-2023,2,6650.61,0,40.69,13341.91,  Cash on Delivery  ,  cancelled  ,east,Mobile App,No
ORD00225,CUST0158,PROD0074,02-04-2024,03-04-2024,2,4666.71,15,74.93,8008.34,Cash on Delivery,Delivered,,in-store,No
ORD00906,CUST0117,PROD0023,05-07-2023,08-07-2023,5,24502.56,,80.21,122593.01,Credit Card,  Cancelled  ,  East  ,  in-store  ,No
ORD01174,CUST0022,PROD0093,10-07-2023,"Jul 11, 2023",1,6077.42,0,177.06,6254.48,CREDIT CARD,delivered,N/A,online,No
ORD00821,CUST0157,PROD0086,02-02-2024,03-02-2024,-1,1008.99,10,86.07,994.16,credit card,In-Transit,east,Mobile App,no
ORD00857,CUST0153,PROD0016,01-03-2024,28-02-2024,2,9295.74,20,91.98,14965.16,  net banking  ,  processing  ,,Mobile App,No
ORD01733,CUST0020,PROD0089,"Oct 18, 2024",22-10-2024,4,21184.51,10,249.86,76514.1,credit card,DELIVERED,  north  ,In-Store,yes
ORD01472,CUST0124,PROD0016,25-11-2024,03-12-2024,1,9295.74,15,3.95,7905.33,upi,Cancelled,South,online,No
ORD01748,CUST0021,PROD0034,"Mar 16, 2024",,5,11290.33,0,124.76,56576.41,CREDIT CARD,cancelled,west,online,
ORD01842,CUST0035,PROD0006,30-07-2024,09-08-2024,2,6650.61,0,166.43,13467.65,net banking,Cancelled,east,In-Store,yes
ORD01800,CUST0081,PROD0087,01-05-2023,"May 05, 2023",2,3803.82,5,205.83,7433.09,COD,Delivered,North,  Online  ,No
ORD00097,CUST0191,PROD0040,06-03-2024,16-03-2024,3,18476.06,15,65.14,47179.09,Cash on Delivery,delivered,west,In-Store,no
ORD00861,CUST0156,PROD0012,28-01-2023,01-02-2023,1,1389.5,,18.17,1407.67,Credit Card,cancelled,N/A,in-store,No
ORD00152,CUST0019,PROD0065,"Oct 29, 2023",01-11-2023,1,1226.5,10,219.03,1322.88,UPI,Returned,west,in-store,no
ORD00216,CUST0053,PROD0093,07-02-2023,"Feb 12, 2023",4,6077.42,0,1.03,24310.71,credit card,returned,  north  ,Online,yes
ORD00099,CUST0046,PROD0041,11-10-2024,09-10-2024,1,1025.38,,68.38,1093.76,Cash on Delivery,cancelled,east,online,No
ORD00493,CUST0006,PROD0053,17-03-2023,22-03-2023,1,3950.23,5,171.83,3924.55,,DELIVERED,,Mobile app,Yes
ORD01085,CUST0112,PROD0019,03-07-2023,,2,7411.92,0,4.28,14828.12,credit card,  shipped  ,west,in-store,
ORD01380,CUST0114,PROD0100,"Apr 16, 2023",,1,15869.36,20,102.29,12797.78,  Net Banking  ,  DELIVERED  ,N/A,In-Store,No
ORD01287,CUST0055,PROD0013,27-11-2024,07-12-2024,3,7082.45,,145.88,21393.23,net banking,processing,,in-store,No
ORD01471,CUST0161,PROD0034,18-07-2023,"Jul 17, 2023",-1,11290.33,5,161.72,10887.53,  Credit Card  ,processing,East,Mobile app,no
ORD00013,CUST0062,PROD0029,"Nov 04, 2023",13-11-2023,1,13437.78,,228.69,13666.47,Debit Card,Cancelled,South,online,Yes
ORD00689,CUST0115,PROD0098,22-07-2023,24-07-2023,4,16965.86,20,108.78,54399.53,debit card,Returned,north,Mobile app,
ORD01720,CUST0108,PROD0042,31-01-2023,"Feb 05, 2023",4,17560.96,0,226.53,70470.37,UPI,cancelled,north,Mobile App,No
ORD00168,CUST0021,PROD0055,"Oct 02, 2024",03-10-2024,-1,18803.89,10,71.17,16994.67,credit card,processing,west,in-store,No
ORD00759,CUST0048,PROD0086,21-07-2023,,-1,1008.99,15,139.34,996.98,net banking,Delivered,  West  ,  In-Store  ,No
ORD00320,CUST0048,PROD0056,07-10-2024,11-10-2024,1,24757.48,0,128.34,24885.82,credit card,shipped,west,  online  ,No
ORD00189,CUST0090,PROD0079,28-03-2024,04-04-2024,1,14974.24,,11.22,14985.46,cod,Delivered,West,in-store,yes
ORD01804,CUST0135,PROD0060,08-02-2023,"Feb 16, 2023",-1,21989,10,18.25,19808.35,debit card,cancelled,north,Mobile App,No
ORD00044,CUST0016,PROD0073,26-12-2023,01-01-2024,2,10432.09,0,80.91,20945.09,credit card,DELIVERED,east,Online,No
ORD01091,CUST0064,PROD0056,19-07-2024,"Jul 21, 2024",1,24757.48,0,243.29,25000.77,Cash on Delivery,DELIVERED,South,Mobile app,
ORD00010,CUST0186,PROD0098,26-04-2023,24-04-2023,4,16965.86,0,60.17,67923.61,Debit Card,  In-Transit  ,North,online,No
ORD01339,CUST0081,PROD0096,08-02-2024,09-02-2024,2,1277.29,0,202.83,2757.41,  Cash on Delivery  ,  Processing  ,N/A,Online,No
ORD00148,CUST0087,PROD0071,20-09-2024,29-09-2024,1,1509.25,0,97.28,1606.53,debit card,Shipped,south,Online,no
ORD01774,CUST0180,PROD0023,19-08-2024,20-08-2024,4,24502.56,5,72.39,93182.12,Credit Card,Cancelled,East,Mobile App,No
ORD00014,CUST0138,PROD0093,"Jul 15, 2023",,2,6077.42,20,168.42,9892.29,COD,returned,West,online,No
ORD00390,CUST0196,PROD0002,24-11-2024,"Nov 26, 2024",1,10538.65,,89.52,10628.17,net banking,processing,South,online,no
ORD00947,CUST0103,PROD0043,18-12-2024,16-12-2024,1,11229.01,15,226.61,9771.27,  UPI  ,processing,North,In-Store,yes
ORD00597,CUST0129,PROD0071,03-10-2023,02-10-2023,-1,1509.25,5,64.55,1498.34,Net Banking,Processing,  south  ,Mobile App,
ORD01525,CUST0122,PROD0050,21-04-2024,25-04-2024,-1,17713.67,,70.35,17784.02,  credit card  ,  shipped  ,,online,No
ORD01488,CUST0139,PROD0029,13-05-2024,"May 21, 2024",2,13437.78,20,182.23,21682.68,cod,  Processing  ,South,Mobile app,no
ORD00830,CUST0179,PROD0035,23-08-2024,24-08-2024,4,13720.55,15,24.02,46673.89,Debit Card,returned,south,online,No
ORD00957,CUST0042,PROD0024,02-05-2023,02-05-2023,1,20116,10,45.26,18149.66,UPI,Processing,South,online,No
ORD01697,CUST0053,PROD0074,28-04-2023,02-05-2023,1,4666.71,0,216.12,4882.83,upi,Processing,east,in-store,No
ORD01777,CUST0110,PROD0070,01-03-2024,29-02-2024,1,2262.55,,59.8,2322.35,cod,In-Transit,  West  ,in-store,No
ORD00675,CUST0189,PROD0038,20-09-2024,27-09-2024,1,7505.7,15,249.86,6629.7,Net Banking,  Shipped  ,West,In-Store,no
ORD00702,CUST0011,PROD0059,25-02-2024,05-03-2024,-1,2138.13,5,246.87,2278.09,Net Banking,In-Transit,west,  online  ,no
ORD01274,CUST0175,PROD0019,04-02-2024,"Feb 08, 2024",1,₹7411.92,0,83.82,7495.74,CREDIT CARD,  processing  ,South,  Online  ,no
ORD01480,CUST0063,PROD0095,"Jan 25, 2024",01-02-2024,1,14966.39,,187.27,15153.66,UPI,DELIVERED,South,  Mobile App  ,Yes
ORD01304,CUST0165,PROD0048,15-02-2024,17-02-2024,5,14926.77,10,97.85,67268.32,Debit Card,processing,N/A,In-Store,
ORD00456,CUST0166,PROD0052,13-04-2023,22-04-2023,-1,3087.94,0,181.69,3269.63,,processing,North,In-Store,No
ORD00928,CUST0116,PROD0014,10-09-2023,08-09-2023,5,17479.16,5,83.03,83109.04,  debit card  ,Shipped,east,In-Store,No
ORD00684,CUST0025,PROD0068,21-09-2023,"Sep 19, 2023",1,₹3558.79,0,170.68,3729.47,Cash on Delivery,Processing,south,Online,No
ORD01158,CUST0082,PROD0012,09-11-2024,"Nov 16, 2024",-1,1389.5,15,173.58,1354.65,Debit Card,  processing  ,north,Mobile app,No
ORD00507,CUST0182,PROD0059,02-11-2024,02-11-2024,-1,2138.13,0,228.53,2366.66,upi,Shipped,  South  ,Mobile App,No
ORD00026,CUST0069,PROD0020,25-01-2024,03-02-2024,1,9020.42,20,79.17,7295.51,credit card,DELIVERED,east,online,
ORD01204,CUST0117,PROD0022,"Jul 20, 2024","Jul 28, 2024",2,21812.68,15,244.31,37325.87,,In-Transit,North,in-store,no
ORD01454,CUST0165,PROD0098,11-10-2023,13-10-2023,4,16965.86,15,225.32,57909.24,COD,shipped,north,Mobile App,No
ORD01153,CUST0058,PROD0074,24-06-2024,28-06-2024,3,4666.71,10,107.92,12708.04,  cod  ,Returned,East,Online,No
ORD00831,CUST0144,PROD0003,07-12-2024,06-12-2024,1,5104.15,0,57.83,5161.98,net banking,Returned,East,In-Store,No
ORD00116,CUST0178,PROD0075,"Jun 27, 2023",06-07-2023,1,5250.56,0,96.85,5347.41,cod,Shipped,  north  ,online,yes
ORD00025,CUST0199,PROD0042,31-01-2023,08-02-2023,2,17560.96,,122.65,35244.57,  credit card  ,  Processing  ,north,  In-Store  ,Yes
ORD00371,CUST0046,PROD0026,23-01-2023,23-01-2023,2,21234.71,0,5.25,42474.67,UPI,  Cancelled  ,  East  ,in-store,
ORD01795,CUST0151,PROD0061,01-10-2023,09-10-2023,1,18867.21,0,162.91,19030.12,COD,Delivered,,Mobile App,no
ORD00097,CUST0191,PROD0040,06-03-2024,16-03-2024,3,18476.06,15,65.14,47179.09,Cash on Delivery,delivered,west,In-Store,no
ORD01436,CUST0094,PROD0019,14-06-2024,"Jun 14, 2024",2,7411.92,20,134.68,11993.75,  CREDIT CARD  ,shipped,North,Online,No
ORD00954,CUST0097,PROD0049,29-11-2024,,-1,17373.31,20,107.84,14006.49,,shipped,south,online,no
ORD01444,CUST0123,PROD0089,11-04-2023,"Apr 17, 2023",5,21184.51,,99.53,106022.08,upi,returned,N/A,  Mobile app  ,Yes
ORD00100,CUST0123,PROD0050,05-01-2023,"Jan 03, 2023",-1,17713.67,5,182.66,17010.65,Debit Card,  Shipped  ,south,Mobile App,No
ORD01657,CUST0033,PROD0063,"Jun 23, 2024",,2,6598.24,10,121.48,11998.31,  UPI  ,  DELIVERED  ,west,online,
ORD01491,CUST0168,PROD0033,13-08-2024,18-08-2024,2,14138.95,,156.07,28433.97,upi,Cancelled,east,Mobile App,Yes
ORD01047,CUST0126,PROD0062,25-08-2023,24-08-2023,1,9273.98,0,109.46,9383.44,net banking,returned,,online,no
ORD00358,CUST0181,PROD0091,12-09-2024,13-09-2024,1,18810.69,5,246.07,18116.23,COD,In-Transit,,Mobile app,
ORD00944,CUST0099,PROD0019,"Jun 13, 2023","Jun 16, 2023",2,7411.92,20,68.8,11927.87,debit card,returned,east,in-store,No
ORD00572,CUST0106,PROD0028,20-07-2024,"Jul 29, 2024",2,20039.63,0,9.02,40088.28,CREDIT CARD,shipped,north,Online,No
ORD01819,CUST0108,PROD0074,05-11-2024,09-11-2024,-1,4666.71,0,223.41,4890.12,credit card,Cancelled,west,Mobile app,No
ORD01138,CUST0033,PROD0051,17-05-2023,,2,4843.02,0,242.47,9928.51,credit card,Processing,North,  Mobile app  ,no
ORD00780,CUST0186,PROD0023,06-06-2023,12-06-2023,1,24502.56,5,,23474.16,Credit Card,cancelled,  East  ,In-Store,No
ORD01209,CUST0138,PROD0004,22-12-2023,29-12-2023,-1,10787.53,5,30.61,10278.76,UPI,Processing,east,Mobile App,
ORD01762,CUST0057,PROD0096,13-10-2024,21-10-2024,1,1277.29,0,137.69,1414.98,cod,  DELIVERED  ,  south  ,Mobile App,No
ORD01699,CUST0140,PROD0037,25-10-2023,04-11-2023,3,8588.37,0,24.96,25790.07,CREDIT CARD,returned,North,  in-store  ,No
ORD00271,CUST0190,PROD0054,29-03-2024,"Mar 31, 2024",1,16339.85,20,182.15,13254.03,net banking,Cancelled,South,in-store,Yes
ORD00119,CUST0028,PROD0004,26-01-2024,26-01-2024,1,10787.53,0,49.98,10837.51,Debit Card,  returned  ,North,  Mobile App  ,Yes
ORD00118,CUST0182,PROD0084,02-07-2023,"Jul 08, 2023",-1,12225.64,15,177.59,10569.38,cod,returned,north,online,
ORD00457,CUST0022,PROD0035,27-05-2023,04-06-2023,1,13720.55,0,239.4,13959.95,  Cash on Delivery  ,Returned,  East  ,  Mobile App  ,No
ORD01615,CUST0135,PROD0063,16-11-2023,19-11-2023,1,6598.24,0,234.75,6832.99,UPI,shipped,  South  ,online,No
ORD01464,CUST0194,PROD0056,11-02-2023,21-02-2023,1,24757.48,5,81.04,23600.65,  Debit Card  ,  In-Transit  ,west,Mobile app,No
ORD00978,CUST0136,PROD0030,06-07-2024,10-07-2024,-1,509.37,0,118.12,627.49,CREDIT CARD,Cancelled,west,Online,no
ORD00741,CUST0098,PROD0094,04-08-2024,04-08-2024,1,5579.66,0,92.01,5671.67,,Delivered,South,Mobile App,No
ORD01084,CUST0081,PROD0067,02-12-2023,12-12-2023,4,12277.6,20,70.44,39358.76,  COD  ,DELIVERED,South,in-store,No
ORD00165,CUST0122,PROD0060,"Jul 07, 2024","Jul 09, 2024",-1,21989,,33.78,22022.78,upi,returned,N/A,Mobile App,no
ORD01257,CUST0032,PROD0032,18-09-2023,24-09-2023,1,8752.87,0,130.81,8883.68,Debit Card,Processing,  South  ,In-Store,no
ORD01484,CUST0190,PROD0052,26-01-2024,05-02-2024,5,3087.94,5,234.99,14902.7,net banking,Returned,north,Online,No
ORD01791,CUST0027,PROD0015,"Oct 03, 2023",05-10-2023,1,6720.45,15,109.85,5822.23,  credit card  ,cancelled,N/A,online,No
ORD01584,CUST0043,PROD0010,28-09-2023,06-10-2023,1,9930.05,15,216.68,8657.22,CREDIT CARD,Cancelled,,Mobile App,No
ORD01593,CUST0147,PROD0013,12-07-2023,16-07-2023,-1,7082.45,0,144.89,7227.34,  Debit Card  ,delivered,,In-Store,no
ORD00143,CUST0176,PROD0054,"Jun 03, 2023","Jun 10, 2023",1,16339.85,0,118.97,16458.82,CREDIT CARD,Processing,N/A,Online,no
ORD00114,CUST0141,PROD0067,18-01-2024,27-01-2024,1,12277.6,0,224.22,12501.82,upi,Shipped,west,In-Store,Yes
ORD01188,CUST0096,PROD0098,30-07-2024,04-08-2024,-1,16965.86,0,85.34,17051.2,Debit Card,In-Transit,east,Online,No
ORD00379,CUST0102,PROD0030,"Aug 21, 2023",30-08-2023,2,509.37,,58.43,1077.17,UPI,Shipped,east,Mobile app,No
ORD00064,CUST0170,PROD0017,31-08-2023,02-09-2023,2,5329.54,15,231.51,9291.73,  Debit Card  ,DELIVERED,,Online,No
ORD01377,CUST0071,PROD0067,"Jun 22, 2024","Jun 25, 2024",4,12277.6,20,151.13,39439.45,  Cash on Delivery  ,processing,south,online,No
ORD01512,CUST0032,PROD0071,"Jun 19, 2024",20-06-2024,1,1509.25,0,190.51,1699.76,debit card,shipped,,  Mobile app  ,No
ORD00187,CUST0034,PROD0044,26-03-2023,31-03-2023,1,15370.27,20,65.64,12361.86,upi,processing,,In-Store,
ORD01086,CUST0198,PROD0090,25-04-2023,"Apr 24, 2023",5,12088.33,,38.36,60480.01,credit card,processing,East,in-store,Yes
ORD01095,CUST0137,PROD0050,24-06-2023,"Jul 01, 2023",3,17713.67,0,34.59,53175.6,UPI,Cancelled,West,in-store,No
ORD01019,CUST0074,PROD0100,18-09-2023,20-09-2023,1,15869.36,,241.33,16110.69,upi,Cancelled,North,Mobile App,no
ORD00295,CUST0018,PROD0073,27-06-2024,02-07-2024,4,10432.09,5,86.83,39728.77,UPI,Shipped,east,online,No
ORD01233,CUST0187,PROD0049,26-03-2023,01-04-2023,5,17373.31,15,219.62,74056.19,upi,returned,South,Mobile App,Yes
ORD01739,CUST0153,PROD0096,07-04-2024,16-04-2024,2,1277.29,10,207.85,2506.97,debit card,processing,East,Online,No
ORD00287,CUST0032,PROD0033,16-05-2024,21-05-2024,2,14138.95,0,7.43,28285.33,COD,Cancelled,East,Mobile App,Yes
ORD00130,CUST0003,PROD0071,"Jul 22, 2024","Jul 22, 2024",1,1509.25,0,1.26,1510.51,cod,Cancelled,  West  ,online,
ORD01627,CUST0098,PROD0089,11-12-2024,11-12-2024,1,21184.51,15,65.42,18072.25,credit card,In-Transit,north,Mobile app,Yes
ORD00301,CUST0032,PROD0099,17-11-2023,20-11-2023,4,17888.32,5,233.88,68209.5,Cash on Delivery,  Delivered  ,west,in-store,No
ORD01613,CUST0139,PROD0061,"Aug 02, 2024",08-08-2024,5,18867.21,0,229.92,94565.97,UPI,  cancelled  ,East,in-store,no
ORD00316,CUST0020,PROD0032,25-05-2024,"Jun 02, 2024",1,8752.87,15,6.49,7446.43,Credit Card,delivered,west,Mobile app,no
ORD00877,CUST0103,PROD0014,23-04-2024,29-04-2024,1,17479.16,,,17481.82,upi,Shipped,N/A,Mobile app,No
ORD00673,CUST0194,PROD0049,27-07-2023,29-07-2023,5,17373.31,15,84.25,73920.82,Cash on Delivery,shipped,N/A,Mobile app,yes
ORD00360,CUST0144,PROD0059,03-01-2023,"Jan 07, 2023",1,2138.13,15,108.14,1925.55,cod,Shipped,North,Mobile App,
ORD00131,CUST0037,PROD0021,"Jul 08, 2023","Jul 09, 2023",2,6518.87,5,28.66,12414.51,credit card,shipped,South,In-Store,no
ORD00856,CUST0151,PROD0014,"Dec 09, 2023",19-12-2023,4,17479.16,0,137.44,70054.08,cod,Returned,north,Mobile app,No
ORD01330,CUST0010,PROD0075,16-10-2024,21-10-2024,5,5250.56,,134.43,26387.23,net banking,shipped,north,online,
ORD00190,CUST0004,PROD0044,11-12-2024,"Dec 21, 2024",1,15370.27,10,112.52,13945.76,net banking,Returned,,  Mobile app  ,Yes
ORD00028,CUST0098,PROD0022,23-05-2023,25-05-2023,2,21812.68,10,123.28,39386.1,debit card,Shipped,west,in-store,no
ORD00838,CUST0137,PROD0085,03-08-2024,04-08-2024,5,4165.37,20,43.03,16704.51,  Credit Card  ,Shipped,  east  ,Mobile App,No
ORD01566,CUST0006,PROD0087,24-05-2024,29-05-2024,3,3803.82,15,137.26,9837,UPI,cancelled,  west  ,  Mobile app  ,yes
ORD00900,CUST0082,PROD0092,"Sep 20, 2024",22-09-2024,1,6775.54,0,76.14,6851.68,CREDIT CARD,Delivered,North,Online,No
ORD01582,CUST0006,PROD0026,21-12-2024,31-12-2024,1,21234.71,0,228.54,21463.25,Credit Card,returned,East,Mobile App,No
ORD01764,CUST0074,PROD0052,22-10-2024,27-10-2024,2,3087.94,20,210.35,5151.05,debit card,In-Transit,east,online,No
ORD00757,CUST0114,PROD0090,"Apr 29, 2023",28-04-2023,1,12088.33,0,33,12121.33,cod,  returned  ,south,Mobile app,no
ORD00620,CUST0154,PROD0074,23-02-2024,21-02-2024,3,₹4666.71,5,41.61,13341.73,upi,returned,N/A,In-Store,No
ORD00758,CUST0122,PROD0005,13-10-2023,17-10-2023,-1,2915.38,20,16.73,2349.03,CREDIT CARD,delivered,North,In-Store,No
ORD00462,CUST0038,PROD0012,27-11-2023,27-11-2023,1,1389.5,20,88.15,1199.75,COD,Shipped,east,online,
ORD01466,CUST0109,PROD0093,20-06-2023,30-06-2023,4,6077.42,10,220.74,22099.45,  COD  ,Returned,east,  In-Store  ,No
ORD01202,CUST0190,PROD0051,"Nov 29, 2023","Dec 01, 2023",1,4843.02,0,220.24,5063.26,  Cash on Delivery  ,Shipped,  East  ,  online  ,no
ORD01562,CUST0013,PROD0073,05-10-2024,"Oct 11, 2024",2,10432.09,20,163.73,16855.07,Debit Card,shipped,N/A,Online,No
ORD01163,CUST0108,PROD0009,05-10-2024,05-10-2024,3,9274.78,15,,23791.81,CREDIT CARD,Shipped,North,  Mobile App  ,No
ORD01268,CUST0019,PROD0072,29-12-2023,04-01-2024,1,22878.54,15,86.58,19533.34,cod,Processing,east,Mobile app,No
ORD00267,CUST0007,PROD0052,26-05-2024,,1,3087.94,,231.95,3319.89,cod,shipped,west,Mobile App,
ORD00595,CUST0181,PROD0037,02-07-2023,04-07-2023,1,8588.37,15,103.5,7403.61,debit card,delivered,west,Mobile App,yes
ORD00705,CUST0041,PROD0085,29-01-2024,04-02-2024,4,4165.37,0,235.8,16897.28,COD,Processing,  East  ,Mobile app,No
ORD00326,CUST0063,PROD0026,29-10-2023,05-11-2023,4,21234.71,0,83.46,85022.3,Cash on Delivery,In-Transit,N/A,Mobile App,No
ORD01128,CUST0185,PROD0077,"Feb 15, 2024",,2,₹10379.71,5,88.31,19809.76,upi,delivered,south,Mobile app,no
ORD00864,CUST0095,PROD0058,"Dec 08, 2024",17-12-2024,1,9834.07,0,126.85,9960.92,Credit Card,In-Transit,west,Mobile App,No
ORD00631,CUST0156,PROD0035,19-07-2024,21-07-2024,1,13720.55,5,183.33,13217.85,Cash on Delivery,  Processing  ,west,  online  ,No
ORD01495,CUST0177,PROD0025,"Mar 07, 2024","Mar 06, 2024",2,₹15641.95,0,117.55,31401.45,Cash on Delivery,Delivered,  West  ,online,
ORD00076,CUST0082,PROD0079,15-08-2023,23-08-2023,1,14974.24,,35.16,15009.4,cod,processing,south,  online  ,No
ORD01434,CUST0120,PROD0044,04-09-2024,09-09-2024,-1,15370.27,5,55.16,14656.92,credit card,shipped,,online,No
ORD01607,CUST0045,PROD0024,07-11-2024,17-11-2024,1,20116,20,134.91,16227.71,  Credit Card  ,  DELIVERED  ,  West  ,in-store,No
ORD00902,CUST0053,PROD0082,10-10-2024,"Oct 14, 2024",-1,13459.02,0,170.5,13629.52,cod,Returned,  East  ,online,No
ORD00718,CUST0180,PROD0016,20-12-2024,30-12-2024,1,9295.74,5,46.76,8877.71,Cash on Delivery,cancelled,N/A,Mobile app,No
ORD00738,CUST0074,PROD0058,30-01-2023,,-1,9834.07,20,51.15,7918.41,Debit Card,Processing,north,Mobile app,
ORD01269,CUST0155,PROD0086,30-04-2023,,1,₹1008.99,,205.31,1214.3,Credit Card,In-Transit,north,Mobile App,Yes
ORD01308,CUST0045,PROD0033,06-11-2023,08-11-2023,1,14138.95,,233.24,14372.19,upi,Delivered,N/A,In-Store,no
ORD00830,CUST0179,PROD0035,23-08-2024,24-08-2024,4,13720.55,15,24.02,46673.89,Debit Card,returned,south,online,No
ORD00834,CUST0072,PROD0001,"Mar 13, 2024",22-03-2024,3,21533.94,15,188.33,55099.88,  COD  ,shipped,  West  ,  In-Store  ,No
ORD00181,CUST0180,PROD0086,"Mar 13, 2024",12-03-2024,1,1008.99,0,137.49,1146.48,UPI,returned,south,  Mobile App  ,No
ORD00743,CUST0188,PROD0089,06-06-2023,,1,21184.51,20,169.5,17117.11,Credit Card,  Processing  ,North,Mobile app,No
ORD01638,CUST0034,PROD0042,27-08-2023,02-09-2023,1,17560.96,,192.67,17753.63,Credit Card,Cancelled,West,Mobile app,
ORD00916,CUST0176,PROD0076,26-05-2024,25-05-2024,1,16298.66,0,99.45,16398.11,  cod  ,Returned,east,  online  ,No
ORD00377,CUST0129,PROD0066,13-07-2024,21-07-2024,1,₹16714.6,10,231.65,15274.79,UPI,shipped,north,Mobile app,yes
ORD00713,CUST0160,PROD0002,10-08-2024,08-08-2024,2,10538.65,20,49.91,16911.75,UPI,returned,east,online,No
ORD00024,CUST0100,PROD0087,07-07-2024,10-07-2024,4,3803.82,0,197.62,15412.9,UPI,Processing,,in-store,No
ORD00347,CUST0159,PROD0070,"Aug 13, 2024",23-08-2024,1,2262.55,5,187.64,2337.06,debit card,Shipped,West,Mobile app,
ORD01635,CUST0162,PROD0087,02-08-2023,31-07-2023,1,3803.82,5,105.78,3719.41,COD,Processing,N/A,Mobile App,No
ORD01737,CUST0174,PROD0061,22-02-2023,,5,₹18867.21,15,7.02,80192.66,Net Banking,DELIVERED,West,Mobile app,No
ORD00009,CUST0138,PROD0051,25-06-2024,"Jun 25, 2024",2,4843.02,0,189.04,9875.08,Net Banking,Cancelled,East,Mobile App,No
ORD00229,CUST0048,PROD0055,11-09-2024,"Sep 09, 2024",5,18803.89,5,,89496.51,Net Banking,In-Transit,  south  ,Online,Yes
ORD00490,CUST0148,PROD0051,04-10-2024,06-10-2024,-1,4843.02,0,237.18,5080.2,Credit Card,Processing,N/A,Online,Yes
ORD00214,CUST0030,PROD0097,12-11-2023,21-11-2023,3,18995.32,0,67.87,57053.83,net banking,shipped,East,  Online  ,No
ORD00818,CUST0169,PROD0039,13-04-2023,17-04-2023,1,15091.15,10,229.71,13811.74,Cash on Delivery,Delivered,South,online,No
ORD01451,CUST0188,PROD0020,15-12-2023,23-12-2023,1,9020.42,0,160.94,9181.36,Credit Card,  cancelled  ,,Mobile App,No
ORD00450,CUST0102,PROD0064,"Dec 02, 2024",08-12-2024,-1,13808.45,0,41.38,13849.83,CREDIT CARD,Processing,West,in-store,
ORD00726,CUST0115,PROD0048,03-03-2024,04-03-2024,2,14926.77,15,172.07,25547.58,UPI,In-Transit,West,In-Store,
ORD00016,CUST0079,PROD0034,04-01-2024,10-01-2024,5,11290.33,,24.65,56476.3,Cash on Delivery,  Shipped  ,East,Online,No
ORD01802,CUST0074,PROD0023,02-10-2024,"Oct 11, 2024",2,24502.56,15,178.41,41832.76,net banking,Returned,south,online,
ORD01772,CUST0162,PROD0091,09-07-2023,08-07-2023,2,18810.69,15,,32101.03,CREDIT CARD,Returned,  east  ,in-store,no
ORD00644,CUST0020,PROD0073,05-04-2023,11-04-2023,1,10432.09,0,199.65,10631.74,COD,cancelled,north,online,No
ORD01302,CUST0036,PROD0025,28-08-2024,03-09-2024,2,15641.95,,75.04,31358.94,net banking,returned,N/A,In-Store,No
ORD01334,CUST0064,PROD0075,19-03-2024,29-03-2024,4,5250.56,0,236.68,21238.92,  cod  ,  delivered  ,south,Mobile app,yes
ORD00547,CUST0022,PROD0032,09-07-2024,11-07-2024,3,8752.87,20,9.65,21016.54,credit card,shipped,,Mobile app,No
ORD01154,CUST0085,PROD0001,02-08-2023,12-08-2023,2,21533.94,0,15.24,43083.12,upi,  Returned  ,West,in-store,No
ORD00641,CUST0039,PROD0020,26-08-2024,28-08-2024,2,9020.42,0,109.57,18150.41,CREDIT CARD,delivered,south,Mobile App,no
ORD00355,CUST0088,PROD0027,15-04-2024,22-04-2024,3,6491.69,0,,19703.57,,  DELIVERED  ,east,in-store,no
ORD00769,CUST0066,PROD0064,10-04-2024,16-04-2024,2,13808.45,20,49.8,22143.32,credit card,DELIVERED,East,  Online  ,No
ORD00208,CUST0121,PROD0018,"May 05, 2023",14-05-2023,2,21702.52,15,131.76,37026.04,COD,returned,  South  ,online,
ORD01375,CUST0090,PROD0037,19-02-2023,18-02-2023,2,8588.37,0,230.02,17406.76,upi,delivered,east,in-store,No
ORD00962,CUST0129,PROD0042,17-09-2023,20-09-2023,2,17560.96,0,7.86,35129.78,Debit Card,delivered,South,  In-Store  ,No
ORD01075,CUST0097,PROD0023,21-01-2024,29-01-2024,3,24502.56,10,147.78,66304.69,,returned,West,  In-Store  ,yes
ORD00417,CUST0003,PROD0069,16-04-2024,19-04-2024,1,18001.79,10,209.3,16410.91,cod,Delivered,,Mobile App,No
ORD00570,CUST0163,PROD0006,12-11-2023,17-11-2023,4,6650.61,5,143.13,25415.45,Cash on Delivery,returned,North,Mobile app,No
ORD01059,CUST0037,PROD0095,31-12-2023,30-12-2023,1,14966.39,0,51.01,15017.4,Debit Card,Cancelled,,  Mobile App  ,no
ORD01168,CUST0001,PROD0066,06-02-2024,10-02-2024,4,16714.6,15,232.97,57062.61,Net Banking,  cancelled  ,N/A,  online  ,yes
ORD00688,CUST0169,PROD0091,28-08-2024,"Aug 27, 2024",-1,18810.69,0,165.88,18976.57,net banking,processing,  West  ,Mobile App,No
ORD00443,CUST0197,PROD0015,27-09-2023,"Oct 06, 2023",2,6720.45,20,49.6,10802.32,  COD  ,processing,East,In-Store,No
ORD01651,CUST0004,PROD0014,28-05-2023,30-05-2023,1,17479.16,0,238.48,17717.64,Credit Card,  returned  ,North,Mobile app,
ORD00603,CUST0082,PROD0098,17-05-2023,"May 21, 2023",3,16965.86,10,204.95,46012.77,Cash on Delivery,  Delivered  ,West,in-store,No
ORD01412,CUST0134,PROD0038,15-12-2024,"Dec 23, 2024",1,7505.7,,6.06,7511.76,  CREDIT CARD  ,Shipped,West,online,No
ORD00349,CUST0030,PROD0013,08-07-2024,08-07-2024,2,7082.45,0,45.67,14210.57,CREDIT CARD,Delivered,North,Mobile App,No
ORD00763,CUST0058,PROD0096,11-05-2023,"May 16, 2023",-1,1277.29,20,161.51,1183.34,Credit Card,cancelled,South,in-store,No
ORD00404,CUST0067,PROD0078,"Apr 11, 2024",19-04-2024,1,₹13015.36,10,61.85,11775.67,upi,  cancelled  ,,Online,No
ORD00363,CUST0199,PROD0077,26-09-2024,01-10-2024,1,10379.71,,144.73,10524.44,CREDIT CARD,Delivered,west,Online,No
ORD00027,CUST0105,PROD0014,27-01-2023,26-01-2023,3,17479.16,0,149.23,52586.71,  net banking  ,Shipped,,in-store,No
ORD01096,CUST0112,PROD0081,"Oct 13, 2024",11-10-2024,5,3839.05,10,221.65,17497.38,Cash on Delivery,cancelled,east,in-store,yes
ORD01169,CUST0160,PROD0038,29-04-2024,04-05-2024,1,7505.7,0,144.55,7650.25,debit card,returned,,online,No
ORD00178,CUST0034,PROD0023,02-02-2023,03-02-2023,1,24502.56,,47.9,24550.46,debit card,Delivered,south,In-Store,Yes
ORD00197,CUST0034,PROD0024,27-01-2023,06-02-2023,2,20116,5,149.09,38369.49,  Cash on Delivery  ,Returned,south,In-Store,no
ORD00862,CUST0147,PROD0014,12-05-2024,"May 20, 2024",5,17479.16,20,190.76,70107.4,credit card,  Shipped  ,north,in-store,No
ORD00611,CUST0084,PROD0048,09-02-2023,09-02-2023,1,14926.77,20,,12069.58,debit card,In-Transit,South,online,No
ORD00665,CUST0114,PROD0019,"Nov 19, 2024",21-11-2024,3,7411.92,0,159.19,22394.95,Net Banking,shipped,South,in-store,no
ORD00253,CUST0051,PROD0096,24-11-2024,27-11-2024,2,1277.29,0,81.53,2636.11,Net Banking,Processing,west,Online,No
ORD00415,CUST0168,PROD0083,29-07-2024,02-08-2024,2,17414.05,5,64.77,33151.46,credit card,  Processing  ,south,In-Store,no
ORD00559,CUST0112,PROD0038,"May 03, 2024","May 12, 2024",1,7505.7,0,180.93,7686.63,UPI,processing,west,  online  ,No
ORD00554,CUST0136,PROD0007,13-09-2024,18-09-2024,-1,2136.66,,79.23,2215.89,UPI,Shipped,west,Mobile App,Yes
ORD00194,CUST0008,PROD0072,14-10-2023,15-10-2023,1,22878.54,15,224.29,19671.05,COD,Shipped,  east  ,In-Store,no
ORD01134,CUST0103,PROD0034,"Dec 12, 2024",22-12-2024,1,11290.33,0,43.28,11333.61,UPI,Cancelled,South,Mobile app,No
ORD01711,CUST0073,PROD0079,19-08-2024,26-08-2024,2,14974.24,10,78.16,27031.79,upi,Processing,East,Mobile app,No
ORD01152,CUST0013,PROD0052,07-08-2024,16-08-2024,-1,3087.94,5,98.26,3031.8,upi,shipped,west,Online,Yes
ORD00446,CUST0072,PROD0078,14-04-2023,18-04-2023,1,13015.36,10,,11950.9,CREDIT CARD,Cancelled,south,Mobile app,
ORD00244,CUST0049,PROD0018,06-02-2023,07-02-2023,1,21702.52,5,122.31,20739.7,Credit Card,Delivered,south,Online,No
ORD00913,CUST0195,PROD0071,15-05-2024,22-05-2024,5,1509.25,,87.33,7633.58,net banking,cancelled,North,Online,No
ORD00973,CUST0022,PROD0038,13-07-2023,16-07-2023,4,7505.7,0,72.19,30094.99,credit card,Processing,N/A,Online,yes
ORD01455,CUST0085,PROD0093,"Mar 09, 2023",11-03-2023,4,6077.42,20,224.08,19671.82,cod,shipped,N/A,In-Store,
ORD00452,CUST0072,PROD0018,04-10-2023,14-10-2023,1,21702.52,5,247.38,20864.77,  UPI  ,delivered,N/A,Mobile App,no
ORD01390,CUST0024,PROD0029,"Mar 04, 2024",,-1,13437.78,0,74.71,13512.49,Debit Card,Returned,east,in-store,
ORD00465,CUST0097,PROD0094,27-01-2023,05-02-2023,4,5579.66,15,13.52,18984.36,CREDIT CARD,Cancelled,East,Online,No
ORD01089,CUST0158,PROD0022,"Nov 06, 2024",16-11-2024,1,21812.68,0,112.78,21925.46,  Debit Card  ,DELIVERED,N/A,In-Store,
ORD00459,CUST0038,PROD0046,02-11-2024,04-11-2024,2,6541.32,20,171.69,10637.8,credit card,Processing,south,Online,No
ORD01385,CUST0157,PROD0043,10-05-2023,"May 20, 2023",-1,11229.01,0,232.46,11461.47,COD,DELIVERED,N/A,Online,No
ORD01802,CUST0074,PROD0023,02-10-2024,"Oct 11, 2024",2,24502.56,15,178.41,41832.76,net banking,Returned,south,online,
ORD00732,CUST0037,PROD0041,20-01-2024,"Jan 26, 2024",1,1025.38,20,,981.88,Cash on Delivery,Processing,North,in-store,No
ORD00370,CUST0143,PROD0015,26-05-2023,,5,₹6720.45,5,157.83,32079.97,  debit card  ,In-Transit,  East  ,Mobile App,No
ORD00485,CUST0046,PROD0071,01-09-2024,"Sep 01, 2024",-1,1509.25,20,95.39,1302.79,credit card,delivered,South,Mobile app,No
ORD01443,CUST0025,PROD0072,"Aug 21, 2024",20-08-2024,2,22878.54,0,166.82,45923.9,,In-Transit,South,online,no
ORD01179,CUST0029,PROD0054,19-04-2023,23-04-2023,1,16339.85,0,194.8,16534.65,Cash on Delivery,processing,east,Mobile App,No
ORD00308,CUST0067,PROD0020,"Apr 02, 2023",05-04-2023,1,9020.42,0,3.53,9023.95,Debit Card,  Shipped  ,north,Mobile App,no
ORD00286,CUST0032,PROD0030,"Mar 10, 2024",19-03-2024,5,509.37,10,191.2,2483.36,Net Banking,returned,north,In-Store,Yes
ORD00612,CUST0147,PROD0034,07-11-2023,14-11-2023,-1,11290.33,5,173.56,10899.37,cod,DELIVERED,north,in-store,
ORD00650,CUST0049,PROD0027,"Apr 03, 2023",13-04-2023,-1,₹6491.69,15,119.49,5637.43,credit card,  Cancelled  ,south,Mobile App,no
ORD00717,CUST0051,PROD0091,"May 22, 2024",29-05-2024,1,18810.69,,72.02,18882.71,  Debit Card  ,shipped,  East  ,in-store,No
ORD01378,CUST0170,PROD0052,02-08-2023,05-08-2023,3,3087.94,10,221.63,8559.07,COD,Cancelled,east,Mobile App,No
ORD01490,CUST0041,PROD0036,"May 06, 2024","May 05, 2024",-1,1072.18,5,5.11,1023.68,Net Banking,Cancelled,west,in-store,
ORD01088,CUST0140,PROD0051,13-07-2023,12-07-2023,1,4843.02,15,157.95,4274.52,cod,Delivered,south,  in-store  ,no
ORD00658,CUST0042,PROD0051,27-11-2023,"Nov 25, 2023",5,4843.02,,214.42,24429.52,  debit card  ,returned,west,Online,
ORD01352,CUST0037,PROD0017,19-05-2023,"May 19, 2023",2,5329.54,0,7.88,10666.96,upi,DELIVERED,North,Online,
ORD00884,CUST0101,PROD0087,06-11-2024,09-11-2024,1,3803.82,15,134.77,3368.02,COD,DELIVERED,  South  ,in-store,No
ORD00700,CUST0197,PROD0073,03-05-2023,04-05-2023,1,10432.09,0,4.95,10437.04,cod,  Shipped  ,west,in-store,No
ORD00825,CUST0171,PROD0085,06-09-2023,,5,4165.37,10,109.36,18853.53,Credit Card,In-Transit,west,  in-store  ,No
ORD01392,CUST0002,PROD0099,02-02-2023,04-02-2023,1,17888.32,,177.36,18065.68,credit card,Cancelled,N/A,Mobile App,No
ORD00098,CUST0136,PROD0039,28-02-2024,"Feb 26, 2024",1,15091.15,0,248.09,15339.24,cod,DELIVERED,South,online,No
ORD01813,CUST0015,PROD0028,09-05-2023,18-05-2023,4,20039.63,10,86.33,72229,Credit Card,Returned,north,  Online  ,No
ORD00985,CUST0125,PROD0067,29-10-2024,04-11-2024,1,12277.6,0,172.21,12449.81,net banking,  Cancelled  ,North,  online  ,No
ORD00811,CUST0159,PROD0099,"Mar 30, 2023","Mar 29, 2023",1,17888.32,0,85.53,17973.85,UPI,Delivered,south,online,no
ORD00140,CUST0124,PROD0087,05-05-2024,,2,₹3803.82,0,161.81,7769.45,COD,returned,  North  ,in-store,No
ORD01197,CUST0046,PROD0023,20-10-2024,20-10-2024,5,24502.56,0,26.6,122539.4,  Net Banking  ,delivered,east,In-Store,No
ORD01100,CUST0042,PROD0052,"May 23, 2023",28-05-2023,1,₹3087.94,20,100.05,2570.4,debit card,  Cancelled  ,N/A,Online,Yes
ORD00699,CUST0015,PROD0015,02-12-2024,01-12-2024,4,6720.45,0,154.65,27036.45,Debit Card,Delivered,east,Online,no
ORD01348,CUST0137,PROD0053,"Jun 24, 2023",,1,3950.23,0,,4071.7,COD,  returned  ,south,online,No
ORD00906,CUST0117,PROD0023,05-07-2023,08-07-2023,5,24502.56,,80.21,122593.01,Credit Card,  Cancelled  ,  East  ,  in-store  ,No
ORD00931,CUST0036,PROD0090,01-05-2024,29-04-2024,1,12088.33,0,244.96,12333.29,credit card,  delivered  ,North,online,no
ORD01173,CUST0108,PROD0069,24-01-2023,28-01-2023,4,18001.79,10,216.54,65022.98,CREDIT CARD,Cancelled,  north  ,In-Store,yes
ORD00755,CUST0071,PROD0090,01-08-2024,05-08-2024,-1,12088.33,0,63.3,12151.63,Credit Card,shipped,,Mobile App,No
ORD00129,CUST0176,PROD0039,13-09-2024,"Sep 12, 2024",2,15091.15,,95.35,30277.65,net banking,shipped,East,  Mobile App  ,yes
ORD00740,CUST0193,PROD0022,18-05-2024,,-1,21812.68,10,,19830.16,Credit Card,Delivered,  north  ,Online,No
ORD00659,CUST0087,PROD0044,10-07-2023,12-07-2023,3,15370.27,,193,46303.81,upi,processing,North,in-store,No
ORD00756,CUST0176,PROD0020,20-03-2023,21-03-2023,5,9020.42,,,45164.36,UPI,processing,,online,No
ORD01353,CUST0194,PROD0006,19-03-2023,18-03-2023,2,6650.61,10,133.55,12104.65,net banking,cancelled,South,In-Store,No
ORD00523,CUST0076,PROD0007,"Feb 07, 2024",07-02-2024,4,2136.66,0,115.7,8662.34,credit card,Cancelled,,  Online  ,
ORD00265,CUST0074,PROD0099,18-02-2023,18-02-2023,3,17888.32,10,113.98,48412.44,  cod  ,In-Transit,  East  ,In-Store,No
ORD01304,CUST0165,PROD0048,15-02-2024,17-02-2024,5,14926.77,10,97.85,67268.32,Debit Card,processing,N/A,In-Store,
ORD01768,CUST0199,PROD0010,09-02-2023,15-02-2023,1,9930.05,0,91.49,10021.54,Credit Card,DELIVERED,  west  ,online,No
ORD01581,CUST0155,PROD0060,14-11-2023,14-11-2023,5,21989,10,243.9,99194.4,upi,Returned,  South  ,Mobile app,No
ORD00632,CUST0014,PROD0041,11-10-2024,10-10-2024,2,1025.38,,29.1,2079.86,Cash on Delivery,Delivered,,online,Yes
ORD00499,CUST0120,PROD0073,"Nov 26, 2023",27-11-2023,-1,10432.09,0,96.4,10528.49,COD,delivered,,Mobile app,No
ORD01636,CUST0118,PROD0021,26-02-2023,27-02-2023,2,6518.87,15,11.21,11093.29,Credit Card,Returned,  South  ,Mobile App,yes
ORD01320,CUST0081,PROD0035,"Jul 09, 2024",17-07-2024,5,13720.55,0,167.77,68770.52,  credit card  ,processing,west,online,No
ORD01650,CUST0121,PROD0091,03-05-2024,"May 08, 2024",2,18810.69,0,169.25,37790.63,upi,delivered,south,Mobile App,No
ORD01016,CUST0034,PROD0099,14-03-2023,22-03-2023,1,17888.32,0,247.67,18135.99,CREDIT CARD,Processing,N/A,In-Store,No
ORD00433,CUST0182,PROD0100,13-09-2023,"Sep 21, 2023",4,15869.36,,45.78,63523.22,cod,Shipped,north,Mobile app,yes
ORD01150,CUST0111,PROD0070,"Feb 19, 2024","Feb 29, 2024",2,2262.55,20,63.82,3683.9,Credit Card,Delivered,N/A,in-store,No
ORD01702,CUST0128,PROD0052,28-06-2023,01-07-2023,2,3087.94,15,11.68,5261.18,COD,cancelled,East,online,No
ORD00069,CUST0039,PROD0005,"Sep 20, 2024",27-09-2024,2,2915.38,10,124.72,5372.4,net banking,Shipped,N/A,Online,yes
ORD01586,CUST0171,PROD0098,13-12-2024,16-12-2024,1,16965.86,5,95.51,16213.08,  COD  ,  processing  ,N/A,Online,No
ORD00661,CUST0175,PROD0029,"Jan 18, 2023","Jan 19, 2023",3,13437.78,0,140.72,40454.06,net banking,DELIVERED,south,In-Store,No
ORD01191,CUST0084,PROD0091,"Apr 15, 2024",23-04-2024,1,18810.69,20,12.45,15061,CREDIT CARD,Returned,East,in-store,yes
ORD00993,CUST0159,PROD0043,"Dec 27, 2023",26-12-2023,3,11229.01,20,39.86,26989.48,UPI,delivered,North,online,yes
ORD00574,CUST0006,PROD0002,08-07-2024,"Jul 15, 2024",1,10538.65,0,183.97,10722.62,cod,Delivered,  north  ,Mobile App,No
ORD00335,CUST0133,PROD0088,"Jan 06, 2024",04-01-2024,5,16043.08,0,192.54,80407.94,upi,Delivered,east,Online,No
ORD00339,CUST0016,PROD0048,23-09-2023,"Oct 01, 2023",-1,14926.77,15,30.95,12718.7,cod,Processing,,Mobile app,
ORD01028,CUST0107,PROD0015,05-11-2023,15-11-2023,3,6720.45,10,53.37,18198.58,COD,Delivered,North,in-store,Yes
ORD00384,CUST0018,PROD0050,31-07-2023,"Jul 31, 2023",2,17713.67,10,108.05,31992.66,COD,Returned,north,In-Store,No
ORD01494,CUST0150,PROD0007,06-02-2024,12-02-2024,1,2136.66,0,28.46,2165.12,Debit Card,  processing  ,East,Online,No
ORD00056,CUST0080,PROD0090,23-03-2024,"Apr 01, 2024",2,12088.33,0,61.12,24237.78,cod,DELIVERED,South,Online,Yes
ORD00682,CUST0050,PROD0032,07-09-2024,17-09-2024,1,8752.87,0,7.37,8760.24,  COD  ,  cancelled  ,  east  ,online,No
ORD01082,CUST0045,PROD0010,"Jan 17, 2024",26-01-2024,2,9930.05,0,177.81,20037.91,debit card,Delivered,South,in-store,No
ORD00498,CUST0030,PROD0024,27-11-2023,01-12-2023,1,20116,15,61.33,17159.93,,In-Transit,North,Mobile app,No
ORD01528,CUST0047,PROD0026,24-11-2024,24-11-2024,4,21234.71,20,,68197.03,cod,delivered,South,Online,yes
ORD00706,CUST0051,PROD0020,26-02-2024,29-02-2024,5,9020.42,5,217.01,43064,cod,processing,North,Mobile app,No
ORD01672,CUST0063,PROD0001,26-02-2023,28-02-2023,1,21533.94,20,156.63,17383.78,COD,Returned,West,Online,No
ORD00171,CUST0121,PROD0024,16-07-2023,18-07-2023,4,20116,0,30.49,80494.49,cod,delivered,N/A,Mobile app,no
ORD01850,CUST0156,PROD0036,22-03-2023,24-03-2023,1,1072.18,0,72.59,1144.77,COD,processing,  N/A  ,Mobile App,No
ORD01792,CUST0079,PROD0050,"Feb 01, 2023",02-02-2023,4,17713.67,0,22.33,70877.01,debit card,cancelled,south,Mobile App,No
ORD00327,CUST0103,PROD0063,"Jun 09, 2024",,5,6598.24,5,178.57,31520.21,COD,cancelled,west,Online,No
ORD00504,CUST0029,PROD0007,08-11-2023,07-11-2023,2,2136.66,15,171.98,3804.3,UPI,DELIVERED,,online,Yes
ORD00982,CUST0123,PROD0043,08-06-2024,15-06-2024,1,11229.01,,13.35,11242.36,UPI,  processing  ,north,Mobile App,No
ORD00410,CUST0157,PROD0008,31-12-2023,03-01-2024,1,₹15504.24,0,114.23,15618.47,cod,Shipped,south,online,no
ORD00298,CUST0074,PROD0083,14-06-2023,16-06-2023,2,17414.05,20,59.62,27922.1,upi,  cancelled  ,  North  ,In-Store,No
ORD01165,CUST0033,PROD0004,01-11-2024,03-11-2024,-1,10787.53,15,2.88,9172.28,debit card,shipped,east,Mobile app,No
ORD01668,CUST0119,PROD0077,"Nov 04, 2023",,4,₹10379.71,10,127.19,37494.15,credit card,Delivered,North,online,Yes
ORD01356,CUST0046,PROD0080,28-04-2024,29-04-2024,3,2998.2,20,208.71,7404.39,UPI,Processing,South,Mobile App,No
ORD01343,CUST0125,PROD0088,25-03-2024,,2,16043.08,0,74.66,32160.82,net banking,Cancelled,North,In-Store,yes
ORD00634,CUST0088,PROD0036,25-11-2024,01-12-2024,-1,1072.18,10,156.48,1121.44,Net Banking,  Returned  ,East,In-Store,No
ORD00719,CUST0110,PROD0033,20-12-2023,29-12-2023,2,14138.95,0,163.71,28441.61,cod,Delivered,,online,No
ORD00672,CUST0090,PROD0100,"Jun 26, 2023",01-07-2023,1,15869.36,15,87.95,13576.91,credit card,  processing  ,east,Mobile App,No
ORD00649,CUST0198,PROD0049,"Aug 27, 2024",26-08-2024,1,17373.31,0,126.68,17499.99,cod,Processing,south,Mobile app,no
ORD00153,CUST0030,PROD0034,11-03-2023,"Mar 15, 2023",2,11290.33,5,200.04,21651.67,debit card,  delivered  ,east,Mobile app,yes
ORD01674,CUST0160,PROD0020,05-05-2024,13-05-2024,4,9020.42,,165.95,36247.63,Net Banking,Processing,east,online,no
ORD01533,CUST0137,PROD0055,28-06-2023,28-06-2023,1,18803.89,10,13.7,16937.2,debit card,Returned,West,  In-Store  ,Yes
ORD01215,CUST0190,PROD0033,15-05-2023,15-05-2023,1,14138.95,5,177.05,13609.05,CREDIT CARD,In-Transit,North,Mobile App,no
ORD00701,CUST0163,PROD0059,05-05-2024,05-05-2024,5,2138.13,15,55.96,9143.01,CREDIT CARD,Cancelled,North,online,No
ORD00703,CUST0094,PROD0044,30-11-2023,08-12-2023,4,15370.27,0,180.83,61661.91,Cash on Delivery,Cancelled,west,  in-store  ,no
ORD00532,CUST0192,PROD0010,28-03-2024,07-04-2024,3,9930.05,0,230.89,30021.04,Debit Card,Shipped,north,online,No
ORD00408,CUST0076,PROD0011,"Jan 22, 2024",21-01-2024,2,13029,0,85.54,26143.54,Credit Card,processing,,Online,No
ORD00200,CUST0134,PROD0014,07-04-2024,12-04-2024,1,17479.16,5,129.68,16734.88,  Credit Card  ,Shipped,north,online,No
ORD00474,CUST0040,PROD0073,04-10-2024,09-10-2024,1,10432.09,0,35.66,10467.75,  debit card  ,DELIVERED,South,  Mobile App  ,yes
ORD00730,CUST0064,PROD0049,09-03-2024,18-03-2024,1,17373.31,10,65.25,15701.23,Net Banking,  DELIVERED  ,  west  ,Mobile app,No
ORD01427,CUST0033,PROD0093,09-01-2023,17-01-2023,5,6077.42,5,138.89,29006.63,credit card,delivered,N/A,Mobile App,No
ORD00217,CUST0164,PROD0027,25-11-2023,26-11-2023,2,6491.69,10,69.16,11754.2,Cash on Delivery,returned,N/A,Online,No
ORD00254,CUST0056,PROD0079,10-04-2024,10-04-2024,4,14974.24,15,34.1,50946.52,Credit Card,shipped,East,Online,no
ORD00153,CUST0030,PROD0034,11-03-2023,"Mar 15, 2023",2,11290.33,5,200.04,21651.67,debit card,  delivered  ,east,Mobile app,yes
ORD01166,CUST0079,PROD0084,01-07-2023,01-07-2023,5,12225.64,20,246.89,49149.45,UPI,Returned,West,  Mobile app  ,No
ORD01798,CUST0091,PROD0033,19-10-2023,26-10-2023,4,14138.95,20,144.02,45388.66,cod,  In-Transit  ,south,online,No
ORD01248,CUST0152,PROD0088,26-04-2023,05-05-2023,4,₹16043.08,0,,64215.19,Credit Card,Shipped,,Online,No
ORD01682,CUST0055,PROD0097,25-03-2023,,4,18995.32,10,30.39,68413.54,Credit Card,DELIVERED,West,online,No
ORD01321,CUST0081,PROD0026,30-08-2024,05-09-2024,1,21234.71,0,210.75,21445.46,Credit Card,returned,,Mobile App,No
ORD01568,CUST0040,PROD0074,24-11-2024,03-12-2024,2,4666.71,10,23.99,8424.07,  debit card  ,Processing,N/A,In-Store,No
ORD00432,CUST0193,PROD0050,05-07-2023,"Jul 08, 2023",-1,17713.67,20,119.22,14290.16,Cash on Delivery,In-Transit,north,  Online  ,yes
ORD01398,CUST0155,PROD0008,03-01-2023,01-01-2023,1,15504.24,0,177.18,15681.42,cod,processing,  north  ,Mobile app,No
ORD00531,CUST0028,PROD0064,26-11-2024,01-12-2024,3,13808.45,5,245.33,39599.41,credit card,Delivered,,Mobile App,No
ORD01133,CUST0131,PROD0014,"Sep 27, 2023",05-10-2023,2,17479.16,10,113.32,31575.81,Cash on Delivery,cancelled,,Online,No
ORD01245,CUST0027,PROD0049,28-10-2024,30-10-2024,1,17373.31,0,82.14,17455.45,CREDIT CARD,cancelled,north,Online,No
ORD00241,CUST0115,PROD0003,24-05-2024,24-05-2024,1,5104.15,0,166.15,5270.3,Net Banking,Returned,  east  ,  online  ,Yes
ORD01310,CUST0178,PROD0043,"Feb 19, 2023",25-02-2023,-1,11229.01,5,7.6,10675.16,Credit Card,Processing,east,Mobile app,No
ORD01643,CUST0039,PROD0063,09-06-2024,,-1,6598.24,0,134.49,6732.73,upi,Shipped,N/A,in-store,No
ORD00188,CUST0064,PROD0032,"Mar 15, 2023",17-03-2023,4,8752.87,15,171.18,29930.94,Cash on Delivery,processing,North,  Mobile App  ,No
ORD00247,CUST0017,PROD0026,"Mar 12, 2024",15-03-2024,4,21234.71,15,30.2,72228.21,  Cash on Delivery  ,DELIVERED,south,  Online  ,No
ORD00904,CUST0135,PROD0028,27-06-2023,06-07-2023,-1,20039.63,0,184.26,20223.89,Credit Card,processing,north,in-store,No
ORD01426,CUST0190,PROD0091,04-03-2023,04-03-2023,3,18810.69,0,218.7,56650.77,Net Banking,Shipped,North,in-store,no
ORD01482,CUST0136,PROD0048,24-03-2023,03-04-2023,1,14926.77,0,155.55,15082.32,UPI,Cancelled,east,Online,no
ORD00883,CUST0061,PROD0052,14-06-2024,24-06-2024,1,3087.94,0,91.27,3179.21,  COD  ,Cancelled,  south  ,Mobile app,No
ORD00693,CUST0109,PROD0088,07-08-2024,16-08-2024,2,16043.08,5,235.07,30716.92,Debit Card,Returned,north,in-store,No
ORD00303,CUST0065,PROD0071,29-01-2024,31-01-2024,3,₹1509.25,0,133.73,4661.48,debit card,shipped,South,In-Store,No
ORD00284,CUST0176,PROD0057,20-08-2023,26-08-2023,4,12771.68,10,246.24,46224.29,UPI,  DELIVERED  ,  North  ,  Mobile app  ,No
ORD00880,CUST0171,PROD0066,24-06-2023,"Jun 24, 2023",1,16714.6,0,208.49,16923.09,debit card,returned,east,In-Store,yes
ORD00506,CUST0178,PROD0010,18-03-2023,23-03-2023,1,9930.05,5,3.28,9436.83,Cash on Delivery,returned,N/A,Mobile App,yes
ORD00622,CUST0129,PROD0083,24-04-2023,,3,₹17414.05,0,61.22,52303.37,Net Banking,cancelled,South,online,
ORD00322,CUST0065,PROD0046,18-09-2023,25-09-2023,1,6541.32,0,,6569.8,  cod  ,shipped,south,in-store,no
ORD00587,CUST0183,PROD0019,23-03-2024,"Mar 29, 2024",5,7411.92,,173.77,37233.37,UPI,Returned,south,Mobile app,No
ORD01253,CUST0131,PROD0070,31-05-2023,30-05-2023,3,2262.55,,249.52,7037.17,  Debit Card  ,DELIVERED,West,online,No
ORD00833,CUST0192,PROD0081,04-09-2023,02-09-2023,5,3839.05,10,135.27,17411,UPI,delivered,South,in-store,
ORD00622,CUST0129,PROD0083,24-04-2023,,3,₹17414.05,0,61.22,52303.37,Net Banking,cancelled,South,online,
ORD01501,CUST0108,PROD0052,"Jun 04, 2024",03-06-2024,1,3087.94,5,53.95,2987.49,Net Banking,processing,  West  ,Mobile app,No
ORD01035,CUST0158,PROD0046,06-11-2024,14-11-2024,2,6541.32,5,37.09,12465.6,Cash on Delivery,Processing,East,  Online  ,No
ORD00123,CUST0014,PROD0100,"Oct 02, 2024",09-10-2024,2,15869.36,,197.48,31936.2,net banking,DELIVERED,east,  in-store  ,Yes
ORD01243,CUST0158,PROD0044,"Jul 05, 2024",10-07-2024,2,15370.27,0,91.97,30832.51,debit card,processing,West,Online,Yes
ORD00511,CUST0026,PROD0036,20-08-2023,27-08-2023,4,1072.18,20,98.22,3529.2,COD,shipped,,  Mobile App  ,Yes
ORD00281,CUST0090,PROD0004,"Apr 03, 2023","Apr 03, 2023",2,10787.53,15,88.05,18426.85,Cash on Delivery,Delivered,N/A,In-Store,yes
ORD01247,CUST0193,PROD0004,"Nov 07, 2024","Nov 05, 2024",5,10787.53,0,129.09,54066.74,credit card,delivered,east,in-store,No
ORD01237,CUST0158,PROD0003,"Jun 08, 2024","Jun 13, 2024",-1,5104.15,20,,4165.59,Debit Card,Processing,east,In-Store,No
ORD01000,CUST0057,PROD0084,11-12-2023,"Dec 18, 2023",1,12225.64,15,,10478.32,Credit Card,Delivered,east,online,
ORD01189,CUST0075,PROD0056,14-01-2024,24-01-2024,2,24757.48,20,193.29,39805.26,Credit Card,returned,west,Online,No
ORD01201,CUST0118,PROD0024,17-09-2023,19-09-2023,4,20116,5,213.2,76654,net banking,Delivered,N/A,In-Store,Yes
ORD01539,CUST0051,PROD0069,"Mar 08, 2023",10-03-2023,4,18001.79,5,64.78,68471.58,UPI,Processing,west,Mobile app,Yes
ORD00678,CUST0130,PROD0091,"May 02, 2024",08-05-2024,3,18810.69,0,201.81,56633.88,Debit Card,Returned,north,in-store,no
ORD00519,CUST0073,PROD0065,12-11-2024,22-11-2024,-1,1226.5,0,238.42,1464.92,Credit Card,Returned,south,  In-Store  ,no
ORD01147,CUST0037,PROD0012,25-10-2024,29-10-2024,1,1389.5,0,85.58,1475.08,COD,In-Transit,North,in-store,No
ORD01511,CUST0070,PROD0062,"Oct 08, 2024",06-10-2024,2,9273.98,20,201.67,15040.04,Net Banking,cancelled,  south  ,Online,No
ORD00068,CUST0033,PROD0012,"Dec 06, 2023",05-12-2023,1,1389.5,,12.66,1402.16,UPI,Shipped,  East  ,Mobile App,No
ORD00333,CUST0075,PROD0091,28-03-2024,07-04-2024,-1,18810.69,,183.14,18993.83,Net Banking,cancelled,North,In-Store,no
ORD00569,CUST0075,PROD0035,03-06-2024,04-06-2024,4,13720.55,0,140.56,55022.76,debit card,  Delivered  ,north,online,yes
ORD01830,CUST0051,PROD0064,"Apr 10, 2023",14-04-2023,2,13808.45,15,159.63,23634,debit card,cancelled,  east  ,in-store,yes
ORD01190,CUST0068,PROD0097,29-10-2024,03-11-2024,-1,18995.32,5,120.29,18165.84,CREDIT CARD,Returned,north,  Online  ,
ORD01424,CUST0100,PROD0052,06-11-2024,06-11-2024,1,3087.94,,226.36,3314.3,upi,cancelled,N/A,online,No
ORD01684,CUST0148,PROD0086,11-03-2023,"Mar 20, 2023",2,1008.99,0,244.38,2262.36,Net Banking,delivered,  East  ,online,No
ORD00473,CUST0167,PROD0067,"Dec 16, 2023",21-12-2023,1,₹12277.6,15,72.71,10508.67,Debit Card,Shipped,,in-store,No
ORD01322,CUST0156,PROD0098,"Dec 30, 2024",07-01-2025,4,16965.86,0,101.25,67964.69,Credit Card,DELIVERED,North,  Mobile app  ,No
ORD00512,CUST0048,PROD0065,18-12-2024,25-12-2024,5,1226.5,10,213.14,5732.39,Credit Card,processing,west,  online  ,No
ORD00478,CUST0028,PROD0011,04-07-2023,13-07-2023,1,13029,20,192.05,10615.25,cod,In-Transit,west,Online,No
ORD00886,CUST0170,PROD0070,19-03-2024,28-03-2024,2,2262.55,10,162.09,4234.68,credit card,processing,South,Mobile App,No
ORD01392,CUST0002,PROD0099,02-02-2023,04-02-2023,1,17888.32,,177.36,18065.68,credit card,Cancelled,N/A,Mobile App,No
ORD00319,CUST0111,PROD0095,14-11-2023,22-11-2023,1,14966.39,15,166.38,12887.81,Cash on Delivery,cancelled,South,online,
ORD00937,CUST0025,PROD0070,27-03-2023,28-03-2023,3,2262.55,,225.21,7012.86,COD,Processing,north,Mobile app,Yes
ORD01709,CUST0033,PROD0060,18-04-2023,26-04-2023,3,21989,20,233.76,53007.36,CREDIT CARD,returned,south,Mobile app,
ORD00994,CUST0188,PROD0004,13-11-2024,20-11-2024,1,10787.53,5,24.93,10273.08,COD,Delivered,East,Mobile App,no
ORD00582,CUST0003,PROD0041,02-03-2024,02-03-2024,1,1025.38,,16.76,1042.14,credit card,Delivered,,online,Yes
ORD00133,CUST0110,PROD0022,05-01-2023,08-01-2023,2,21812.68,5,178.05,41622.14,  Net Banking  ,Returned,south,Mobile App,No
ORD01714,CUST0142,PROD0010,23-01-2024,28-01-2024,-1,9930.05,10,249,9186.05,Net Banking,processing,South,  Mobile app  ,no
ORD00829,CUST0047,PROD0081,23-05-2024,"May 29, 2024",1,3839.05,0,239.66,4078.71,CREDIT CARD,delivered,north,Mobile app,yes
ORD01597,CUST0132,PROD0082,19-08-2024,"Aug 28, 2024",5,13459.02,0,232.93,67528.03,Net Banking,In-Transit,North,In-Store,No
ORD00987,CUST0192,PROD0006,07-01-2024,08-01-2024,5,6650.61,0,205.2,33458.25,COD,Delivered,North,online,No
ORD01381,CUST0105,PROD0022,16-07-2023,22-07-2023,1,21812.68,0,87.79,21900.47,debit card,  Delivered  ,N/A,Mobile App,No
ORD00369,CUST0001,PROD0082,17-08-2023,26-08-2023,2,13459.02,,155.98,27074.02,Credit Card,Cancelled,North,Online,No
ORD00733,CUST0184,PROD0092,16-05-2023,21-05-2023,1,6775.54,0,34.98,6810.52,credit card,cancelled,south,Online,No
ORD01355,CUST0132,PROD0056,"Mar 15, 2024",16-03-2024,2,24757.48,0,186.36,49701.32,COD,Shipped,north,Mobile app,yes
ORD00126,CUST0012,PROD0038,29-10-2024,"Oct 30, 2024",3,7505.7,0,237.05,22754.15,COD,Shipped,east,Online,No
ORD01603,CUST0124,PROD0074,29-04-2024,03-05-2024,2,4666.71,,90.51,9423.93,CREDIT CARD,cancelled,,In-Store,No
ORD01551,CUST0100,PROD0085,23-02-2023,27-02-2023,1,4165.37,0,210.84,4376.21,Credit Card,shipped,west,  in-store  ,No
ORD00257,CUST0009,PROD0055,27-06-2024,01-07-2024,5,18803.89,0,113.11,94132.56,UPI,shipped,West,  Mobile app  ,Yes
ORD01373,CUST0024,PROD0016,16-05-2023,22-05-2023,5,9295.74,10,79.28,41910.11,Net Banking,returned,south,online,No
ORD01474,CUST0174,PROD0059,21-03-2024,"Mar 31, 2024",5,2138.13,0,193.22,10883.87,debit card,Cancelled,,Mobile app,Yes
ORD00290,CUST0173,PROD0063,06-11-2024,12-11-2024,-1,6598.24,,118.98,6717.22,  COD  ,Cancelled,north,Mobile App,No
ORD00778,CUST0066,PROD0058,02-06-2023,04-06-2023,1,9834.07,20,69.63,7936.89,Cash on Delivery,Delivered,,Mobile app,No
ORD00082,CUST0098,PROD0048,11-07-2023,16-07-2023,1,14926.77,10,109.94,13544.03,  credit card  ,  delivered  ,  south  ,  in-store  ,No
ORD00054,CUST0146,PROD0054,10-01-2024,,1,16339.85,,238.61,16578.46,  Credit Card  ,  cancelled  ,N/A,  Mobile App  ,
ORD01406,CUST0142,PROD0026,30-11-2024,"Dec 05, 2024",4,21234.71,15,142.53,72340.54,  COD  ,Delivered,  east  ,Mobile App,No
ORD00558,CUST0103,PROD0090,24-07-2024,"Jul 25, 2024",2,12088.33,0,84.2,24260.86,UPI,Returned,east,Mobile app,No
ORD00041,CUST0176,PROD0063,"Mar 01, 2024",,5,6598.24,,41.81,33033.01,  net banking  ,shipped,East,online,no
ORD01121,CUST0139,PROD0025,16-10-2024,"Oct 23, 2024",5,15641.95,0,115.53,78325.28,credit card,shipped,West,online,No
ORD00262,CUST0116,PROD0080,12-01-2024,22-01-2024,1,2998.2,5,222.98,3071.27,  credit card  ,DELIVERED,north,Online,no
ORD00469,CUST0096,PROD0083,10-03-2024,11-03-2024,2,₹17414.05,0,26.1,34854.2,credit card,Shipped,,Online,yes
ORD00956,CUST0104,PROD0049,14-05-2023,,1,17373.31,20,84.13,13982.78,Debit Card,Delivered,North,Mobile app,no
ORD00084,CUST0147,PROD0087,27-09-2024,27-09-2024,1,3803.82,,43.22,3847.04,upi,Shipped,East,in-store,No
ORD01645,CUST0195,PROD0021,25-01-2024,30-01-2024,1,6518.87,0,3.01,6521.88,credit card,processing,north,online,No
ORD01206,CUST0020,PROD0048,"Nov 03, 2023","Nov 04, 2023",1,14926.77,10,64.76,13498.85,Debit Card,  Shipped  ,West,In-Store,No
ORD01544,CUST0158,PROD0012,18-01-2023,16-01-2023,-1,1389.5,0,40.01,1429.51,CREDIT CARD,DELIVERED,  South  ,Mobile app,yes
ORD00807,CUST0197,PROD0077,"Nov 10, 2024",08-11-2024,5,10379.71,5,133.52,49437.14,cod,Cancelled,East,in-store,Yes
ORD00031,CUST0152,PROD0070,04-07-2023,12-07-2023,-1,2262.55,0,238.25,2500.8,upi,processing,west,  In-Store  ,No
ORD00514,CUST0194,PROD0019,07-04-2023,06-04-2023,2,7411.92,15,113.15,12713.41,UPI,shipped,south,in-store,
ORD00977,CUST0134,PROD0079,"Jan 16, 2023","Jan 19, 2023",-1,14974.24,5,107.47,14333,Cash on Delivery,cancelled,East,online,Yes
ORD01289,CUST0002,PROD0048,04-12-2024,09-12-2024,1,14926.77,0,242.64,15169.41,,processing,  South  ,in-store,No
ORD01741,CUST0115,PROD0049,30-06-2024,29-06-2024,4,17373.31,0,209.37,69702.61,Credit Card,Cancelled,N/A,Mobile App,no
ORD01003,CUST0163,PROD0045,12-01-2023,11-01-2023,5,13766.6,5,246.34,65637.69,CREDIT CARD,  Processing  ,North,  Mobile app  ,No
ORD01260,CUST0084,PROD0086,28-01-2024,30-01-2024,1,1008.99,0,74.21,1083.2,Debit Card,  Delivered  ,,online,no
ORD01297,CUST0182,PROD0039,24-02-2023,24-02-2023,5,15091.15,10,4.63,67914.81,UPI,Processing,North,online,Yes
ORD01583,CUST0172,PROD0054,31-08-2023,"Sep 09, 2023",5,16339.85,10,176.89,73706.21,Cash on Delivery,delivered,  South  ,In-Store,No
ORD01089,CUST0158,PROD0022,"Nov 06, 2024",16-11-2024,1,21812.68,0,112.78,21925.46,  Debit Card  ,DELIVERED,N/A,In-Store,
ORD00839,CUST0138,PROD0060,04-04-2023,"Apr 11, 2023",1,21989,0,225.21,22214.21,  COD  ,Processing,East,  Online  ,
ORD01823,CUST0189,PROD0084,20-06-2024,24-06-2024,1,12225.64,20,161.56,9942.07,Cash on Delivery,Processing,N/A,online,No
ORD01608,CUST0065,PROD0036,24-01-2024,22-01-2024,4,1072.18,0,208.63,4497.35,,Processing,south,Mobile app,No
ORD00049,CUST0180,PROD0097,28-08-2023,,1,18995.32,0,0.27,18995.59,Credit Card,In-Transit,south,  Online  ,no
ORD01183,CUST0148,PROD0047,14-12-2024,23-12-2024,1,1927.67,0,80.46,2008.13,,Delivered,West,  In-Store  ,No
ORD01844,CUST0126,PROD0087,06-04-2023,06-04-2023,1,3803.82,0,138.59,3942.41,CREDIT CARD,processing,West,Mobile app,
ORD00468,CUST0024,PROD0067,22-01-2024,"Jan 22, 2024",2,12277.6,20,154.76,19798.92,Net Banking,Cancelled,east,online,No
ORD00154,CUST0020,PROD0071,"Jul 02, 2023",07-07-2023,3,1509.25,15,54.64,3903.23,debit card,Shipped,  West  ,In-Store,
ORD01560,CUST0136,PROD0077,13-03-2024,"Mar 14, 2024",1,10379.71,0,141.43,10521.14,Debit Card,Delivered,South,Mobile app,No
ORD00750,CUST0184,PROD0001,31-05-2024,10-06-2024,1,21533.94,,36.09,21570.03,net banking,processing,South,In-Store,No
ORD00395,CUST0086,PROD0003,15-09-2024,22-09-2024,5,5104.15,20,127.76,20544.36,debit card,Shipped,east,In-Store,Yes
ORD00124,CUST0090,PROD0029,07-08-2023,"Aug 15, 2023",3,13437.78,15,90.2,34356.54,COD,Delivered,South,Mobile app,No
ORD00356,CUST0196,PROD0051,05-07-2024,04-07-2024,1,4843.02,0,223.14,5066.16,upi,DELIVERED,North,Online,No
ORD00135,CUST0149,PROD0075,"Feb 19, 2024","Feb 29, 2024",2,5250.56,0,137.9,10639.02,  Debit Card  ,  Processing  ,  north  ,In-Store,No
ORD00269,CUST0084,PROD0008,14-09-2024,22-09-2024,2,15504.24,5,195.32,29653.38,credit card,  returned  ,  east  ,  In-Store  ,No
ORD00386,CUST0107,PROD0032,03-07-2023,10-07-2023,4,8752.87,,96.17,35107.65,CREDIT CARD,shipped,N/A,Mobile App,Yes
ORD00610,CUST0025,PROD0017,29-05-2023,"Jun 06, 2023",5,5329.54,20,223.18,21541.34,cod,returned,,  online  ,No
ORD00221,CUST0084,PROD0059,14-05-2024,12-05-2024,1,2138.13,,28.22,2166.35,net banking,delivered,east,Mobile app,yes
ORD00042,CUST0141,PROD0066,26-04-2023,03-05-2023,1,16714.6,10,193.78,15236.92,upi,delivered,West,Mobile App,Yes
ORD00220,CUST0146,PROD0017,06-04-2023,16-04-2023,5,5329.54,0,113.9,26761.6,  UPI  ,cancelled,East,Mobile app,yes
ORD00598,CUST0009,PROD0042,19-12-2024,18-12-2024,3,17560.96,0,39.69,52722.57,net banking,DELIVERED,North,online,no
ORD01250,CUST0003,PROD0095,30-10-2023,"Nov 09, 2023",1,₹14966.39,10,40.58,13510.33,Debit Card,  Returned  ,  south  ,In-Store,No
ORD01239,CUST0031,PROD0089,11-04-2024,09-04-2024,2,21184.51,20,191.25,34086.47,Debit Card,DELIVERED,North,Online,No
ORD00681,CUST0105,PROD0019,06-07-2024,14-07-2024,3,7411.92,0,242.72,22478.48,  credit card  ,returned,east,Mobile app,No
ORD01074,CUST0154,PROD0041,23-04-2023,28-04-2023,1,1025.38,0,43.88,1069.26,Credit Card,Cancelled,  north  ,In-Store,No
ORD01289,CUST0002,PROD0048,04-12-2024,09-12-2024,1,14926.77,0,242.64,15169.41,,processing,  South  ,in-store,No
ORD00841,CUST0053,PROD0018,14-08-2023,"Aug 23, 2023",1,21702.52,0,156.21,21858.73,COD,shipped,south,Online,No
ORD00542,CUST0078,PROD0047,"Jul 18, 2024",20-07-2024,2,1927.67,10,79.71,3549.52,Net Banking,shipped,South,In-Store,
ORD01042,CUST0144,PROD0040,05-05-2023,13-05-2023,-1,18476.06,15,37.12,15741.77,debit card,processing,east,  In-Store  ,no
ORD01479,CUST0009,PROD0099,17-07-2024,26-07-2024,2,17888.32,0,220.37,35997.01,Cash on Delivery,processing,South,Mobile app,no
ORD01359,CUST0040,PROD0038,27-07-2023,05-08-2023,4,7505.7,,230.94,30253.74,COD,In-Transit,east,In-Store,
ORD00358,CUST0181,PROD0091,12-09-2024,13-09-2024,1,18810.69,5,246.07,18116.23,COD,In-Transit,,Mobile app,
ORD01199,CUST0048,PROD0004,04-07-2023,13-07-2023,4,10787.53,0,23.91,43174.03,net banking,Delivered,South,  online  ,No
ORD01317,CUST0043,PROD0059,06-03-2024,11-03-2024,2,2138.13,5,24.66,4087.11,COD,processing,South,Mobile App,No
ORD01284,CUST0004,PROD0031,23-02-2024,,4,₹15661.2,0,77.4,62722.2,upi,cancelled,North,In-Store,No
ORD00979,CUST0006,PROD0089,31-08-2024,01-09-2024,1,21184.51,0,235.82,21420.33,net banking,DELIVERED,east,Online,No
ORD01083,CUST0084,PROD0034,23-07-2024,29-07-2024,1,₹11290.33,20,77.33,9109.59,  net banking  ,Returned,west,Mobile app,No
ORD01569,CUST0133,PROD0100,21-10-2024,24-10-2024,5,15869.36,10,,71522.11,,Cancelled,north,Mobile app,No
ORD00470,CUST0049,PROD0071,"Jul 26, 2023","Aug 03, 2023",1,1509.25,5,67.29,1501.08,credit card,  shipped  ,North,Mobile App,no
ORD01776,CUST0142,PROD0077,31-03-2023,"Apr 10, 2023",1,10379.71,5,199.98,10060.7,  Cash on Delivery  ,processing,,online,no
ORD01222,CUST0048,PROD0009,"May 03, 2024",,1,9274.78,0,179.29,9454.07,UPI,Shipped,N/A,in-store,No
ORD01811,CUST0016,PROD0061,21-10-2023,29-10-2023,2,18867.21,15,98.74,32173,  Cash on Delivery  ,returned,East,in-store,No
ORD00150,CUST0133,PROD0090,26-08-2023,02-09-2023,1,12088.33,0,89.93,12178.26,upi,cancelled,,  In-Store  ,Yes
ORD00908,CUST0056,PROD0026,29-03-2024,08-04-2024,2,21234.71,0,239.17,42708.59,  Debit Card  ,In-Transit,east,In-Store,no
ORD01404,CUST0132,PROD0048,29-02-2024,01-03-2024,5,₹14926.77,0,,74654.63,Net Banking,Cancelled,West,in-store,
ORD00337,CUST0165,PROD0027,11-07-2024,18-07-2024,5,6491.69,15,221.92,27811.6,cod,In-Transit,East,in-store,yes
ORD00233,CUST0066,PROD0002,25-04-2023,02-05-2023,1,10538.65,0,164.79,10703.44,net banking,Delivered,south,Online,
ORD01824,CUST0144,PROD0075,02-01-2024,11-01-2024,1,5250.56,0,57.78,5308.34,UPI,Cancelled,,online,No
ORD01414,CUST0029,PROD0009,22-05-2023,"Jun 01, 2023",1,9274.78,0,205.43,9480.21,debit card,returned,  West  ,In-Store,No
ORD00159,CUST0051,PROD0019,03-06-2023,"Jun 08, 2023",1,7411.92,0,105.38,7517.3,debit card,returned,,Online,No
ORD00469,CUST0096,PROD0083,10-03-2024,11-03-2024,2,₹17414.05,0,26.1,34854.2,credit card,Shipped,,Online,yes
ORD01779,CUST0049,PROD0015,09-08-2024,08-08-2024,1,6720.45,0,17.53,6737.98,credit card,Returned,East,In-Store,no
ORD01838,CUST0058,PROD0066,18-11-2023,21-11-2023,1,16714.6,0,41.84,16756.44,Credit Card,  delivered  ,East,  Mobile App  ,no
ORD01026,CUST0159,PROD0040,"Jun 04, 2024",03-06-2024,3,18476.06,0,190.1,55618.28,CREDIT CARD,delivered,West,Online,No
ORD01099,CUST0098,PROD0038,21-08-2024,27-08-2024,1,7505.7,10,72.5,6827.63,Credit Card,Cancelled,East,Online,Yes
ORD01118,CUST0153,PROD0071,15-12-2023,20-12-2023,2,1509.25,0,132.82,3151.32,upi,processing,N/A,Mobile App,No
ORD00586,CUST0121,PROD0042,06-11-2023,12-11-2023,1,17560.96,5,140.04,16822.95,credit card,Processing,West,In-Store,yes
ORD00206,CUST0013,PROD0024,01-06-2023,"May 30, 2023",3,20116,0,36.34,60384.34,  upi  ,DELIVERED,East,Mobile app,No
ORD00004,CUST0129,PROD0091,15-11-2023,24-11-2023,1,18810.69,10,91.89,17021.51,UPI,cancelled,  N/A  ,online,No
ORD00870,CUST0112,PROD0085,30-09-2023,29-09-2023,-1,4165.37,20,143.23,3475.53,upi,delivered,East,In-Store,yes
ORD00896,CUST0056,PROD0094,"Jun 27, 2023",30-06-2023,2,5579.66,20,118.96,9046.42,,Processing,north,In-Store,Yes
ORD01122,CUST0041,PROD0067,05-02-2024,11-02-2024,1,12277.6,0,45.56,12323.16,net banking,delivered,South,in-store,No
ORD01834,CUST0156,PROD0082,19-06-2023,"Jun 21, 2023",2,13459.02,10,193.63,24419.87,CREDIT CARD,  delivered  ,south,  online  ,No
ORD01456,CUST0190,PROD0030,08-11-2024,11-11-2024,-1,509.37,20,157.5,565,  UPI  ,Shipped,East,Online,no
ORD01051,CUST0089,PROD0055,08-12-2024,06-12-2024,2,18803.89,15,8.26,31974.87,cod,cancelled,north,in-store,No
ORD00694,CUST0178,PROD0051,12-02-2023,,5,4843.02,0,165.74,24380.84,credit card,DELIVERED,N/A,Mobile App,No
ORD01708,CUST0175,PROD0096,14-03-2023,14-03-2023,-1,1277.29,5,1.76,1215.19,Cash on Delivery,Processing,west,in-store,
ORD01644,CUST0131,PROD0061,25-12-2024,"Dec 31, 2024",3,₹18867.21,0,131.86,56733.49,Cash on Delivery,cancelled,  south  ,  online  ,
ORD00715,CUST0046,PROD0048,08-03-2023,08-03-2023,2,14926.77,0,215.92,30069.46,COD,Returned,  south  ,Mobile app,No
ORD01803,CUST0143,PROD0016,06-11-2024,07-11-2024,1,9295.74,0,103.64,9399.38,UPI,returned,N/A,In-Store,Yes
ORD01127,CUST0016,PROD0018,03-11-2023,"Nov 04, 2023",5,21702.52,5,100.12,103187.09,Net Banking,delivered,West,Mobile app,No
ORD01800,CUST0081,PROD0087,01-05-2023,"May 05, 2023",2,3803.82,5,205.83,7433.09,COD,Delivered,North,  Online  ,No
ORD01732,CUST0066,PROD0016,24-03-2024,,1,9295.74,15,48.97,7950.35,cod,In-Transit,east,in-store,No
ORD01052,CUST0048,PROD0060,27-03-2024,26-03-2024,1,₹21989.0,15,34.34,18724.99,  Credit Card  ,DELIVERED,south,Mobile App,No
ORD01105,CUST0076,PROD0039,16-09-2023,"Sep 16, 2023",1,15091.15,20,120.99,12193.91,CREDIT CARD,shipped,North,online,No
ORD01195,CUST0084,PROD0077,05-04-2024,09-04-2024,2,10379.71,0,78.57,20837.99,Net Banking,In-Transit,south,Mobile App,No
ORD01780,CUST0126,PROD0007,04-11-2023,"Nov 13, 2023",1,2136.66,,21.27,2157.93,Net Banking,shipped,  North  ,Mobile App,Yes
ORD00158,CUST0054,PROD0054,18-12-2024,"Dec 28, 2024",3,16339.85,15,213.58,41880.2,credit card,In-Transit,north,In-Store,no
ORD01048,CUST0091,PROD0031,14-10-2024,15-10-2024,2,15661.2,5,28.82,29785.1,  COD  ,In-Transit,,Mobile app,No
ORD00524,CUST0124,PROD0089,"Dec 06, 2023",04-12-2023,1,21184.51,0,175.39,21359.9,CREDIT CARD,shipped,north,Mobile app,Yes
ORD00463,CUST0137,PROD0064,29-06-2024,05-07-2024,2,13808.45,20,20.9,22114.42,,Delivered,south,in-store,No
ORD00653,CUST0094,PROD0015,16-06-2023,14-06-2023,5,6720.45,5,,31998.66,,Delivered,west,  Online  ,No
ORD00161,CUST0174,PROD0078,23-07-2023,"Jul 30, 2023",-1,13015.36,0,244.84,13260.2,upi,Processing,north,online,No
ORD00306,CUST0041,PROD0032,12-06-2024,21-06-2024,1,8752.87,20,198.16,7200.46,debit card,Shipped,South,online,No
ORD00657,CUST0148,PROD0035,"May 15, 2023",18-05-2023,4,13720.55,15,165.3,46815.17,  Debit Card  ,DELIVERED,North,In-Store,No
ORD00548,CUST0068,PROD0023,30-03-2024,04-04-2024,1,24502.56,,2.22,24504.78,  Cash on Delivery  ,delivered,north,in-store,Yes
ORD00714,CUST0089,PROD0093,25-09-2023,01-10-2023,2,6077.42,,70.41,12225.25,credit card,Delivered,East,Online,No
ORD00396,CUST0036,PROD0048,25-05-2024,"May 27, 2024",2,14926.77,0,93.94,29947.48,CREDIT CARD,shipped,  south  ,Mobile app,Yes
ORD00784,CUST0005,PROD0028,21-03-2024,31-03-2024,1,20039.63,,216.3,20255.93,  Net Banking  ,shipped,west,online,No
ORD00400,CUST0093,PROD0051,"Jan 22, 2024",22-01-2024,5,4843.02,,105.67,24320.77,,cancelled,  east  ,Online,yes
ORD00799,CUST0080,PROD0086,01-12-2023,,2,1008.99,,37.18,2055.16,Net Banking,DELIVERED,East,Mobile app,No
ORD00619,CUST0103,PROD0037,04-01-2023,10-01-2023,3,8588.37,,164.05,25929.16,Cash on Delivery,  Shipped  ,  East  ,in-store,Yes
ORD01534,CUST0065,PROD0059,27-05-2024,30-05-2024,1,2138.13,10,113.8,2038.12,Credit Card,In-Transit,East,Mobile app,No
ORD00509,CUST0031,PROD0071,"Mar 28, 2023",31-03-2023,4,1509.25,5,37.66,5772.81,  COD  ,  cancelled  ,  east  ,In-Store,No
ORD01771,,,15-05-2023,"May 24, 2023",3,1025.38,0,202.25,3278.39,credit card,cancelled,south,Online,
ORD00737,CUST0102,PROD0028,05-06-2023,11-06-2023,1,20039.63,10,66.41,18102.08,Debit Card,Cancelled,north,online,No
ORD00696,CUST0133,PROD0005,25-04-2024,30-04-2024,1,2915.38,0,57.16,2972.54,CREDIT CARD,Returned,,Online,
ORD01666,CUST0077,PROD0010,05-01-2023,09-01-2023,1,9930.05,5,41.96,9475.51,  upi  ,  Shipped  ,South,Mobile app,Yes
ORD01719,CUST0080,PROD0034,05-01-2024,12-01-2024,2,11290.33,,199.8,22780.46,credit card,  processing  ,East,online,Yes
ORD00868,CUST0196,PROD0054,01-02-2023,09-02-2023,5,16339.85,0,187.32,81886.57,Cash on Delivery,Cancelled,West,in-store,No
ORD00460,CUST0022,PROD0006,"Sep 11, 2024",11-09-2024,1,6650.61,20,132.62,5453.11,debit card,Cancelled,South,  Mobile App  ,yes
ORD00934,CUST0166,PROD0009,23-07-2023,28-07-2023,5,9274.78,0,203.42,46577.32,CREDIT CARD,Shipped,west,Mobile App,no
ORD00063,CUST0183,PROD0036,06-04-2023,04-04-2023,2,1072.18,20,175.21,1890.7,upi,delivered,,in-store,No
ORD01820,CUST0119,PROD0080,15-11-2024,15-11-2024,4,2998.2,10,7.53,10801.05,upi,returned,N/A,Mobile App,yes
ORD00872,CUST0171,PROD0066,20-03-2024,27-03-2024,4,16714.6,20,15.65,53502.37,Cash on Delivery,Cancelled,North,  Online  ,no
ORD00955,CUST0194,PROD0057,15-12-2023,21-12-2023,1,12771.68,,195.63,12967.31,upi,DELIVERED,West,Mobile App,No
ORD01575,CUST0199,PROD0025,25-02-2024,25-02-2024,2,₹15641.95,5,185.42,29905.12,Cash on Delivery,Returned,South,Mobile App,no
ORD00458,CUST0040,PROD0032,27-02-2023,05-03-2023,2,8752.87,0,5.3,17511.04,Credit Card,  Shipped  ,North,In-Store,No
ORD00936,CUST0068,PROD0022,17-03-2024,"Mar 25, 2024",1,21812.68,0,53.59,21866.27,CREDIT CARD,processing,North,Mobile app,yes
ORD00479,CUST0010,PROD0070,09-06-2023,14-06-2023,1,2262.55,5,80.05,2229.47,Net Banking,Shipped,North,In-Store,no
ORD01124,CUST0148,PROD0007,"Jan 15, 2024",18-01-2024,1,2136.66,20,231.15,1940.48,net banking,returned,North,Mobile app,No
ORD01478,CUST0013,PROD0097,18-11-2023,17-11-2023,2,18995.32,5,,36161.31,COD,  returned  ,  East  ,Mobile App,No
ORD00871,CUST0147,PROD0044,04-05-2023,06-05-2023,2,15370.27,10,99.67,27766.16,Credit Card,DELIVERED,  west  ,In-Store,No
ORD00791,CUST0067,PROD0074,"Jul 25, 2024",31-07-2024,3,4666.71,15,131.68,12031.79,Credit Card,  cancelled  ,west,Mobile App,No
ORD00618,CUST0056,PROD0054,05-09-2024,"Sep 07, 2024",3,16339.85,15,157.57,41824.19,Net Banking,shipped,west,In-Store,No
ORD01847,CUST0017,PROD0019,20-02-2023,21-02-2023,4,7411.92,0,129.72,29777.4,  debit card  ,shipped,  east  ,Online,Yes
ORD01628,CUST0174,PROD0043,01-06-2023,06-06-2023,2,11229.01,0,236.06,22694.08,  debit card  ,Returned,south,online,Yes
ORD01412,CUST0134,PROD0038,15-12-2024,"Dec 23, 2024",1,7505.7,,6.06,7511.76,  CREDIT CARD  ,Shipped,West,online,No
ORD01139,CUST0119,PROD0018,08-01-2023,10-01-2023,2,21702.52,0,4.92,43409.96,Debit Card,returned,South,Online,
ORD01616,CUST0128,PROD0080,21-05-2023,29-05-2023,1,2998.2,0,217.11,3215.31,credit card,Cancelled,East,online,
ORD00348,CUST0114,PROD0011,30-06-2024,07-07-2024,3,13029,20,147.22,31416.82,,returned,south,online,No
ORD01489,CUST0015,PROD0050,04-12-2023,,2,17713.67,10,16.1,31900.71,credit card,  returned  ,west,In-Store,No
ORD01068,CUST0008,PROD0028,05-10-2023,"Oct 14, 2023",1,20039.63,0,31.76,20071.39,  Credit Card  ,delivered,west,Mobile app,No
ORD00965,CUST0085,PROD0092,12-10-2024,"Oct 13, 2024",1,6775.54,20,152.22,5572.65,  Debit Card  ,Cancelled,  West  ,Mobile App,No
ORD00761,CUST0170,PROD0061,"May 04, 2024","May 09, 2024",2,18867.21,0,43.1,37777.52,net banking,DELIVERED,South,online,Yes
ORD00447,CUST0136,PROD0078,16-01-2024,17-01-2024,2,13015.36,5,146.08,24875.26,COD,Shipped,West,Mobile app,No
ORD00651,CUST0167,PROD0039,23-08-2023,01-09-2023,1,15091.15,20,218.99,12291.91,Debit Card,DELIVERED,,Online,No
ORD01230,CUST0076,PROD0099,02-07-2024,"Jul 05, 2024",2,₹17888.32,20,210.52,28831.83,  net banking  ,cancelled,north,Online,Yes
ORD00399,CUST0061,PROD0065,22-03-2023,26-03-2023,5,1226.5,10,41.04,5560.29,COD,Shipped,north,online,No
ORD00380,CUST0113,PROD0058,25-07-2024,23-07-2024,3,9834.07,0,144.38,29646.59,Debit Card,  cancelled  ,  east  ,  Mobile app  ,
ORD00565,CUST0181,PROD0067,22-11-2023,"Nov 23, 2023",-1,12277.6,0,237.3,12514.9,debit card,  Returned  ,East,online,no
ORD01354,CUST0188,PROD0077,18-09-2023,"Sep 21, 2023",4,10379.71,10,83.31,37450.27,  Net Banking  ,cancelled,North,In-Store,No
ORD01731,CUST0014,PROD0056,30-03-2023,30-03-2023,-1,24757.48,,238.37,24995.85,net banking,  DELIVERED  ,east,  Mobile app  ,no
ORD01276,CUST0179,PROD0008,28-06-2024,06-07-2024,1,15504.24,5,19.98,14749.01,Cash on Delivery,shipped,east,online,no
ORD00516,CUST0097,PROD0082,"Apr 21, 2023",23-04-2023,-1,13459.02,,246.83,13705.85,debit card,shipped,West,  Online  ,yes
ORD00949,CUST0139,PROD0094,03-01-2023,07-01-2023,5,5579.66,0,24.22,27922.52,  UPI  ,Processing,East,online,yes
ORD00921,CUST0200,PROD0089,20-08-2024,25-08-2024,1,21184.51,0,57.22,21241.73,net banking,Cancelled,east,Mobile App,No
ORD00232,CUST0187,PROD0073,24-09-2023,"Sep 22, 2023",5,₹10432.09,0,143.21,52303.66,  credit card  ,shipped,north,  In-Store  ,yes
ORD01319,CUST0035,PROD0059,"May 28, 2023",29-05-2023,5,2138.13,0,112.58,10803.23,  COD  ,Processing,North,Online,no
ORD00383,CUST0060,PROD0038,"Nov 06, 2024",,1,7505.7,,14.36,7520.06,  credit card  ,  DELIVERED  ,N/A,online,No
ORD01170,CUST0033,PROD0031,17-11-2023,19-11-2023,2,15661.2,10,13.41,28203.57,UPI,processing,east,Mobile App,yes
ORD01207,CUST0043,PROD0032,02-01-2024,01-01-2024,1,8752.87,0,202.4,8955.27,UPI,shipped,south,Mobile app,Yes
ORD00073,CUST0015,PROD0030,"Sep 08, 2024",09-09-2024,1,509.37,,0.17,509.54,UPI,Delivered,North,In-Store,No
ORD00071,CUST0150,PROD0030,13-06-2023,12-06-2023,2,509.37,5,66.63,1034.43,CREDIT CARD,DELIVERED,West,  in-store  ,No
ORD01345,CUST0062,PROD0030,09-03-2023,11-03-2023,3,509.37,10,94.49,1469.79,  credit card  ,delivered,north,Mobile app,no
ORD01017,CUST0008,PROD0034,11-09-2023,20-09-2023,-1,11290.33,10,16.72,10178.02,credit card,cancelled,  west  ,Online,yes
ORD00172,CUST0100,PROD0088,"Nov 16, 2023",19-11-2023,1,16043.08,0,186.18,16229.26,Credit Card,processing,  West  ,Online,No
ORD01135,CUST0197,PROD0043,04-07-2024,13-07-2024,5,₹11229.01,0,211.46,56356.51,net banking,delivered,South,online,yes
ORD00169,CUST0180,PROD0080,"May 18, 2024",,3,2998.2,0,38.04,9032.64,  Net Banking  ,In-Transit,North,In-Store,No
ORD00494,CUST0031,PROD0044,22-12-2023,27-12-2023,-1,15370.27,0,39.6,15409.87,CREDIT CARD,Shipped,  south  ,Online,Yes
ORD01349,CUST0085,PROD0098,10-04-2024,08-04-2024,4,16965.86,0,35.7,67899.14,  debit card  ,DELIVERED,West,  Online  ,No
ORD01021,CUST0173,PROD0020,14-04-2023,"Apr 22, 2023",-1,9020.42,0,133.45,9153.87,upi,DELIVERED,West,Mobile app,No
ORD00986,CUST0090,PROD0072,18-10-2024,"Oct 27, 2024",1,22878.54,0,29.04,22907.58,  COD  ,delivered,south,In-Store,No
ORD00894,CUST0157,PROD0042,14-05-2024,"May 24, 2024",2,17560.96,10,56.05,31665.78,Cash on Delivery,delivered,South,  online  ,No
ORD00273,CUST0144,PROD0095,19-04-2024,20-04-2024,1,14966.39,0,38.51,15004.9,CREDIT CARD,Returned,West,  Online  ,No
ORD01288,CUST0191,PROD0039,19-02-2024,26-02-2024,2,15091.15,20,82.52,24228.36,COD,processing,N/A,online,No
ORD00421,CUST0186,PROD0074,15-04-2023,23-04-2023,1,4666.71,20,237.6,3970.97,CREDIT CARD,Delivered,South,in-store,
ORD00095,CUST0128,PROD0038,"Sep 23, 2023","Sep 27, 2023",4,7505.7,20,184.18,24202.42,COD,returned,west,Mobile app,No
ORD01543,CUST0105,PROD0079,04-09-2024,"Sep 06, 2024",3,14974.24,0,13.77,44936.49,,  delivered  ,east,  Mobile app  ,No
ORD01574,CUST0142,PROD0003,21-11-2024,30-11-2024,3,5104.15,,186.71,15499.16,Credit Card,DELIVERED,N/A,Mobile App,Yes
ORD01585,CUST0195,PROD0098,23-11-2023,28-11-2023,2,16965.86,10,94.39,30632.94,credit card,  delivered  ,N/A,Online,
ORD00043,CUST0116,PROD0034,23-12-2023,"Dec 22, 2023",5,11290.33,0,193.91,56645.56,upi,DELIVERED,,In-Store,No
ORD00057,CUST0042,PROD0064,22-12-2023,28-12-2023,-1,13808.45,10,41.74,12469.35,UPI,cancelled,north,in-store,No
ORD01443,CUST0025,PROD0072,"Aug 21, 2024",20-08-2024,2,22878.54,0,166.82,45923.9,,In-Transit,South,online,no
ORD01103,CUST0092,PROD0050,27-10-2023,"Oct 26, 2023",-1,17713.67,10,191.81,16134.11,Net Banking,Processing,  North  ,in-store,Yes
ORD00509,CUST0031,PROD0071,"Mar 28, 2023",31-03-2023,4,1509.25,5,37.66,5772.81,  COD  ,  cancelled  ,  east  ,In-Store,No
ORD01281,CUST0160,PROD0092,30-06-2024,04-07-2024,1,6775.54,0,215.76,6991.3,debit card,processing,,In-Store,No
ORD00889,CUST0148,PROD0026,20-05-2024,29-05-2024,1,21234.71,15,170.39,18219.89,cod,shipped,North,Mobile app,yes
ORD00575,CUST0026,PROD0034,02-11-2024,09-11-2024,5,11290.33,20,72.81,45234.13,net banking,returned,West,online,No
ORD00039,CUST0035,PROD0041,01-05-2023,02-05-2023,2,1025.38,0,45.76,2096.52,Net Banking,  processing  ,N/A,Mobile app,No
ORD00307,CUST0101,PROD0049,"Aug 07, 2024",08-08-2024,1,17373.31,0,230.78,17604.09,CREDIT CARD,Delivered,east,in-store,No
ORD01006,CUST0117,PROD0043,"Jul 30, 2024",05-08-2024,-1,11229.01,,80.82,11309.83,  debit card  ,DELIVERED,east,Online,No
ORD00007,CUST0102,PROD0033,04-01-2023,"Jan 13, 2023",2,14138.95,0,11.32,28289.22,Net Banking,Delivered,north,online,No
ORD01178,CUST0136,PROD0022,"Dec 24, 2024",23-12-2024,1,21812.68,,,22043.34,Net Banking,Processing,North,Mobile app,No
ORD00783,CUST0129,PROD0064,10-05-2023,20-05-2023,1,13808.45,5,18.35,13136.38,UPI,Delivered,south,online,No
ORD00409,CUST0134,PROD0001,20-01-2024,"Jan 27, 2024",-1,21533.94,10,233.03,19613.58,UPI,Shipped,  south  ,Mobile app,No
ORD01267,CUST0019,PROD0061,06-10-2024,04-10-2024,-1,18867.21,15,22.46,16059.59,UPI,cancelled,West,Mobile App,No
ORD00782,CUST0118,PROD0068,16-05-2024,"May 24, 2024",4,3558.79,20,222.2,11610.33,cod,cancelled,north,in-store,No
ORD00167,CUST0194,PROD0062,03-11-2023,01-11-2023,4,9273.98,10,149.25,33535.58,CREDIT CARD,In-Transit,east,online,No
ORD00535,CUST0146,PROD0011,11-05-2023,"May 21, 2023",-1,13029,10,,11751.33,debit card,shipped,east,  Mobile app  ,No
ORD00584,CUST0020,PROD0076,"Jun 06, 2023","Jun 05, 2023",2,16298.66,10,44.58,29382.17,Cash on Delivery,Processing,north,  Mobile app  ,no
ORD01331,CUST0076,PROD0004,26-08-2023,,4,10787.53,20,238.44,34758.54,Debit Card,  Returned  ,N/A,Mobile app,No
ORD01678,CUST0085,PROD0004,28-09-2024,28-09-2024,4,10787.53,0,1.77,43151.89,UPI,cancelled,South,  online  ,No
ORD01420,CUST0082,PROD0049,16-10-2023,21-10-2023,1,17373.31,,210.2,17583.51,Net Banking,processing,South,online,
ORD01229,CUST0069,PROD0099,01-10-2023,30-09-2023,5,17888.32,0,54.76,89496.36,debit card,Returned,,  Online  ,No
ORD01799,CUST0088,PROD0022,27-05-2024,25-05-2024,1,21812.68,0,103.73,21916.41,debit card,In-Transit,  south  ,in-store,No
ORD00142,CUST0150,PROD0099,06-07-2023,"Jul 13, 2023",-1,17888.32,10,41.93,16141.42,credit card,Delivered,West,in-store,
ORD01619,CUST0069,PROD0095,10-11-2024,,3,14966.39,0,155.24,45054.41,Net Banking,Processing,west,Mobile app,No
ORD01115,CUST0048,PROD0041,01-12-2024,30-11-2024,3,1025.38,0,30.56,3106.7,net banking,Delivered,South,in-store,Yes
ORD01068,CUST0008,PROD0028,05-10-2023,"Oct 14, 2023",1,20039.63,0,31.76,20071.39,  Credit Card  ,delivered,west,Mobile app,No
ORD00814,CUST0025,PROD0077,"Jun 17, 2024",23-06-2024,1,10379.71,0,118.36,10498.07,  COD  ,Cancelled,  West  ,Mobile App,no
ORD00317,CUST0161,PROD0035,"Aug 31, 2024",08-09-2024,1,13720.55,15,242.44,11904.91,Cash on Delivery,  DELIVERED  ,West,Online,yes
ORD01280,CUST0006,PROD0078,26-09-2023,"Sep 29, 2023",1,13015.36,5,191.85,12556.44,credit card,Processing,East,online,No
ORD01717,CUST0118,PROD0031,18-11-2023,"Nov 27, 2023",3,15661.2,0,71.19,47054.79,Debit Card,shipped,  west  ,online,No
ORD00517,CUST0157,PROD0016,19-03-2024,29-03-2024,5,9295.74,15,72.1,39578.99,Cash on Delivery,  returned  ,East,  Mobile App  ,No
ORD01848,CUST0178,PROD0079,"May 26, 2024",25-05-2024,2,14974.24,0,201.11,30149.59,UPI,Delivered,  east  ,Online,yes
ORD01664,CUST0091,PROD0098,04-02-2024,06-02-2024,3,16965.86,,31.29,50928.87,debit card,Delivered,West,In-Store,no
ORD01563,CUST0086,PROD0029,"Mar 25, 2024",03-04-2024,2,13437.78,15,198.64,23042.87,upi,Delivered,south,In-Store,no
ORD00534,CUST0088,PROD0024,29-11-2024,08-12-2024,-1,20116,,47.53,20163.53,CREDIT CARD,delivered,west,online,Yes
ORD00174,CUST0128,PROD0012,03-12-2024,10-12-2024,3,1389.5,0,14.94,4183.44,COD,Cancelled,west,Mobile app,No
ORD01040,CUST0040,PROD0092,11-11-2024,19-11-2024,1,6775.54,0,183.56,6959.1,UPI,Shipped,south,Mobile app,No
ORD00272,CUST0002,PROD0053,"Oct 16, 2024",18-10-2024,4,3950.23,0,138.95,15939.87,Net Banking,  Delivered  ,north,in-store,No
ORD00549,CUST0113,PROD0024,22-09-2023,02-10-2023,2,20116,10,217.26,36426.06,credit card,processing,North,In-Store,no
ORD00669,CUST0156,PROD0067,14-11-2024,18-11-2024,1,12277.6,0,147.59,12425.19,cod,  Processing  ,east,online,Yes
ORD01633,CUST0189,PROD0056,29-03-2024,"Apr 01, 2024",2,24757.48,5,,47194.7,Debit Card,In-Transit,,In-Store,yes
ORD00454,CUST0161,PROD0082,10-09-2024,16-09-2024,2,13459.02,,55.16,26973.2,UPI,DELIVERED,west,Online,No
ORD00965,CUST0085,PROD0092,12-10-2024,"Oct 13, 2024",1,6775.54,20,152.22,5572.65,  Debit Card  ,Cancelled,  West  ,Mobile App,No
ORD00607,CUST0129,PROD0048,29-04-2024,"May 08, 2024",3,14926.77,15,27.92,38091.18,  Credit Card  ,Cancelled,,Mobile App,No
ORD01693,CUST0184,PROD0055,28-12-2023,07-01-2024,2,18803.89,15,37.34,32003.95,,  shipped  ,East,in-store,No
ORD01626,CUST0076,PROD0061,"Aug 18, 2024","Aug 22, 2024",1,18867.21,0,180.25,19047.46,  Net Banking  ,cancelled,East,Mobile App,no
ORD00805,CUST0161,PROD0009,"Apr 30, 2024",04-05-2024,5,9274.78,5,230.77,44285.97,Debit Card,processing,,Mobile App,No
ORD00599,CUST0152,PROD0074,12-12-2024,"Dec 16, 2024",4,4666.71,,208.52,18875.36,  Debit Card  ,returned,South,online,No
ORD01034,CUST0182,PROD0020,14-06-2024,24-06-2024,4,9020.42,0,226.62,36308.3,Debit Card,Cancelled,  East  ,Mobile app,No
ORD01599,CUST0062,PROD0058,30-01-2024,05-02-2024,2,9834.07,0,189.01,19857.15,Credit Card,Delivered,  east  ,Mobile App,No
ORD01264,CUST0165,PROD0022,17-03-2023,22-03-2023,3,21812.68,0,56.44,65494.48,Cash on Delivery,In-Transit,,  in-store  ,
ORD00752,CUST0054,PROD0039,14-03-2024,21-03-2024,5,₹15091.15,0,169.78,75625.53,upi,returned,South,online,
ORD00571,CUST0098,PROD0012,"Dec 22, 2024","Dec 25, 2024",3,1389.5,0,163.73,4332.23,cod,  Shipped  ,north,In-Store,yes
ORD00976,CUST0166,PROD0051,15-01-2024,17-01-2024,1,4843.02,0,176.02,5019.04,Cash on Delivery,Processing,  north  ,in-store,No
ORD00075,CUST0182,PROD0072,11-12-2024,18-12-2024,3,22878.54,5,166.38,65370.22,Cash on Delivery,cancelled,,Online,No
ORD00062,CUST0105,PROD0004,27-08-2023,02-09-2023,3,10787.53,0,237.75,32600.34,net banking,Shipped,  east  ,online,No
ORD01835,CUST0061,PROD0065,07-04-2024,06-04-2024,1,1226.5,0,,1278.89,Credit Card,Shipped,west,online,No
ORD00537,CUST0052,PROD0043,02-03-2023,02-03-2023,2,11229.01,15,231.04,19320.36,Credit Card,Cancelled,South,  online  ,
ORD00078,CUST0123,PROD0074,28-10-2024,07-11-2024,2,4666.71,0,112.82,9446.24,upi,DELIVERED,South,in-store,Yes
ORD00810,CUST0129,PROD0099,"Jul 01, 2024",06-07-2024,-1,17888.32,0,120.31,18008.63,Debit Card,returned,north,Mobile app,No
ORD00245,CUST0185,PROD0006,"Feb 20, 2024","Feb 19, 2024",2,6650.61,,235.02,13536.24,Net Banking,processing,  North  ,  online  ,
ORD01096,CUST0112,PROD0081,"Oct 13, 2024",11-10-2024,5,3839.05,10,221.65,17497.38,Cash on Delivery,cancelled,east,in-store,yes
ORD01439,CUST0010,PROD0076,"Feb 23, 2023",01-03-2023,2,16298.66,0,138.26,32735.58,  Credit Card  ,DELIVERED,N/A,Mobile app,No
ORD00106,CUST0039,PROD0012,07-06-2024,06-06-2024,1,1389.5,10,161.08,1411.63,Credit Card,shipped,  south  ,Mobile app,No
ORD00674,CUST0194,PROD0072,05-07-2024,05-07-2024,4,22878.54,0,49.65,91563.81,UPI,cancelled,East,online,No
ORD00643,CUST0125,PROD0007,25-06-2024,"Jun 23, 2024",-1,2136.66,15,4.05,1820.21,debit card,Processing,south,Mobile app,No
ORD01279,CUST0166,PROD0082,15-03-2024,"Mar 17, 2024",1,13459.02,0,2.74,13461.76,Debit Card,processing,North,In-Store,No
ORD00666,CUST0040,PROD0010,16-12-2023,18-12-2023,1,9930.05,20,209.49,8153.53,Net Banking,shipped,  West  ,in-store,No
ORD00510,CUST0104,PROD0023,31-08-2024,02-09-2024,-1,24502.56,,129.65,24632.21,Credit Card,Processing,north,In-Store,No
ORD00132,CUST0085,PROD0046,12-05-2023,20-05-2023,2,6541.32,0,71.28,13153.92,  cod  ,Processing,East,in-store,yes
ORD00445,CUST0131,PROD0055,21-10-2024,19-10-2024,2,18803.89,0,67.31,37675.09,Credit Card,Delivered,  south  ,In-Store,No
ORD00867,CUST0200,PROD0029,"Oct 29, 2023",08-11-2023,1,13437.78,20,101.05,10851.27,Net Banking,DELIVERED,east,Mobile app,No
ORD00270,CUST0155,PROD0078,07-06-2024,05-06-2024,3,₹13015.36,20,36.99,31273.85,  Net Banking  ,  returned  ,South,In-Store,no
ORD01767,CUST0148,PROD0066,"Jan 30, 2023",08-02-2023,1,16714.6,5,180.34,16059.21,net banking,Processing,North,Mobile App,
ORD00058,CUST0183,PROD0074,04-10-2024,"Oct 03, 2024",5,4666.71,,127.7,23461.25,Cash on Delivery,processing,  South  ,In-Store,Yes
ORD01649,CUST0129,PROD0007,02-10-2024,,5,₹2136.66,5,147.14,10296.27,UPI,cancelled,south,In-Store,No
ORD01532,CUST0165,PROD0080,11-03-2023,"Mar 13, 2023",1,2998.2,5,172.91,3021.2,Credit Card,Cancelled,north,online,
ORD01126,CUST0079,PROD0018,23-10-2024,,3,21702.52,0,60.84,65168.4,credit card,returned,South,Online,No
ORD00087,CUST0156,PROD0088,11-12-2024,15-12-2024,1,16043.08,20,222.39,13056.85,Credit Card,  Cancelled  ,north,Mobile App,No
ORD00754,CUST0155,PROD0061,05-02-2023,08-02-2023,2,18867.21,,54.14,37788.56,,returned,west,  Online  ,no
ORD00772,CUST0042,PROD0012,07-08-2024,16-08-2024,2,1389.5,,31.14,2810.14,  Debit Card  ,shipped,South,Online,No
ORD01224,CUST0103,PROD0015,02-12-2024,11-12-2024,4,6720.45,0,118.5,27000.3,UPI,Delivered,North,in-store,No
ORD00709,CUST0177,PROD0032,27-04-2023,05-05-2023,1,8752.87,,24.27,8777.14,Cash on Delivery,In-Transit,south,online,No
ORD01549,CUST0103,PROD0089,13-09-2024,"Sep 16, 2024",1,21184.51,0,64.29,21248.8,  debit card  ,Shipped,  North  ,Online,yes
ORD01332,CUST0031,PROD0046,19-08-2024,24-08-2024,3,6541.32,,176.6,19800.56,net banking,In-Transit,West,Mobile app,No
ORD01554,CUST0056,PROD0082,27-02-2023,"Mar 06, 2023",3,13459.02,5,31.52,38389.73,COD,returned,east,Mobile App,No
ORD00539,CUST0137,PROD0078,24-01-2024,01-02-2024,1,13015.36,,13.04,13028.4,credit card,Processing,south,  Mobile App  ,No
ORD01428,CUST0033,PROD0089,"May 07, 2024",,-1,21184.51,20,49.6,16997.21,CREDIT CARD,In-Transit,north,In-Store,No
ORD01172,CUST0038,PROD0060,13-09-2023,11-09-2023,4,21989,5,76.68,83634.88,  cod  ,  delivered  ,N/A,in-store,No
ORD01545,CUST0164,PROD0052,24-06-2023,02-07-2023,4,3087.94,20,238.65,10120.06,  cod  ,Delivered,North,Mobile App,No
ORD01299,CUST0151,PROD0027,"Apr 17, 2023","Apr 23, 2023",2,6491.69,,187.14,13170.52,net banking,cancelled,North,in-store,yes
ORD00419,CUST0077,PROD0085,13-06-2023,11-06-2023,-1,4165.37,20,84.35,3416.65,  cod  ,  Shipped  ,N/A,online,No
ORD00752,CUST0054,PROD0039,14-03-2024,21-03-2024,5,₹15091.15,0,169.78,75625.53,upi,returned,South,online,
ORD01694,CUST0173,PROD0009,23-03-2024,31-03-2024,1,9274.78,,153.27,9428.05,cod,In-Transit,south,  Mobile App  ,No
ORD01450,CUST0070,PROD0077,21-12-2024,29-12-2024,1,10379.71,,140.29,10520,  CREDIT CARD  ,Processing,West,Online,No
ORD00852,CUST0198,PROD0029,22-04-2023,25-04-2023,2,13437.78,0,207.6,27083.16,cod,Cancelled,North,Mobile App,Yes
ORD01738,CUST0009,PROD0011,"Jan 13, 2023",21-01-2023,1,13029,,91.12,13120.12,COD,  Cancelled  ,West,in-store,No
ORD01715,CUST0100,PROD0013,03-12-2024,"Dec 11, 2024",2,7082.45,15,164.4,12204.56,Debit Card,In-Transit,N/A,  Mobile App  ,No
ORD01680,CUST0196,PROD0025,"Jun 27, 2024",29-06-2024,4,15641.95,0,191.04,62758.84,  Credit Card  ,shipped,north,in-store,No
ORD01751,CUST0064,PROD0067,"Sep 09, 2024",07-09-2024,1,12277.6,0,210.07,12487.67,COD,Cancelled,  east  ,Online,Yes
ORD01756,CUST0142,PROD0088,18-06-2024,"Jun 18, 2024",3,16043.08,0,19.01,48148.25,UPI,  Processing  ,  north  ,online,
ORD01718,CUST0109,PROD0079,04-12-2023,02-12-2023,2,14974.24,15,78.49,25534.7,credit card,Returned,  north  ,Online,No
ORD01784,CUST0119,PROD0003,14-01-2023,"Jan 17, 2023",2,5104.15,20,228.5,8395.14,Debit Card,Shipped,west,Online,No
ORD00305,CUST0017,PROD0046,06-03-2024,13-03-2024,-1,6541.32,15,113.32,5673.44,upi,Shipped,north,Mobile App,Yes
ORD01507,CUST0183,PROD0049,"Mar 19, 2024",26-03-2024,4,17373.31,0,193.84,69687.08,credit card,processing,  N/A  ,In-Store,Yes
ORD00336,CUST0148,PROD0008,"Oct 08, 2024",17-10-2024,-1,15504.24,10,,14058.65,net banking,Processing,East,Mobile app,No
ORD00996,CUST0001,PROD0011,"Nov 13, 2024",13-11-2024,1,₹13029.0,,225.28,13254.28,cod,Delivered,South,Mobile App,No
ORD00570,CUST0163,PROD0006,12-11-2023,17-11-2023,4,6650.61,5,143.13,25415.45,Cash on Delivery,returned,North,Mobile app,No
ORD00089,CUST0096,PROD0008,"Jun 11, 2024","Jun 21, 2024",1,15504.24,0,,15582.02,Debit Card,Delivered,West,Online,No
ORD00875,CUST0172,PROD0017,02-09-2024,02-09-2024,3,5329.54,0,138.87,16127.49,Credit Card,  DELIVERED  ,,Mobile app,Yes
ORD01618,CUST0130,PROD0064,26-05-2023,27-05-2023,-1,13808.45,5,99.47,13217.5,CREDIT CARD,Shipped,  East  ,online,No
ORD01514,CUST0067,PROD0080,26-03-2024,25-03-2024,1,2998.2,0,240.84,3239.04,Net Banking,delivered,south,online,No
ORD00713,CUST0160,PROD0002,10-08-2024,08-08-2024,2,10538.65,20,49.91,16911.75,UPI,returned,east,online,No
ORD01735,CUST0180,PROD0016,27-04-2024,25-04-2024,-1,9295.74,20,121.47,7558.06,Credit Card,Returned,north,Online,No
ORD01838,CUST0058,PROD0066,18-11-2023,21-11-2023,1,16714.6,0,41.84,16756.44,Credit Card,  delivered  ,East,  Mobile App  ,no
ORD01372,CUST0127,PROD0015,28-07-2023,28-07-2023,1,6720.45,10,231.56,6279.97,,returned,N/A,Mobile app,No
ORD00222,CUST0143,PROD0084,14-03-2023,24-03-2023,2,12225.64,,100.2,24551.48,UPI,Shipped,,online,no
ORD00320,CUST0048,PROD0056,07-10-2024,11-10-2024,1,24757.48,0,128.34,24885.82,credit card,shipped,west,  online  ,No
ORD01744,CUST0180,PROD0067,16-01-2024,"Jan 26, 2024",1,12277.6,10,102.59,11152.43,Debit Card,DELIVERED,  South  ,  In-Store  ,No
ORD00879,CUST0102,PROD0038,06-06-2024,04-06-2024,1,7505.7,20,68.85,6073.41,net banking,delivered,East,  online  ,no
ORD01790,CUST0126,PROD0099,01-04-2023,01-04-2023,1,17888.32,20,57,14367.66,debit card,Cancelled,N/A,Mobile App,No
ORD00826,CUST0106,PROD0015,22-10-2023,"Oct 22, 2023",2,6720.45,10,44.27,12141.08,Debit Card,Returned,West,Mobile app,no
ORD01479,CUST0009,PROD0099,17-07-2024,26-07-2024,2,17888.32,0,220.37,35997.01,Cash on Delivery,processing,South,Mobile app,no
ORD01458,CUST0009,PROD0046,25-01-2023,04-02-2023,2,6541.32,15,199.93,11320.17,CREDIT CARD,  In-Transit  ,North,Online,No
ORD00139,CUST0124,PROD0078,07-01-2023,13-01-2023,1,13015.36,,41.4,13056.76,cod,delivered,West,  online  ,Yes
ORD00164,CUST0196,PROD0011,17-04-2023,19-04-2023,1,13029,0,163.71,13192.71,net banking,DELIVERED,North,  Online  ,yes
ORD00514,CUST0194,PROD0019,07-04-2023,06-04-2023,2,7411.92,15,113.15,12713.41,UPI,shipped,south,in-store,
ORD01698,CUST0174,PROD0040,10-01-2023,11-01-2023,2,18476.06,0,63.56,37015.68,  debit card  ,Processing,west,Online,No
ORD00961,CUST0151,PROD0094,31-01-2024,10-02-2024,-1,5579.66,0,115.3,5694.96,debit card,DELIVERED,  South  ,Mobile app,No
ORD01692,CUST0164,PROD0072,23-05-2023,29-05-2023,5,22878.54,5,240.39,108913.46,Debit Card,delivered,East,Mobile app,No
ORD01234,CUST0133,PROD0048,13-06-2024,22-06-2024,1,14926.77,0,37.29,14964.06,debit card,Cancelled,North,Mobile app,No
ORD01171,CUST0042,PROD0046,20-09-2023,27-09-2023,1,6541.32,0,242.47,6783.79,Net Banking,Shipped,N/A,in-store,No
ORD01361,CUST0121,PROD0076,16-10-2024,"Oct 17, 2024",-1,16298.66,0,103.82,16402.48,COD,Shipped,west,Online,No
ORD01529,CUST0150,PROD0097,"Nov 12, 2024","Nov 15, 2024",4,18995.32,0,19.67,76000.95,credit card,returned,South,Mobile app,
ORD01793,CUST0102,PROD0065,10-09-2023,14-09-2023,-1,1226.5,10,231.22,1335.07,COD,shipped,south,Mobile App,
ORD00634,CUST0088,PROD0036,25-11-2024,01-12-2024,-1,1072.18,10,156.48,1121.44,Net Banking,  Returned  ,East,In-Store,No
ORD01180,CUST0199,PROD0016,02-07-2024,03-07-2024,5,9295.74,15,209.38,39716.27,CREDIT CARD,shipped,N/A,Online,
ORD00656,CUST0132,PROD0017,27-05-2023,28-05-2023,1,5329.54,0,179.32,5508.86,debit card,Cancelled,west,Mobile app,
ORD00017,CUST0150,PROD0075,03-03-2024,05-03-2024,1,5250.56,5,82.47,5070.5,debit card,Returned,west,online,No
ORD01620,CUST0159,PROD0017,"Dec 25, 2023",24-12-2023,1,5329.54,0,29.79,5359.33,Cash on Delivery,Returned,North,Mobile App,No
ORD01157,CUST0067,PROD0050,"Sep 08, 2023",06-09-2023,1,17713.67,0,230.34,17944.01,Debit Card,Returned,South,Online,Yes
ORD00138,CUST0181,PROD0067,10-10-2024,12-10-2024,2,12277.6,0,94.16,24649.36,net banking,cancelled,south,Mobile App,No
ORD01286,CUST0014,PROD0045,23-06-2024,28-06-2024,1,13766.6,15,32.24,11733.85,debit card,  Delivered  ,  east  ,Mobile App,yes
ORD00698,CUST0075,PROD0065,07-03-2023,,1,1226.5,5,83.97,1249.14,debit card,returned,  East  ,  In-Store  ,yes
ORD01098,CUST0071,PROD0010,05-06-2024,06-06-2024,-1,9930.05,10,28.14,8965.18,cod,  Processing  ,N/A,in-store,No
ORD01605,CUST0018,PROD0028,15-06-2024,15-06-2024,4,20039.63,,8.44,80166.96,COD,Shipped,,in-store,no
ORD00449,CUST0184,PROD0016,"Mar 22, 2024",21-03-2024,5,9295.74,20,130.94,37313.9,Credit Card,Processing,North,Mobile app,No
ORD01528,CUST0047,PROD0026,24-11-2024,24-11-2024,4,21234.71,20,,68197.03,cod,delivered,South,Online,yes
ORD00328,CUST0166,PROD0045,04-04-2024,13-04-2024,4,13766.6,0,40.33,55106.73,UPI,Processing,west,In-Store,no
ORD00318,CUST0083,PROD0008,14-03-2023,20-03-2023,4,15504.24,0,99.71,62116.67,upi,shipped,  East  ,Online,No
ORD01415,CUST0109,PROD0058,"Nov 22, 2024","Nov 29, 2024",4,9834.07,0,236.75,39573.03,credit card,In-Transit,West,online,No
ORD00527,CUST0052,PROD0061,06-05-2024,08-05-2024,2,18867.21,0,239.77,37974.19,upi,cancelled,  East  ,Online,No
ORD00088,CUST0126,PROD0090,02-12-2024,01-12-2024,2,12088.33,0,75.12,24251.78,Debit Card,  Returned  ,West,  online  ,
ORD01625,CUST0029,PROD0044,20-02-2024,"Mar 01, 2024",2,15370.27,5,,29427.09,debit card,returned,North,Mobile app,No
ORD00149,CUST0103,PROD0079,02-11-2024,08-11-2024,2,₹14974.24,0,236.43,30184.91,net banking,shipped,West,  Online  ,
ORD01612,CUST0152,PROD0017,22-06-2023,21-06-2023,2,5329.54,0,229.26,10888.34,upi,cancelled,West,in-store,No
ORD01200,CUST0195,PROD0003,10-08-2023,20-08-2023,1,5104.15,20,230.96,4314.28,debit card,Processing,West,In-Store,No
ORD01634,CUST0045,PROD0066,25-04-2024,"May 01, 2024",2,16714.6,15,114.17,28528.99,,Returned,West,Mobile App,No
ORD00366,CUST0108,PROD0062,27-09-2024,,1,9273.98,5,34.42,8844.7,UPI,shipped,,in-store,No
ORD00590,CUST0192,PROD0083,"Jul 12, 2024",22-07-2024,1,17414.05,0,92.38,17506.43,credit card,cancelled,South,Online,No
ORD01503,CUST0081,PROD0040,15-01-2023,14-01-2023,-1,18476.06,0,162.2,18638.26,debit card,  DELIVERED  ,North,In-Store,No
ORD00199,CUST0177,PROD0042,"Apr 13, 2024",14-04-2024,4,17560.96,20,194.05,56389.12,Cash on Delivery,  Processing  ,N/A,  in-store  ,Yes
ORD01503,CUST0081,PROD0040,15-01-2023,14-01-2023,-1,18476.06,0,162.2,18638.26,debit card,  DELIVERED  ,North,In-Store,No
ORD00193,CUST0183,PROD0003,10-02-2023,11-02-2023,-1,5104.15,10,83.39,4677.12,Debit Card,returned,north,Online,no
ORD00405,CUST0109,PROD0022,13-03-2024,15-03-2024,2,21812.68,20,146.52,35046.81,CREDIT CARD,  shipped  ,  West  ,Mobile app,No
ORD01565,CUST0154,PROD0089,06-06-2023,15-06-2023,-1,21184.51,15,102.19,18109.02,UPI,Cancelled,West,in-store,No
ORD01539,CUST0051,PROD0069,"Mar 08, 2023",10-03-2023,4,18001.79,5,64.78,68471.58,UPI,Processing,west,Mobile app,Yes
ORD00484,CUST0094,PROD0003,06-11-2023,08-11-2023,-1,5104.15,0,174.83,5278.98,UPI,delivered,East,online,No
ORD01191,CUST0084,PROD0091,"Apr 15, 2024",23-04-2024,1,18810.69,20,12.45,15061,CREDIT CARD,Returned,East,in-store,yes
ORD00792,CUST0131,PROD0039,25-05-2024,03-06-2024,4,15091.15,0,238.03,60602.63,  Debit Card  ,  Shipped  ,west,In-Store,
ORD00800,CUST0198,PROD0043,05-12-2024,"Dec 08, 2024",2,11229.01,,108.83,22566.85,Net Banking,processing,  North  ,Mobile App,No
ORD00385,CUST0037,PROD0058,07-03-2023,"Mar 11, 2023",2,₹9834.07,15,227.58,16945.5,Net Banking,  Cancelled  ,north,  online  ,No
ORD00751,CUST0008,PROD0038,04-05-2023,05-05-2023,1,7505.7,0,16.76,7522.46,,Processing,north,Mobile App,No
ORD00423,CUST0071,PROD0081,30-10-2024,"Nov 04, 2024",3,3839.05,0,30,11547.15,  Net Banking  ,shipped,South,in-store,No
ORD00315,CUST0032,PROD0045,"Apr 06, 2023","Apr 07, 2023",2,13766.6,0,208.74,27741.94,Credit Card,  returned  ,,In-Store,No
ORD01022,CUST0183,PROD0011,"Nov 04, 2024",11-11-2024,4,13029,10,55.15,46959.55,debit card,Returned,  East  ,Mobile App,yes
ORD00544,CUST0151,PROD0050,04-11-2023,03-11-2023,1,17713.67,10,,16155.94,CREDIT CARD,processing,east,in-store,No
ORD00914,CUST0072,PROD0039,30-08-2023,03-09-2023,1,15091.15,15,27.37,12854.85,credit card,Delivered,East,Mobile app,
ORD00663,CUST0083,PROD0018,04-11-2023,"Nov 02, 2023",1,21702.52,10,177.09,19709.36,CREDIT CARD,DELIVERED,  west  ,In-Store,No
ORD00903,CUST0109,PROD0058,14-10-2024,24-10-2024,5,9834.07,10,160.79,44414.11,  CREDIT CARD  ,Cancelled,north,In-Store,Yes
ORD01389,CUST0110,PROD0002,22-01-2024,21-01-2024,1,10538.65,20,82.89,8513.81,credit card,cancelled,south,In-Store,No
ORD00686,CUST0008,PROD0080,09-02-2023,15-02-2023,1,2998.2,10,233.76,2932.14,Debit Card,Processing,East,in-store,no
ORD01667,CUST0007,PROD0069,09-09-2024,13-09-2024,3,18001.79,10,101.75,48706.58,Credit Card,shipped,west,Mobile App,no
ORD00160,CUST0177,PROD0021,03-03-2023,04-03-2023,2,6518.87,,209.74,13247.48,debit card,Cancelled,  North  ,  online  ,No
ORD01000,CUST0057,PROD0084,11-12-2023,"Dec 18, 2023",1,12225.64,15,,10478.32,Credit Card,Delivered,east,online,
ORD01587,CUST0114,PROD0093,15-03-2024,21-03-2024,2,6077.42,0,134.26,12289.1,credit card,shipped,N/A,In-Store,No
ORD01766,CUST0158,PROD0034,17-11-2023,24-11-2023,2,11290.33,0,105.44,22686.1,  credit card  ,DELIVERED,  North  ,  In-Store  ,No
ORD00203,CUST0030,PROD0091,05-04-2024,"Apr 13, 2024",3,18810.69,0,130.95,56563.02,Credit Card,DELIVERED,south,in-store,No
ORD01024,CUST0185,PROD0035,14-01-2024,19-01-2024,4,13720.55,10,124.84,49518.82,UPI,  Shipped  ,south,In-Store,No
ORD01524,CUST0127,PROD0099,19-01-2024,26-01-2024,2,17888.32,10,162.52,32361.5,cod,Returned,north,Online,No
ORD01181,,,21-04-2024,27-04-2024,1,6541.32,0,42.43,6583.75,  upi  ,DELIVERED,East,Online,No
ORD00113,CUST0088,PROD0047,"Feb 25, 2023",26-02-2023,5,1927.67,15,140.04,8332.64,Debit Card,  Delivered  ,south,  Mobile App  ,yes
ORD01796,CUST0006,PROD0075,18-07-2023,,1,5250.56,0,101.6,5352.16,debit card,Delivered,West,  Mobile App  ,yes
ORD01226,CUST0067,PROD0037,30-12-2024,29-12-2024,4,8588.37,10,34.3,30952.43,cod,Shipped,west,In-Store,No
ORD00981,CUST0076,PROD0050,"Sep 08, 2024",08-09-2024,1,17713.67,0,135.45,17849.12,upi,shipped,East,In-Store,No
ORD00923,CUST0159,PROD0008,"Mar 29, 2024",,1,15504.24,20,106.55,12509.94,COD,delivered,south,Mobile App,No
ORD01476,CUST0191,PROD0040,"Oct 15, 2024",18-10-2024,1,₹18476.06,0,148.61,18624.67,Credit Card,Processing,West,Mobile App,No
ORD01579,CUST0109,PROD0057,16-02-2024,24-02-2024,2,12771.68,15,249.55,21961.41,net banking,Processing,east,Online,No
ORD01409,CUST0031,PROD0003,11-11-2023,"Nov 15, 2023",1,5104.15,15,1.45,4339.98,credit card,DELIVERED,North,online,no
ORD01740,CUST0104,PROD0037,26-04-2023,29-04-2023,2,8588.37,,72.93,17249.67,  Debit Card  ,Returned,east,online,
ORD00816,CUST0077,PROD0053,24-01-2023,"Jan 22, 2023",2,3950.23,15,46.19,6761.58,credit card,shipped,south,  Mobile App  ,No
ORD01448,CUST0190,PROD0069,26-01-2023,29-01-2023,1,18001.79,0,229.61,18231.4,Net Banking,returned,,In-Store,No
ORD01422,CUST0099,PROD0057,31-12-2023,07-01-2024,-1,12771.68,5,166,12299.1,  UPI  ,returned,West,Mobile App,No
ORD00680,CUST0185,PROD0036,06-08-2024,08-08-2024,1,1072.18,,107.71,1179.89,debit card,Cancelled,West,in-store,
ORD01094,CUST0152,PROD0054,16-08-2024,22-08-2024,2,16339.85,10,87.49,29499.22,upi,cancelled,south,Mobile app,no
ORD00081,CUST0007,PROD0027,24-06-2023,02-07-2023,2,6491.69,0,118.39,13101.77,COD,  returned  ,east,In-Store,No
ORD01749,CUST0133,PROD0084,25-09-2024,30-09-2024,-1,12225.64,,235.18,12460.82,  credit card  ,Shipped,  north  ,  Online  ,No
ORD01335,CUST0140,PROD0037,"Oct 27, 2024",26-10-2024,5,8588.37,10,185.18,38832.85,CREDIT CARD,  delivered  ,N/A,Mobile app,No
ORD01523,CUST0092,PROD0060,17-04-2024,21-04-2024,1,21989,20,222.55,17813.75,Cash on Delivery,returned,,online,yes
ORD00753,CUST0090,PROD0088,17-05-2024,"May 15, 2024",4,16043.08,0,240.69,64413.01,COD,delivered,west,online,No
ORD01347,CUST0179,PROD0068,"Jan 18, 2024",24-01-2024,1,3558.79,0,24.98,3583.77,credit card,delivered,north,  In-Store  ,No
ORD01055,CUST0155,PROD0076,08-09-2023,"Sep 18, 2023",2,16298.66,10,68.95,29406.54,net banking,processing,N/A,In-Store,No
ORD00243,CUST0118,PROD0098,24-10-2023,01-11-2023,2,16965.86,0,138.62,34070.34,UPI,Returned,South,Mobile app,No
ORD01333,CUST0145,PROD0012,06-12-2023,12-12-2023,3,1389.5,10,160.63,3912.28,credit card,returned,south,Mobile app,
ORD00642,CUST0192,PROD0028,08-07-2023,11-07-2023,5,20039.63,5,115.2,95303.44,,delivered,east,online,No
ORD00697,CUST0197,PROD0025,04-08-2023,13-08-2023,3,15641.95,0,142.2,47068.05,COD,Delivered,  east  ,online,No
ORD00210,CUST0075,PROD0025,02-01-2023,01-01-2023,1,15641.95,,156.37,15798.32,  UPI  ,Cancelled,N/A,  Mobile app  ,No
ORD00280,CUST0169,PROD0066,30-08-2024,,5,16714.6,0,227.13,83800.13,Cash on Delivery,Shipped,,In-Store,No
ORD00771,CUST0111,PROD0031,25-08-2023,,2,15661.2,15,210.19,26834.23,upi,Shipped,N/A,in-store,No
ORD01743,CUST0007,PROD0073,24-09-2024,01-10-2024,-1,10432.09,20,52.27,8397.94,  credit card  ,delivered,South,Online,Yes
ORD00436,CUST0115,PROD0022,21-11-2024,"Dec 01, 2024",-1,21812.68,5,43.7,20765.75,CREDIT CARD,Cancelled,South,Mobile App,No
ORD01064,CUST0010,PROD0039,01-08-2023,04-08-2023,1,15091.15,0,57.1,15148.25,  upi  ,cancelled,south,In-Store,No
ORD00975,CUST0047,PROD0001,14-01-2024,16-01-2024,3,21533.94,20,109.38,51790.84,upi,shipped,South,Online,No
ORD00552,CUST0105,PROD0084,19-01-2024,24-01-2024,2,12225.64,0,,24491.36,UPI,  returned  ,N/A,in-store,No
ORD01386,CUST0165,PROD0066,21-11-2024,"Nov 27, 2024",2,16714.6,0,96.38,33525.58,Debit Card,Returned,N/A,in-store,No
ORD01540,CUST0151,PROD0095,15-04-2023,15-04-2023,1,14966.39,15,38.68,12760.11,credit card,Cancelled,south,Mobile App,No
ORD01014,CUST0057,PROD0017,14-05-2023,23-05-2023,5,5329.54,,89.79,26737.49,CREDIT CARD,returned,South,online,No
ORD00253,CUST0051,PROD0096,24-11-2024,27-11-2024,2,1277.29,0,81.53,2636.11,Net Banking,Processing,west,Online,No
ORD00467,CUST0016,PROD0083,02-02-2023,09-02-2023,1,17414.05,0,2.72,17416.77,net banking,shipped,West,  online  ,yes
ORD01467,CUST0160,PROD0008,10-03-2024,17-03-2024,2,15504.24,0,150.88,31159.36,upi,  In-Transit  ,  west  ,Online,No
ORD01298,CUST0011,PROD0032,24-12-2024,28-12-2024,2,8752.87,15,158.57,15038.45,Net Banking,shipped,south,in-store,No
ORD00278,CUST0107,PROD0059,20-03-2023,19-03-2023,1,2138.13,0,119.88,2258.01,UPI,DELIVERED,north,Online,Yes
ORD01070,CUST0028,PROD0080,"Sep 07, 2024",07-09-2024,2,2998.2,0,96.58,6092.98,  UPI  ,  returned  ,South,In-Store,No
ORD01018,CUST0104,PROD0072,13-01-2024,17-01-2024,4,22878.54,,238.51,91752.67,  upi  ,Cancelled,south,Online,No
ORD01314,CUST0196,PROD0018,07-12-2023,13-12-2023,2,21702.52,0,117.16,43522.2,Net Banking,  shipped  ,  N/A  ,online,No
ORD00723,CUST0025,PROD0003,05-02-2024,10-02-2024,1,5104.15,10,84.33,4678.06,Debit Card,  Shipped  ,west,in-store,no
ORD00156,CUST0072,PROD0051,16-08-2023,"Aug 26, 2023",1,₹4843.02,0,131.43,4974.45,CREDIT CARD,Returned,South,Mobile app,yes
ORD00787,CUST0056,PROD0081,"Jun 17, 2024","Jun 20, 2024",1,3839.05,,100.85,3939.9,Cash on Delivery,delivered,  west  ,online,No
ORD01536,CUST0037,PROD0046,10-06-2024,"Jun 13, 2024",2,6541.32,10,225.18,11999.56,net banking,returned,south,Mobile app,No
ORD01669,CUST0193,PROD0010,31-03-2024,05-04-2024,2,9930.05,,78.3,19938.4,credit card,delivered,South,  online  ,No
ORD01361,CUST0121,PROD0076,16-10-2024,"Oct 17, 2024",-1,16298.66,0,103.82,16402.48,COD,Shipped,west,Online,No
ORD01295,CUST0161,PROD0093,04-06-2023,04-06-2023,5,6077.42,,116.86,30503.96,Credit Card,cancelled,east,Mobile App,Yes
ORD00907,CUST0199,PROD0086,09-04-2024,,-1,1008.99,5,182.39,1140.93,COD,Returned,  East  ,  Online  ,No
ORD00564,CUST0188,PROD0086,30-04-2023,03-05-2023,1,1008.99,5,181.84,1140.38,credit card,In-Transit,south,Online,No
ORD00389,CUST0022,PROD0071,03-11-2024,04-11-2024,5,1509.25,0,117.7,7663.95,credit card,  returned  ,east,In-Store,No
ORD00023,CUST0020,PROD0088,15-10-2023,,1,16043.08,0,232.19,16275.27,upi,  delivered  ,north,  In-Store  ,
ORD01753,CUST0008,PROD0041,26-08-2023,25-08-2023,4,1025.38,0,32.83,4134.35,COD,DELIVERED,west,  Online  ,No
ORD00125,CUST0062,PROD0083,20-09-2024,27-09-2024,2,17414.05,0,170.64,34998.74,net banking,Cancelled,  N/A  ,in-store,No
ORD01447,CUST0145,PROD0069,19-04-2023,19-04-2023,3,18001.79,15,155.62,46060.18,debit card,  Delivered  ,N/A,In-Store,yes
ORD00774,CUST0053,PROD0087,18-05-2024,22-05-2024,-1,3803.82,15,80.52,3313.77,  cod  ,delivered,,Mobile app,No
ORD00881,CUST0189,PROD0063,04-12-2024,"Dec 11, 2024",5,6598.24,5,189.47,31531.11,net banking,  processing  ,  south  ,online,No
ORD01145,CUST0098,PROD0073,12-02-2023,21-02-2023,-1,10432.09,,221.15,10653.24,cod,shipped,east,Online,Yes
ORD01167,CUST0039,PROD0034,29-08-2023,01-09-2023,-1,11290.33,20,20.77,9053.03,CREDIT CARD,Returned,East,online,No
ORD00051,CUST0157,PROD0084,18-06-2023,"Jun 23, 2023",3,12225.64,5,157.02,35000.09,credit card,DELIVERED,South,in-store,yes
ORD01387,CUST0025,PROD0029,07-11-2024,14-11-2024,5,13437.78,10,,60702.8,  net banking  ,Cancelled,south,  online  ,
ORD01449,CUST0152,PROD0046,10-02-2024,13-02-2024,1,6541.32,,,6561.39,UPI,Delivered,North,  Mobile app  ,yes
ORD01106,CUST0200,PROD0017,30-04-2023,03-05-2023,3,5329.54,20,218.06,13008.96,  credit card  ,Processing,North,Mobile App,No
ORD00704,CUST0096,PROD0083,"Nov 11, 2023",12-11-2023,4,17414.05,0,117.56,69773.76,upi,Delivered,West,In-Store,No
ORD00483,CUST0116,PROD0017,11-10-2024,"Oct 16, 2024",1,5329.54,0,54.66,5384.2,  Debit Card  ,  Shipped  ,,Online,No
ORD01146,CUST0146,PROD0022,14-07-2024,24-07-2024,1,21812.68,,208.56,22021.24,Debit Card,shipped,north,In-Store,No
ORD00628,CUST0134,PROD0048,23-01-2024,,1,14926.77,,43.85,14970.62,Debit Card,DELIVERED,north,in-store,Yes
ORD00067,CUST0027,PROD0018,05-05-2023,03-05-2023,1,21702.52,5,32.68,20650.07,Credit Card,delivered,West,Mobile app,No
ORD01710,CUST0158,PROD0066,"Feb 11, 2024",17-02-2024,1,16714.6,10,193.99,15237.13,  COD  ,Delivered,west,In-Store,No
ORD00734,CUST0140,PROD0008,21-06-2024,25-06-2024,4,15504.24,0,137.02,62153.98,  Debit Card  ,Shipped,North,Mobile app,Yes
ORD01773,CUST0052,PROD0004,09-06-2024,18-06-2024,-1,10787.53,0,75.05,10862.58,credit card,DELIVERED,north,Mobile App,No
ORD00802,CUST0193,PROD0073,17-12-2024,17-12-2024,1,10432.09,0,238.57,10670.66,Cash on Delivery,  Returned  ,north,In-Store,no
ORD00716,CUST0032,PROD0008,22-12-2024,,2,15504.24,0,46.39,31054.87,credit card,cancelled,south,  Mobile app  ,no
ORD01755,CUST0102,PROD0054,"Mar 21, 2023",24-03-2023,2,16339.85,15,155.65,27933.4,debit card,delivered,N/A,  Online  ,No
ORD00908,CUST0056,PROD0026,29-03-2024,08-04-2024,2,21234.71,0,239.17,42708.59,  Debit Card  ,In-Transit,east,In-Store,no
ORD00032,CUST0065,PROD0085,"Jun 07, 2023",16-06-2023,4,4165.37,20,18.49,13347.67,upi,returned,North,Mobile App,
ORD00418,CUST0177,PROD0016,08-10-2023,,5,9295.74,5,123.76,44278.52,cod,  Shipped  ,North,In-Store,no
ORD00882,CUST0059,PROD0074,"Apr 05, 2024",14-04-2024,1,4666.71,,196.4,4863.11,Net Banking,In-Transit,North,online,no
ORD00633,CUST0185,PROD0057,20-10-2024,21-10-2024,5,12771.68,0,62.94,63921.34,debit card,processing,north,Mobile App,No
ORD01621,CUST0194,PROD0062,22-08-2024,25-08-2024,-1,9273.98,0,148.35,9422.33,Debit Card,Processing,west,Online,No
ORD01430,CUST0028,PROD0049,09-01-2024,18-01-2024,4,17373.31,15,192.97,59262.22,  upi  ,returned,West,In-Store,No
ORD00065,CUST0043,PROD0058,22-04-2024,25-04-2024,4,9834.07,0,133.98,39470.26,COD,shipped,,  Online  ,No
ORD01611,CUST0114,PROD0053,06-11-2023,06-11-2023,3,3950.23,15,200.18,10273.27,  upi  ,Delivered,East,Online,No
ORD01596,CUST0065,PROD0049,10-08-2024,11-08-2024,3,₹17373.31,0,6.5,52126.43,net banking,Shipped,West,Online,yes
ORD00078,CUST0123,PROD0074,28-10-2024,07-11-2024,2,4666.71,0,112.82,9446.24,upi,DELIVERED,South,in-store,Yes
ORD00492,CUST0037,PROD0081,"Jan 24, 2023",01-02-2023,1,3839.05,0,114.78,3953.83,Net Banking,Cancelled,West,online,No
ORD01301,CUST0141,PROD0075,21-12-2024,27-12-2024,1,5250.56,0,,5332.95,  CREDIT CARD  ,processing,west,online,No
ORD01516,CUST0053,PROD0037,11-12-2024,,3,8588.37,20,143.87,20755.96,Credit Card,processing,south,online,No
ORD00533,CUST0074,PROD0029,26-07-2023,04-08-2023,1,13437.78,20,203.46,10953.68,CREDIT CARD,Delivered,south,online,Yes
ORD00066,CUST0084,PROD0019,04-04-2023,13-04-2023,2,7411.92,15,99.06,12699.32,Net Banking,returned,N/A,In-Store,No
ORD01679,CUST0150,PROD0059,"Jul 17, 2023",23-07-2023,2,2138.13,10,241.99,4090.62,Credit Card,processing,N/A,in-store,No
ORD00297,CUST0145,PROD0094,03-10-2024,01-10-2024,-1,5579.66,5,91.07,5391.75,credit card,processing,West,online,No
ORD00592,CUST0004,PROD0086,"Feb 17, 2024",21-02-2024,1,1008.99,0,48.23,1057.22,Debit Card,In-Transit,N/A,online,No
ORD00768,CUST0166,PROD0064,"Jan 19, 2024",20-01-2024,4,13808.45,,179.26,55413.06,upi,returned,east,Online,No
ORD00725,CUST0079,PROD0081,"Jun 12, 2023",15-06-2023,2,3839.05,20,152.91,6295.39,CREDIT CARD,Cancelled,,online,No
ORD01690,CUST0066,PROD0093,07-04-2024,09-04-2024,1,₹6077.42,0,16.1,6093.52,UPI,cancelled,west,online,No
ORD00627,CUST0055,PROD0075,"Nov 07, 2023","Nov 07, 2023",1,5250.56,10,91.04,4816.54,  UPI  ,processing,East,  in-store  ,yes
ORD00314,CUST0014,PROD0030,07-07-2023,05-07-2023,5,₹509.37,10,40.89,2333.05,  Net Banking  ,Returned,  west  ,Online,No
ORD01732,CUST0066,PROD0016,24-03-2024,,1,9295.74,15,48.97,7950.35,cod,In-Transit,east,in-store,No
ORD01213,CUST0169,PROD0095,29-06-2024,01-07-2024,3,14966.39,0,67.62,44966.79,UPI,Delivered,south,Online,No
ORD01601,CUST0068,PROD0044,"Apr 30, 2023","May 10, 2023",1,15370.27,10,135.71,13968.95,Debit Card,delivered,N/A,Online,no
ORD00252,CUST0065,PROD0043,23-09-2024,03-10-2024,5,11229.01,0,,56171.16,credit card,Shipped,  west  ,in-store,no
ORD01808,CUST0139,PROD0056,05-01-2024,14-01-2024,2,24757.48,5,207.24,47246.45,  CREDIT CARD  ,  delivered  ,North,  Online  ,No
ORD01306,CUST0176,PROD0065,"Feb 21, 2024",23-02-2024,3,1226.5,,166.38,3845.88,UPI,delivered,East,  Mobile App  ,No
ORD01559,CUST0195,PROD0016,29-10-2024,28-10-2024,5,9295.74,20,64.29,37247.25,  COD  ,cancelled,  north  ,Online,no
ORD00983,CUST0012,PROD0041,"Mar 21, 2024",31-03-2024,-1,1025.38,0,,1026.1,cod,  Delivered  ,South,Mobile app,No
ORD01761,CUST0109,PROD0023,17-07-2023,,1,24502.56,,124.93,24627.49,Cash on Delivery,Returned,West,Online,no
ORD00707,CUST0017,PROD0011,22-01-2023,20-01-2023,1,13029,15,213.15,11287.8,credit card,Cancelled,,Mobile App,no
ORD00488,CUST0107,PROD0005,"Jan 16, 2023","Jan 14, 2023",1,2915.38,15,210.19,2688.26,upi,Shipped,N/A,online,No
ORD00274,CUST0071,PROD0064,10-03-2023,17-03-2023,3,13808.45,,141.39,41566.74,cod,Processing,North,Mobile App,No
ORD01496,CUST0092,PROD0096,30-10-2023,02-11-2023,-1,1277.29,15,125.88,1211.58,credit card,DELIVERED,west,Mobile App,No
ORD01805,CUST0167,PROD0011,"Apr 16, 2023",23-04-2023,-1,13029,5,15.09,12392.64,Net Banking,Shipped,N/A,in-store,yes
ORD00964,CUST0126,PROD0022,01-02-2023,02-02-2023,-1,21812.68,20,171.27,17621.41,credit card,Processing,east,  In-Store  ,yes
ORD00878,CUST0120,PROD0064,13-07-2024,"Jul 20, 2024",3,13808.45,20,30.32,33170.6,CREDIT CARD,Processing,south,Online,No
ORD01680,CUST0196,PROD0025,"Jun 27, 2024",29-06-2024,4,15641.95,0,191.04,62758.84,  Credit Card  ,shipped,north,in-store,No
ORD01801,CUST0120,PROD0072,16-04-2023,16-04-2023,2,₹22878.54,15,112.12,39005.64,Cash on Delivery,shipped,N/A,Mobile App,No
ORD00412,CUST0122,PROD0085,17-12-2024,"Dec 16, 2024",4,4165.37,10,151.79,15147.12,Net Banking,  delivered  ,north,  Mobile app  ,no
ORD00668,CUST0065,PROD0046,27-03-2023,25-03-2023,1,6541.32,,60.69,6602.01,cod,Returned,  N/A  ,in-store,no
ORD01263,CUST0079,PROD0063,21-09-2023,20-09-2023,1,6598.24,15,56.38,5664.88,Credit Card,Delivered,west,online,No
ORD00150,CUST0133,PROD0090,26-08-2023,02-09-2023,1,12088.33,0,89.93,12178.26,upi,cancelled,,  In-Store  ,Yes
ORD00645,CUST0190,PROD0020,28-10-2024,31-10-2024,1,9020.42,0,161.96,9182.38,Cash on Delivery,  cancelled  ,North,Online,No
ORD01594,CUST0187,PROD0018,16-12-2023,16-12-2023,4,21702.52,0,35.15,86845.23,debit card,returned,North,In-Store,
ORD00219,CUST0099,PROD0007,"Mar 30, 2023",03-04-2023,4,2136.66,0,176.17,8722.81,cod,processing,N/A,Online,no
ORD00240,CUST0052,PROD0079,07-02-2024,07-02-2024,5,14974.24,0,35.97,74907.17,credit card,delivered,,Mobile app,No
ORD01132,CUST0105,PROD0034,"Feb 13, 2023",16-02-2023,1,11290.33,0,47.23,11337.56,Net Banking,cancelled,  West  ,online,No
ORD01217,CUST0184,PROD0070,"Nov 12, 2024","Nov 14, 2024",4,2262.55,10,14.33,8159.51,Debit Card,In-Transit,N/A,In-Store,yes
ORD00793,CUST0130,PROD0047,27-02-2024,07-03-2024,4,1927.67,20,141.64,6310.18,UPI,  Delivered  ,  east  ,online,No
ORD00192,CUST0028,PROD0003,"Oct 27, 2023",04-11-2023,4,5104.15,5,244.95,19640.72,credit card,  DELIVERED  ,West,  in-store  ,
ORD00334,CUST0088,PROD0037,01-06-2024,01-06-2024,1,8588.37,10,93.11,7822.64,Debit Card,DELIVERED,east,online,no
ORD01313,CUST0087,PROD0075,05-10-2024,,-1,5250.56,0,35.09,5285.65,  Credit Card  ,Shipped,South,Mobile App,
ORD01316,CUST0102,PROD0090,10-06-2024,20-06-2024,2,12088.33,0,142.64,24319.3,COD,Cancelled,N/A,online,yes
ORD00963,CUST0183,PROD0058,"Oct 20, 2023",30-10-2023,-1,9834.07,,170.54,10004.61,  Debit Card  ,Shipped,north,Mobile app,No
ORD01498,CUST0028,PROD0091,06-07-2023,15-07-2023,2,18810.69,20,202.77,30299.87,credit card,Shipped,N/A,Mobile App,No
ORD01406,CUST0142,PROD0026,30-11-2024,"Dec 05, 2024",4,21234.71,15,142.53,72340.54,  COD  ,Delivered,  east  ,Mobile App,No
ORD01641,CUST0200,PROD0001,14-04-2024,,1,21533.94,15,10.38,18314.23,UPI,processing,east,in-store,No
ORD01606,CUST0037,PROD0049,17-08-2023,,5,17373.31,0,219.84,87086.39,Debit Card,Cancelled,South,In-Store,no
ORD00583,CUST0090,PROD0082,26-07-2024,27-07-2024,3,13459.02,0,231.97,40609.03,upi,shipped,N/A,in-store,No
ORD00729,CUST0144,PROD0019,"Oct 07, 2023",10-10-2023,5,7411.92,15,151.19,31651.85,cod,Delivered,West,  in-store  ,yes
ORD01655,CUST0015,PROD0001,19-06-2023,,2,21533.94,0,32.41,43100.29,credit card,DELIVERED,south,Online,
ORD00840,CUST0060,PROD0017,"Sep 04, 2023","Sep 02, 2023",-1,5329.54,0,60.37,5389.91,CREDIT CARD,  DELIVERED  ,North,online,No
ORD00628,CUST0134,PROD0048,23-01-2024,,1,14926.77,,43.85,14970.62,Debit Card,DELIVERED,north,in-store,Yes
ORD00324,CUST0186,PROD0063,07-11-2023,14-11-2023,3,6598.24,20,201.16,16036.94,Debit Card,Delivered,  West  ,online,No
ORD01632,CUST0166,PROD0040,05-11-2023,05-11-2023,5,18476.06,,62.35,92442.65,credit card,cancelled,,online,Yes
ORD01161,CUST0197,PROD0037,02-01-2023,02-01-2023,4,8588.37,0,8.42,34361.9,  Net Banking  ,Shipped,  south  ,Mobile app,no
ORD00779,CUST0074,PROD0071,26-04-2024,30-04-2024,1,1509.25,5,4.3,1438.09,CREDIT CARD,returned,South,online,yes
ORD01077,CUST0157,PROD0099,17-11-2023,18-11-2023,5,17888.32,,64.34,89505.94,upi,Shipped,  north  ,In-Store,No
ORD00940,CUST0196,PROD0083,"Nov 15, 2024",14-11-2024,1,17414.05,,168.59,17582.64,CREDIT CARD,Returned,east,in-store,no
ORD00438,CUST0015,PROD0046,07-01-2023,,5,6541.32,15,74.59,27875.2,  credit card  ,cancelled,  west  ,In-Store,No
ORD00120,CUST0158,PROD0087,29-07-2024,30-07-2024,-1,3803.82,20,59.4,3102.46,COD,  Cancelled  ,  N/A  ,Online,No
ORD01278,CUST0143,PROD0058,07-01-2023,08-01-2023,4,9834.07,20,12.1,31481.12,UPI,Delivered,  East  ,Mobile app,Yes
ORD01553,CUST0184,PROD0073,"Oct 24, 2023",26-10-2023,1,10432.09,0,64.9,10496.99,Cash on Delivery,Cancelled,South,Mobile app,No
ORD01027,CUST0071,PROD0018,03-09-2023,06-09-2023,1,21702.52,10,45.4,19577.67,net banking,Processing,  West  ,In-Store,No
ORD01254,CUST0104,PROD0060,10-09-2024,"Sep 20, 2024",-1,21989,20,70.93,17662.13,COD,DELIVERED,East,Mobile app,No
ORD01369,CUST0073,PROD0075,01-11-2024,10-11-2024,1,5250.56,0,,5262.45,upi,cancelled,South,online,Yes
ORD00077,CUST0054,PROD0032,10-12-2024,,3,8752.87,10,196.76,23829.51,upi,Returned,east,Mobile App,Yes
ORD01054,CUST0073,PROD0053,04-11-2024,08-11-2024,2,3950.23,10,243.09,7353.5,credit card,shipped,,Online,No
ORD00901,CUST0079,PROD0048,16-10-2024,17-10-2024,2,14926.77,0,239.62,30093.16,Credit Card,Cancelled,south,online,No
ORD00372,CUST0112,PROD0092,08-03-2023,07-03-2023,1,6775.54,0,198.72,6974.26,Credit Card,Processing,,In-Store,yes
ORD01062,CUST0068,PROD0053,01-08-2023,09-08-2023,1,3950.23,0,75.31,4025.54,upi,returned,North,Online,yes
ORD01432,CUST0020,PROD0098,22-09-2023,23-09-2023,1,16965.86,,5.31,16971.17,COD,Processing,South,Online,yes
ORD01346,CUST0135,PROD0067,22-04-2024,"Apr 29, 2024",3,12277.6,5,15.88,35007.04,upi,cancelled,  South  ,  in-store  ,No
ORD00942,CUST0125,PROD0037,21-11-2024,01-12-2024,-1,8588.37,5,83.33,8242.28,COD,cancelled,East,Mobile App,
ORD00578,CUST0106,PROD0040,"Dec 12, 2023",12-12-2023,1,18476.06,15,172.25,15876.9,  Net Banking  ,returned,west,Mobile App,No
ORD00820,CUST0056,PROD0094,26-12-2024,26-12-2024,1,5579.66,5,247.41,5548.09,Net Banking,  returned  ,West,Online,No
ORD01459,CUST0072,PROD0023,09-09-2024,19-09-2024,2,24502.56,0,174.24,49179.36,debit card,  processing  ,south,  Mobile app  ,Yes
ORD01481,CUST0200,PROD0007,30-04-2024,28-04-2024,5,2136.66,0,108.43,10791.73,UPI,delivered,East,In-Store,No
ORD01721,CUST0178,PROD0046,12-09-2023,20-09-2023,1,6541.32,10,92.74,5979.93,Debit Card,In-Transit,south,online,No
ORD01370,CUST0192,PROD0010,27-09-2024,04-10-2024,1,9930.05,5,72.99,9506.54,debit card,returned,north,In-Store,No
ORD00887,CUST0161,PROD0070,03-06-2024,"Jun 08, 2024",1,2262.55,,22.92,2285.47,COD,DELIVERED,North,in-store,No
ORD00969,CUST0081,PROD0062,15-08-2024,24-08-2024,1,9273.98,,,9300.14,cod,Processing,N/A,Mobile app,yes
ORD01700,CUST0025,PROD0016,03-01-2024,01-01-2024,3,9295.74,0,163.55,28050.77,UPI,DELIVERED,south,Mobile App,No
ORD00786,CUST0132,PROD0071,03-05-2024,"May 01, 2024",5,1509.25,0,88.12,7634.37,cod,returned,north,Online,No
ORD01754,CUST0073,PROD0039,12-04-2024,15-04-2024,4,15091.15,5,215.39,57561.76,CREDIT CARD,returned,west,in-store,Yes
ORD01689,CUST0045,PROD0080,24-11-2023,"Nov 27, 2023",5,2998.2,,192.39,15183.39,Cash on Delivery,Cancelled,  south  ,Online,No
ORD00302,CUST0029,PROD0041,12-07-2024,16-07-2024,5,1025.38,5,,5111.39,Cash on Delivery,Delivered,  North  ,  Mobile app  ,No
ORD00690,CUST0011,PROD0025,02-04-2023,04-04-2023,-1,15641.95,0,160.23,15802.18,net banking,Delivered,east,Mobile app,No
ORD00813,CUST0095,PROD0026,12-02-2023,,5,21234.71,5,0.93,100865.8,  cod  ,  Delivered  ,south,online,No
ORD01062,CUST0068,PROD0053,01-08-2023,09-08-2023,1,3950.23,0,75.31,4025.54,upi,returned,North,Online,yes
ORD00237,CUST0081,PROD0071,11-01-2023,19-01-2023,1,1509.25,0,2.99,1512.24,Credit Card,Delivered,,  Online  ,No
ORD01116,CUST0092,PROD0055,03-12-2024,08-12-2024,2,18803.89,10,69.8,33916.8,upi,Processing,  South  ,Mobile App,No
ORD01346,CUST0135,PROD0067,22-04-2024,"Apr 29, 2024",3,12277.6,5,15.88,35007.04,upi,cancelled,  South  ,  in-store  ,No
ORD00500,CUST0194,PROD0056,22-11-2023,25-11-2023,2,24757.48,5,12.41,47051.62,  UPI  ,Processing,east,In-Store,yes
ORD01646,CUST0050,PROD0059,"Aug 04, 2023",07-08-2023,4,2138.13,10,4.44,7701.71,Cash on Delivery,  Returned  ,N/A,in-store,
ORD01080,CUST0172,PROD0093,07-06-2023,15-06-2023,4,₹6077.42,0,206.67,24516.35,debit card,Processing,  N/A  ,  Online  ,
ORD01327,CUST0125,PROD0057,30-08-2023,08-09-2023,1,12771.68,0,,12981.65,  UPI  ,Returned,North,Mobile App,No
ORD00795,CUST0087,PROD0021,04-09-2024,07-09-2024,4,6518.87,0,25.16,26100.64,cod,processing,East,Online,No
ORD00793,CUST0130,PROD0047,27-02-2024,07-03-2024,4,1927.67,20,141.64,6310.18,UPI,  Delivered  ,  east  ,online,No
ORD01521,CUST0056,PROD0050,02-12-2023,06-12-2023,1,17713.67,0,236.34,17950.01,upi,  returned  ,,online,No
ORD00884,CUST0101,PROD0087,06-11-2024,09-11-2024,1,3803.82,15,134.77,3368.02,COD,DELIVERED,  South  ,in-store,No
ORD00991,CUST0087,PROD0020,"Mar 06, 2024",12-03-2024,1,9020.42,20,215.51,7431.85,  cod  ,  shipped  ,north,  in-store  ,
ORD01362,CUST0006,PROD0064,02-08-2023,07-08-2023,1,13808.45,20,14.73,11061.49,Net Banking,returned,  North  ,in-store,no
ORD00935,CUST0123,PROD0074,30-09-2023,"Oct 01, 2023",2,4666.71,0,190.55,9523.97,  credit card  ,Processing,west,Online,No
ORD00388,CUST0019,PROD0082,12-12-2024,20-12-2024,5,₹13459.02,20,85.91,53921.99,CREDIT CARD,Cancelled,  west  ,online,No
ORD01460,CUST0062,PROD0072,30-01-2023,29-01-2023,4,22878.54,0,83.77,91597.93,debit card,Cancelled,North,  Mobile app  ,No
ORD00391,CUST0014,PROD0077,05-01-2023,03-01-2023,4,10379.71,5,232.21,39675.11,UPI,Shipped,  South  ,In-Store,Yes
ORD00744,CUST0198,PROD0036,27-12-2024,29-12-2024,5,1072.18,5,200.49,5293.35,,processing,North,in-store,no
ORD00353,CUST0043,PROD0001,03-03-2023,08-03-2023,2,21533.94,10,209.87,38970.96,cod,returned,,Online,No
ORD01218,CUST0180,PROD0056,28-12-2024,,5,24757.48,0,101.13,123888.53,Cash on Delivery,DELIVERED,  south  ,Mobile App,yes
ORD00236,CUST0137,PROD0082,29-12-2023,"Jan 02, 2024",2,13459.02,15,67.58,22947.91,  cod  ,  processing  ,,  In-Store  ,No
ORD01696,CUST0003,PROD0058,"May 18, 2023",18-05-2023,2,9834.07,15,9.57,16727.49,COD,shipped,West,  online  ,No
ORD00481,CUST0088,PROD0097,01-11-2023,01-11-2023,2,18995.32,15,235.49,32527.53,  Cash on Delivery  ,cancelled,North,in-store,
ORD00568,CUST0064,PROD0085,11-03-2024,10-03-2024,1,4165.37,,239.08,4404.45,Net Banking,Processing,  east  ,Mobile app,No
ORD01141,CUST0046,PROD0048,22-03-2023,27-03-2023,2,14926.77,0,46.38,29899.92,Cash on Delivery,Delivered,North,In-Store,No
ORD01671,CUST0059,PROD0030,27-08-2023,04-09-2023,-1,509.37,10,165.9,624.33,credit card,Returned,North,In-Store,yes
ORD00236,CUST0137,PROD0082,29-12-2023,"Jan 02, 2024",2,13459.02,15,67.58,22947.91,  cod  ,  processing  ,,  In-Store  ,No
ORD01556,CUST0054,PROD0006,23-03-2024,29-03-2024,-1,6650.61,15,106.77,5759.79,Credit Card,Processing,east,Mobile App,No
ORD00121,CUST0065,PROD0026,27-09-2024,"Oct 07, 2024",5,21234.71,5,227.87,101092.74,  Debit Card  ,shipped,west,In-Store,Yes
ORD01716,CUST0061,PROD0025,23-02-2024,01-03-2024,3,15641.95,0,238.48,47164.33,  CREDIT CARD  ,processing,east,Mobile App,No
ORD01025,CUST0145,PROD0061,05-10-2023,09-10-2023,4,18867.21,20,240.57,60615.64,Credit Card,returned,  North  ,in-store,No
ORD01087,CUST0189,PROD0071,21-01-2023,19-01-2023,2,1509.25,20,105.56,2520.36,Debit Card,In-Transit,East,in-store,No
ORD01273,CUST0185,PROD0078,25-07-2024,"Jul 30, 2024",1,13015.36,0,10.26,13025.62,COD,shipped,West,  Online  ,No
ORD00927,CUST0004,PROD0067,"Apr 10, 2023",,3,12277.6,,26.85,36859.65,Net Banking,delivered,  West  ,  in-store  ,No
ORD00516,CUST0097,PROD0082,"Apr 21, 2023",23-04-2023,-1,13459.02,,246.83,13705.85,debit card,shipped,West,  Online  ,yes
ORD00224,CUST0104,PROD0009,04-09-2024,03-09-2024,4,9274.78,15,123.57,31657.82,  Credit Card  ,DELIVERED,East,online,no
ORD01468,CUST0009,PROD0092,04-12-2023,13-12-2023,-1,6775.54,0,229.42,7004.96,CREDIT CARD,  Shipped  ,north,In-Store,
ORD00614,CUST0182,PROD0042,"Aug 15, 2023",14-08-2023,2,17560.96,,146.98,35268.9,UPI,Cancelled,west,In-Store,No
ORD00844,CUST0123,PROD0037,17-05-2024,23-05-2024,1,8588.37,0,43.93,8632.3,Net Banking,Delivered,  North  ,in-store,No
ORD01246,CUST0013,PROD0027,01-02-2023,07-02-2023,-1,6491.69,0,129.4,6621.09,net banking,DELIVERED,north,Mobile App,yes
ORD00053,CUST0049,PROD0096,06-02-2024,"Feb 08, 2024",1,1277.29,5,123.72,1337.15,,Cancelled,  south  ,In-Store,No
ORD01832,CUST0023,PROD0071,15-07-2023,"Jul 20, 2023",-1,1509.25,10,185.04,1543.37,Net Banking,shipped,  West  ,Mobile App,No
ORD00486,CUST0106,PROD0014,"May 23, 2024",01-06-2024,-1,17479.16,0,158.38,17637.54,Net Banking,returned,east,Online,No
ORD00543,CUST0060,PROD0040,20-07-2024,,1,18476.06,15,181.23,15885.88,credit card,Delivered,  west  ,Online,No
ORD00819,CUST0093,PROD0052,"Jul 08, 2024",07-07-2024,2,3087.94,0,147.71,6323.59,  Cash on Delivery  ,In-Transit,  South  ,  Mobile app  ,no
ORD00156,CUST0072,PROD0051,16-08-2023,"Aug 26, 2023",1,₹4843.02,0,131.43,4974.45,CREDIT CARD,Returned,South,Mobile app,yes
ORD01367,CUST0146,PROD0078,06-10-2023,15-10-2023,1,13015.36,0,48.67,13064.03,Net Banking,processing,  West  ,Mobile app,No
ORD00601,CUST0197,PROD0019,21-12-2023,26-12-2023,4,7411.92,0,115.15,29762.83,Debit Card,cancelled,South,Mobile app,No
ORD01592,CUST0065,PROD0073,03-02-2023,10-02-2023,5,10432.09,0,57.37,52217.82,credit card,  returned  ,South,Mobile app,
ORD00249,CUST0046,PROD0012,24-12-2024,01-01-2025,2,1389.5,20,173.38,2396.58,Debit Card,  DELIVERED  ,,Mobile app,No
ORD00762,CUST0145,PROD0022,10-09-2023,18-09-2023,4,₹21812.68,15,234.4,74397.51,Debit Card,processing,south,  online  ,No
ORD01816,CUST0060,PROD0060,24-05-2023,"Jun 03, 2023",2,21989,,,44146.54,cod,Returned,North,Online,
ORD01131,CUST0046,PROD0067,26-03-2023,,2,12277.6,10,17.17,22116.85,UPI,  processing  ,  West  ,Mobile App,yes
ORD00543,CUST0060,PROD0040,20-07-2024,,1,18476.06,15,181.23,15885.88,credit card,Delivered,  west  ,Online,No
ORD00794,CUST0107,PROD0061,01-02-2023,04-02-2023,3,18867.21,0,77,56678.63,upi,Shipped,north,In-Store,No
ORD01142,CUST0135,PROD0056,12-04-2023,21-04-2023,4,24757.48,5,12.57,94090.99,CREDIT CARD,Delivered,North,in-store,No
ORD01446,CUST0115,PROD0083,"Feb 11, 2024","Feb 10, 2024",4,17414.05,15,42.25,59250.02,Credit Card,Returned,north,in-store,yes
ORD00629,CUST0167,PROD0026,"Jan 01, 2024",06-01-2024,5,21234.71,0,,106383.54,UPI,  returned  ,South,  Mobile App  ,
ORD00151,CUST0024,PROD0071,19-10-2023,28-10-2023,-1,1509.25,15,86.87,1369.73,,DELIVERED,east,in-store,No
ORD01678,CUST0085,PROD0004,28-09-2024,28-09-2024,4,10787.53,0,1.77,43151.89,UPI,cancelled,South,  online  ,No
ORD00292,CUST0022,PROD0089,"Mar 09, 2023",11-03-2023,1,21184.51,15,42.44,18049.27,upi,shipped,North,Mobile app,No
ORD00382,CUST0122,PROD0014,03-12-2023,10-12-2023,5,₹17479.16,10,23.31,78679.53,CREDIT CARD,  Shipped  ,South,online,No
ORD00687,CUST0169,PROD0071,03-02-2024,13-02-2024,5,1509.25,0,167.18,7713.43,upi,Delivered,south,Online,no
ORD01368,CUST0026,PROD0037,16-02-2023,23-02-2023,-1,8588.37,10,22.15,7751.68,debit card,returned,South,Online,No
ORD01225,CUST0119,PROD0023,24-07-2023,26-07-2023,4,24502.56,0,111.17,98121.41,Debit Card,cancelled,South,Online,
ORD00898,CUST0093,PROD0017,29-08-2023,"Sep 04, 2023",-1,5329.54,15,100.55,4630.66,Credit Card,Cancelled,,in-store,No
ORD00855,CUST0193,PROD0079,"Jun 01, 2024","Jun 06, 2024",3,14974.24,20,23.83,35962.01,,DELIVERED,West,Online,Yes
ORD01072,CUST0147,PROD0099,20-03-2023,30-03-2023,1,17888.32,0,32.5,17920.82,cod,Cancelled,N/A,online,
ORD01573,CUST0088,PROD0035,"Oct 25, 2024",03-11-2024,5,13720.55,10,23.81,61766.28,Debit Card,DELIVERED,N/A,Mobile App,yes
ORD01518,CUST0009,PROD0017,05-12-2023,03-12-2023,2,5329.54,15,217.82,9278.04,credit card,processing,east,In-Store,yes
ORD01677,CUST0060,PROD0077,01-09-2023,03-09-2023,1,10379.71,,173.9,10553.61,UPI,Cancelled,East,in-store,Yes
ORD00892,CUST0140,PROD0074,16-04-2023,19-04-2023,4,4666.71,0,65.18,18732.02,UPI,cancelled,East,  in-store  ,No
ORD01745,CUST0148,PROD0053,01-05-2023,07-05-2023,2,3950.23,0,204.68,8105.14,Credit Card,Delivered,  East  ,In-Store,no
ORD00965,CUST0085,PROD0092,12-10-2024,"Oct 13, 2024",1,6775.54,20,152.22,5572.65,  Debit Card  ,Cancelled,  West  ,Mobile App,No
ORD01365,CUST0003,PROD0028,09-02-2024,16-02-2024,2,20039.63,0,248.37,40327.63,Net Banking,  delivered  ,,online,No
ORD00616,CUST0078,PROD0038,"Nov 19, 2023",24-11-2023,5,7505.7,0,38.98,37567.48,debit card,returned,west,In-Store,No
ORD00155,CUST0092,PROD0020,"Apr 20, 2023",19-04-2023,1,9020.42,,153.46,9173.88,Cash on Delivery,shipped,west,In-Store,
ORD01194,CUST0101,PROD0076,26-11-2024,27-11-2024,1,₹16298.66,0,173.48,16472.14,Cash on Delivery,DELIVERED,west,In-Store,Yes
ORD01703,CUST0140,PROD0071,05-07-2024,"Jul 05, 2024",4,₹1509.25,0,55.26,6092.26,UPI,returned,N/A,Online,
ORD00533,CUST0074,PROD0029,26-07-2023,04-08-2023,1,13437.78,20,203.46,10953.68,CREDIT CARD,Delivered,south,online,Yes
ORD01769,CUST0197,PROD0059,"Mar 14, 2023","Mar 17, 2023",4,2138.13,15,152.04,7421.68,  UPI  ,Processing,south,in-store,yes
ORD00323,CUST0160,PROD0034,"Dec 16, 2023",26-12-2023,1,11290.33,5,,10772.08,Credit Card,DELIVERED,west,  online  ,
ORD01538,CUST0133,PROD0015,21-01-2024,26-01-2024,3,6720.45,0,53.78,20215.13,Cash on Delivery,delivered,N/A,Mobile app,Yes
ORD01283,CUST0055,PROD0037,17-10-2023,"Oct 27, 2023",3,8588.37,20,245.09,20857.18,Cash on Delivery,  Returned  ,  North  ,Mobile App,no
ORD00083,CUST0194,PROD0076,21-08-2023,27-08-2023,1,16298.66,20,204.6,13243.53,upi,In-Transit,North,in-store,
ORD00513,CUST0046,PROD0034,"Mar 20, 2023",,1,11290.33,15,242.39,9839.17,Credit Card,Processing,north,In-Store,No
ORD01517,CUST0182,PROD0074,23-08-2023,"Aug 28, 2023",3,4666.71,10,11.39,12611.51,Cash on Delivery,DELIVERED,south,online,No
ORD01477,CUST0177,PROD0059,26-11-2024,29-11-2024,2,2138.13,0,134.12,4410.38,Debit Card,returned,East,online,No
ORD00930,CUST0051,PROD0086,25-07-2023,01-08-2023,4,1008.99,0,205.65,4241.61,UPI,  Processing  ,South,in-store,No
ORD01622,CUST0043,PROD0003,22-04-2024,25-04-2024,5,5104.15,10,174,23142.67,Debit Card,Processing,east,  In-Store  ,No
ORD01358,CUST0074,PROD0057,05-10-2023,"Oct 15, 2023",4,12771.68,20,179.92,41049.3,  CREDIT CARD  ,processing,,in-store,No
ORD00011,CUST0139,PROD0028,"Feb 27, 2023","Feb 27, 2023",-1,20039.63,10,58.54,18094.21,CREDIT CARD,processing,N/A,  In-Store  ,No
ORD00832,CUST0095,PROD0013,07-02-2023,09-02-2023,1,7082.45,20,30.07,5696.03,Cash on Delivery,delivered,South,  Mobile App  ,
ORD00033,CUST0153,PROD0082,"Mar 29, 2023",,2,13459.02,15,41.58,22921.91,  UPI  ,cancelled,South,Online,No
ORD01750,CUST0157,PROD0018,18-08-2024,"Aug 27, 2024",2,21702.52,20,248.68,34972.71,credit card,  In-Transit  ,,In-Store,No
ORD00414,CUST0066,PROD0086,02-05-2024,10-05-2024,1,1008.99,0,230.68,1239.67,  Cash on Delivery  ,  delivered  ,south,online,no
ORD00581,CUST0145,PROD0084,19-06-2023,19-06-2023,2,12225.64,5,200.7,23429.42,cod,In-Transit,East,In-Store,no
ORD01407,CUST0110,PROD0051,27-10-2023,27-10-2023,4,4843.02,,216.45,19588.53,debit card,Cancelled,south,In-Store,No
ORD01051,CUST0089,PROD0055,08-12-2024,06-12-2024,2,18803.89,15,8.26,31974.87,cod,cancelled,north,in-store,No
ORD01564,CUST0011,PROD0079,23-03-2024,28-03-2024,2,14974.24,20,158.25,24117.03,  cod  ,shipped,,in-store,No
ORD00317,CUST0161,PROD0035,"Aug 31, 2024",08-09-2024,1,13720.55,15,242.44,11904.91,Cash on Delivery,  DELIVERED  ,West,Online,yes
ORD00615,CUST0191,PROD0064,04-08-2023,"Aug 10, 2023",1,13808.45,20,63.92,11110.68,UPI,delivered,  West  ,Mobile app,yes
ORD01046,CUST0079,PROD0010,"Jul 26, 2023","Aug 02, 2023",2,9930.05,20,226.48,16114.56,net banking,Returned,West,  Online  ,No
ORD01403,CUST0007,PROD0050,06-10-2024,11-10-2024,4,17713.67,5,83.82,67395.77,CREDIT CARD,cancelled,N/A,  Mobile app  ,No
ORD01015,CUST0013,PROD0053,17-09-2023,"Sep 21, 2023",2,3950.23,0,170.55,8071.01,  UPI  ,cancelled,,Online,No
ORD00090,CUST0093,PROD0091,23-07-2023,25-07-2023,3,18810.69,,126.28,56558.35,Net Banking,Processing,N/A,Mobile App,No
ORD01765,CUST0048,PROD0092,"Jul 02, 2023","Jul 09, 2023",1,6775.54,0,70.86,6846.4,,processing,east,In-Store,No
ORD00602,CUST0176,PROD0072,19-01-2024,17-01-2024,5,22878.54,0,86.18,114478.88,Net Banking,In-Transit,West,Online,No
ORD01238,CUST0044,PROD0090,11-06-2024,20-06-2024,-1,12088.33,,246.85,12335.18,COD,processing,north,in-store,No
ORD01827,CUST0097,PROD0029,30-11-2024,09-12-2024,1,13437.78,15,183.96,11606.07,  net banking  ,Returned,north,  in-store  ,No
ORD00134,CUST0028,PROD0023,23-10-2024,30-10-2024,1,24502.56,10,214.68,22266.98,  credit card  ,Delivered,N/A,  Mobile app  ,No
ORD01371,CUST0082,PROD0026,18-03-2023,"Mar 22, 2023",1,21234.71,,141.37,21376.08,credit card,Cancelled,west,Online,Yes
ORD00556,CUST0199,PROD0053,21-11-2024,28-11-2024,1,3950.23,10,198.96,3754.17,Net Banking,  processing  ,West,In-Store,Yes
ORD01032,CUST0017,PROD0004,12-01-2024,15-01-2024,-1,10787.53,0,9.09,10796.62,Net Banking,processing,  West  ,Online,No
ORD01557,CUST0142,PROD0029,06-05-2024,08-05-2024,2,13437.78,15,207.74,23051.97,Net Banking,Cancelled,south,Mobile app,yes
ORD00321,CUST0123,PROD0039,02-06-2023,"Jun 02, 2023",2,15091.15,5,,28803.95,upi,cancelled,  South  ,online,
ORD01760,CUST0069,PROD0057,"Mar 23, 2023",01-04-2023,1,12771.68,20,45.5,10262.84,COD,In-Transit,south,online,No
ORD01212,CUST0109,PROD0036,29-04-2024,02-05-2024,1,1072.18,20,62.97,920.71,Net Banking,Shipped,North,Online,No
ORD01727,CUST0114,PROD0096,"Oct 14, 2023",14-10-2023,5,1277.29,0,78.89,6465.34,CREDIT CARD,returned,East,Online,No
ORD00635,CUST0111,PROD0087,"Nov 08, 2023",07-11-2023,5,3803.82,15,159.47,16325.7,net banking,shipped,south,in-store,No
ORD00553,CUST0097,PROD0075,03-02-2023,11-02-2023,1,5250.56,20,190.65,4391.1,cod,  cancelled  ,N/A,Mobile app,No
ORD01329,CUST0167,PROD0090,15-04-2023,25-04-2023,1,12088.33,5,244.44,11728.35,COD,cancelled,N/A,in-store,No
ORD01056,CUST0013,PROD0076,03-12-2023,09-12-2023,4,16298.66,0,151.36,65346,net banking,  Processing  ,north,  Online  ,No
ORD01550,CUST0161,PROD0046,17-03-2024,"Mar 27, 2024",1,6541.32,5,128.71,6342.96,cod,Processing,,In-Store,No
ORD00797,CUST0050,PROD0022,"Feb 05, 2024",10-02-2024,1,21812.68,10,148.34,19779.75,Cash on Delivery,shipped,East,Mobile app,
ORD01652,CUST0054,PROD0073,22-05-2024,26-05-2024,5,10432.09,5,130.11,49682.54,debit card,  Shipped  ,N/A,In-Store,Yes
ORD01265,CUST0051,PROD0067,10-05-2024,11-05-2024,2,12277.6,,10.08,24565.28,debit card,returned,,Online,no
ORD01701,CUST0063,PROD0090,"Jun 16, 2023",16-06-2023,-1,12088.33,0,81.09,12169.42,debit card,In-Transit,North,Mobile app,yes
ORD00175,CUST0177,PROD0049,02-01-2024,"Jan 11, 2024",1,17373.31,10,224.67,15860.65,CREDIT CARD,  returned  ,south,Mobile App,yes
ORD00767,CUST0176,PROD0088,06-01-2024,15-01-2024,-1,16043.08,15,51.12,13687.74,  Debit Card  ,Shipped,,  Mobile app  ,No
ORD00246,CUST0012,PROD0032,19-12-2024,27-12-2024,1,8752.87,0,43.06,8795.93,  credit card  ,delivered,west,in-store,No
ORD01081,CUST0087,PROD0013,19-07-2023,,1,7082.45,5,163.68,6892.01,CREDIT CARD,delivered,South,In-Store,Yes
ORD01726,CUST0190,PROD0077,11-06-2023,18-06-2023,4,10379.71,0,28.12,41546.96,Credit Card,returned,East,In-Store,no
ORD00146,CUST0093,PROD0014,08-06-2023,"Jun 12, 2023",2,17479.16,10,213.74,31676.23,upi,returned,N/A,  online  ,No
ORD00091,CUST0067,PROD0096,06-12-2024,05-12-2024,2,1277.29,0,96.64,2651.22,  debit card  ,processing,east,in-store,No
ORD01417,CUST0160,PROD0048,06-04-2023,,2,14926.77,15,12.48,25387.99,UPI,returned,North,  in-store  ,No
ORD00683,CUST0088,PROD0024,09-04-2023,11-04-2023,3,20116,0,176.82,60524.82,COD,  processing  ,South,Mobile App,No
ORD00311,CUST0016,PROD0007,"Dec 07, 2023",08-12-2023,5,₹2136.66,15,249.18,9329.98,upi,processing,  south  ,In-Store,
ORD01384,CUST0126,PROD0072,"Feb 11, 2023",,5,22878.54,5,7.3,108680.37,debit card,In-Transit,south,  In-Store  ,No
ORD00094,CUST0071,PROD0082,"Nov 29, 2023",01-12-2023,2,13459.02,10,47.09,24273.33,COD,Cancelled,East,Mobile app,No
ORD01559,CUST0195,PROD0016,29-10-2024,28-10-2024,5,9295.74,20,64.29,37247.25,  COD  ,cancelled,  north  ,Online,no
ORD00925,CUST0109,PROD0040,29-09-2024,28-09-2024,3,18476.06,,147.53,55575.71,  credit card  ,DELIVERED,north,online,No
ORD01676,CUST0157,PROD0025,15-01-2024,"Jan 25, 2024",2,15641.95,20,75.56,25102.68,debit card,processing,south,Mobile App,No
ORD01036,CUST0122,PROD0089,11-12-2024,21-12-2024,2,21184.51,15,56.38,36070.05,credit card,Delivered,N/A,  online  ,No
ORD01401,CUST0158,PROD0090,17-04-2023,16-04-2023,5,12088.33,,106.98,60548.63,upi,delivered,East,Online,No
ORD00244,CUST0049,PROD0018,06-02-2023,07-02-2023,1,21702.52,5,122.31,20739.7,Credit Card,Delivered,south,Online,No
ORD01112,CUST0094,PROD0082,"Aug 08, 2023",11-08-2023,1,13459.02,10,109.59,12222.71,  UPI  ,Processing,north,  Mobile app  ,
ORD00215,CUST0010,PROD0100,"Jul 26, 2023",25-07-2023,5,15869.36,0,199.76,79546.56,  UPI  ,DELIVERED,  South  ,in-store,No
ORD00565,CUST0181,PROD0067,22-11-2023,"Nov 23, 2023",-1,12277.6,0,237.3,12514.9,debit card,  Returned  ,East,online,no
ORD01198,CUST0076,PROD0021,"Sep 23, 2024","Sep 29, 2024",3,6518.87,0,72.24,19628.85,upi,Processing,  North  ,In-Store,No
ORD00999,CUST0031,PROD0001,12-10-2023,,1,21533.94,0,219.57,21753.51,credit card,returned,  north  ,  Mobile app  ,Yes
ORD00854,CUST0135,PROD0060,07-05-2023,13-05-2023,1,21989,5,60.27,20949.82,Debit Card,  Delivered  ,east,Online,Yes
ORD00426,CUST0023,PROD0072,"Sep 20, 2023","Sep 30, 2023",1,22878.54,0,244.98,23123.52,Debit Card,shipped,North,in-store,yes
ORD01752,CUST0093,PROD0053,21-07-2024,31-07-2024,4,3950.23,0,176.31,15977.23,,cancelled,south,in-store,No
ORD01143,CUST0061,PROD0051,29-02-2024,"Mar 09, 2024",1,4843.02,0,,4985.83,Cash on Delivery,Cancelled,North,Online,No
ORD01144,CUST0063,PROD0018,08-12-2023,18-12-2023,1,21702.52,0,199.63,21902.15,  CREDIT CARD  ,DELIVERED,South,Online,No
ORD00227,CUST0104,PROD0049,21-03-2024,27-03-2024,2,17373.31,0,118.72,34865.34,COD,DELIVERED,East,Online,No
ORD01617,CUST0115,PROD0033,10-10-2023,,1,14138.95,5,216.93,13648.93,net banking,Shipped,West,  Online  ,yes
ORD00001,CUST0117,PROD0083,10-07-2024,16-07-2024,5,17414.05,0,212.76,87283.01,cod,DELIVERED,North,Mobile app,No
ORD01419,CUST0049,PROD0067,11-10-2024,19-10-2024,1,12277.6,10,128.76,11178.6,Cash on Delivery,processing,North,Online,
ORD00402,CUST0004,PROD0065,19-01-2024,24-01-2024,4,1226.5,20,235.07,4159.87,Credit Card,delivered,east,in-store,No
ORD01429,CUST0173,PROD0038,15-05-2024,16-05-2024,1,7505.7,15,184.71,6564.55,cod,cancelled,South,Mobile app,no
ORD01104,CUST0168,PROD0016,27-06-2024,,1,9295.74,20,219.55,7656.14,cod,delivered,North,In-Store,No
ORD00085,CUST0187,PROD0009,31-03-2023,04-04-2023,-1,9274.78,20,138.01,7557.83,  upi  ,  delivered  ,east,In-Store,No
ORD00163,CUST0116,PROD0053,21-06-2023,21-06-2023,1,3950.23,0,181.94,4132.17,Net Banking,returned,  North  ,Online,
ORD00115,CUST0194,PROD0054,"Feb 17, 2023",25-02-2023,1,16339.85,,,16454.2,net banking,cancelled,,online,No
ORD00671,CUST0065,PROD0046,30-11-2024,03-12-2024,3,6541.32,5,69.16,18711.92,  net banking  ,  processing  ,south,Mobile app,No
ORD01175,CUST0015,PROD0026,"Jun 17, 2023","Jun 15, 2023",2,21234.71,0,148.67,42618.09,debit card,Delivered,  North  ,In-Store,No
ORD01519,CUST0147,PROD0032,"Feb 21, 2024",27-02-2024,1,8752.87,20,48.97,7051.27,CREDIT CARD,Returned,N/A,in-store,No
ORD01509,CUST0066,PROD0027,"Apr 28, 2024",01-05-2024,1,6491.69,20,109.04,5302.39,debit card,DELIVERED,north,In-Store,No
ORD01393,CUST0073,PROD0075,30-01-2023,,1,5250.56,,140.77,5391.33,  Debit Card  ,Shipped,East,in-store,
ORD00890,CUST0194,PROD0050,26-01-2024,04-02-2024,3,17713.67,,142.3,53283.31,UPI,Cancelled,  north  ,Mobile App,No
ORD01502,CUST0003,PROD0091,04-07-2023,"Jul 06, 2023",1,18810.69,0,161.58,18972.27,Credit Card,cancelled,West,In-Store,no
ORD00626,CUST0093,PROD0092,26-10-2023,28-10-2023,1,6775.54,10,118.82,6216.81,  debit card  ,cancelled,north,Mobile app,No
ORD01803,CUST0143,PROD0016,06-11-2024,07-11-2024,1,9295.74,0,103.64,9399.38,UPI,returned,N/A,In-Store,Yes
ORD00953,CUST0084,PROD0048,05-09-2024,"Sep 03, 2024",4,14926.77,,1.92,59709,Cash on Delivery,shipped,East,Online,No
ORD00808,CUST0176,PROD0055,23-03-2023,26-03-2023,2,18803.89,,5.17,37612.95,CREDIT CARD,cancelled,West,Mobile app,No
ORD00259,CUST0177,PROD0043,"Jun 27, 2024",25-06-2024,2,11229.01,20,188.22,18154.64,cod,Delivered,N/A,  Mobile app  ,No
ORD00625,CUST0193,PROD0032,24-09-2023,"Sep 27, 2023",2,8752.87,,,17588.41,net banking,  shipped  ,North,  In-Store  ,
ORD00827,CUST0100,PROD0035,14-06-2023,19-06-2023,2,13720.55,,226.2,27667.3,COD,DELIVERED,South,Mobile App,
ORD00235,CUST0122,PROD0096,29-06-2024,30-06-2024,4,₹1277.29,20,118.65,4205.98,  COD  ,Cancelled,N/A,Mobile app,Yes
ORD00136,CUST0131,PROD0012,"Feb 11, 2024","Feb 14, 2024",-1,1389.5,0,165.67,1555.17,Cash on Delivery,processing,East,Mobile app,yes
ORD00617,CUST0138,PROD0017,23-01-2024,"Jan 30, 2024",1,5329.54,0,98.94,5428.48,  cod  ,cancelled,  N/A  ,online,No
ORD01304,CUST0165,PROD0048,15-02-2024,17-02-2024,5,14926.77,10,97.85,67268.32,Debit Card,processing,N/A,In-Store,
ORD00837,CUST0107,PROD0014,"Mar 21, 2024","Mar 22, 2024",1,17479.16,10,178.42,15909.66,Cash on Delivery,Cancelled,west,In-Store,
ORD00843,CUST0162,PROD0096,11-09-2024,"Sep 09, 2024",1,1277.29,15,78.21,1163.91,credit card,returned,East,in-store,
ORD00960,CUST0068,PROD0022,15-10-2024,25-10-2024,4,21812.68,0,36.82,87287.54,Net Banking,Cancelled,West,online,No
ORD00593,CUST0192,PROD0001,15-11-2023,17-11-2023,-1,21533.94,15,29.43,18333.28,credit card,DELIVERED,South,  In-Store  ,No
ORD01315,CUST0157,PROD0047,27-04-2023,"May 05, 2023",2,1927.67,0,128.37,3983.71,cod,DELIVERED,,Mobile App,
ORD01526,CUST0077,PROD0012,19-03-2023,,5,1389.5,5,162.94,6763.06,Credit Card,Processing,north,Mobile app,No
ORD01292,CUST0167,PROD0019,17-02-2023,17-02-2023,2,7411.92,0,5.42,14829.26,CREDIT CARD,returned,north,Mobile App,No
ORD00344,CUST0037,PROD0019,26-08-2024,30-08-2024,1,₹7411.92,10,222.26,6892.99,  Credit Card  ,cancelled,west,in-store,No
ORD00211,CUST0164,PROD0026,"Dec 07, 2024",09-12-2024,2,21234.71,0,76.94,42546.36,Cash on Delivery,Processing,North,  In-Store  ,No
ORD01567,CUST0192,PROD0051,03-01-2023,"Jan 08, 2023",-1,4843.02,0,207.8,5050.82,credit card,  Returned  ,west,  Mobile App  ,No
ORD00294,CUST0112,PROD0026,23-05-2024,"May 31, 2024",1,21234.71,5,71.84,20244.81,credit card,In-Transit,,  Online  ,yes
ORD00365,CUST0110,PROD0080,26-09-2024,25-09-2024,3,2998.2,0,113.52,9108.12,Debit Card,Processing,East,Mobile app,yes
ORD00179,CUST0004,PROD0027,02-11-2024,07-11-2024,1,6491.69,,200.25,6691.94,Cash on Delivery,shipped,N/A,Online,yes
ORD00660,CUST0059,PROD0059,24-04-2023,23-04-2023,-1,2138.13,10,31.57,1955.89,net banking,DELIVERED,east,in-store,No
ORD00997,CUST0055,PROD0093,"Jul 07, 2023",10-07-2023,2,6077.42,,158.43,12313.27,Net Banking,In-Transit,West,In-Store,No
ORD00015,CUST0086,PROD0039,16-01-2023,"Jan 17, 2023",2,15091.15,0,186.72,30369.02,UPI,shipped,east,online,yes
ORD01111,CUST0126,PROD0048,21-09-2024,20-09-2024,5,14926.77,0,13.68,74647.53,Net Banking,shipped,north,online,No
ORD01395,CUST0154,PROD0012,29-03-2024,29-03-2024,1,₹1389.5,,73.87,1463.37,CREDIT CARD,  delivered  ,south,Mobile app,No
ORD00166,CUST0139,PROD0030,02-04-2023,07-04-2023,2,509.37,15,103.05,968.98,debit card,Returned,N/A,Online,no
ORD01279,CUST0166,PROD0082,15-03-2024,"Mar 17, 2024",1,13459.02,0,2.74,13461.76,Debit Card,processing,North,In-Store,No
ORD01360,CUST0058,PROD0042,"Oct 05, 2023",06-10-2023,2,17560.96,20,,28234.67,upi,In-Transit,N/A,In-Store,No
ORD00060,CUST0185,PROD0041,05-10-2023,"Oct 04, 2023",3,1025.38,0,125.51,3201.65,Net Banking,shipped,north,  Mobile App  ,No
ORD00710,CUST0115,PROD0003,18-05-2024,,3,5104.15,15,246.95,13262.53,CREDIT CARD,  delivered  ,West,Mobile app,No
ORD00677,CUST0148,PROD0050,25-09-2023,04-10-2023,3,17713.67,10,107.83,47934.74,CREDIT CARD,Cancelled,West,  in-store  ,Yes
ORD01379,CUST0098,PROD0002,02-05-2024,30-04-2024,1,₹10538.65,0,73.52,10612.17,  upi  ,DELIVERED,north,Online,
ORD00781,CUST0040,PROD0017,05-09-2023,12-09-2023,3,5329.54,10,115.6,14505.36,Credit Card,delivered,east,In-Store,No
ORD00425,CUST0133,PROD0075,05-07-2024,"Jul 14, 2024",1,5250.56,5,,5229.45,UPI,delivered,North,In-Store,No
ORD00293,CUST0006,PROD0041,22-01-2024,29-01-2024,4,1025.38,15,143.13,3629.42,UPI,DELIVERED,,Mobile App,No
ORD01066,CUST0006,PROD0029,22-07-2023,24-07-2023,4,13437.78,,110.24,53861.36,Net Banking,cancelled,East,online,yes
ORD01781,CUST0029,PROD0031,30-07-2023,09-08-2023,1,15661.2,0,190.86,15852.06,credit card,shipped,N/A,online,yes
ORD00330,CUST0107,PROD0064,07-11-2023,08-11-2023,2,13808.45,0,249.82,27866.72,net banking,  Delivered  ,South,Mobile App,No
ORD00430,CUST0070,PROD0016,28-06-2024,27-06-2024,-1,9295.74,20,16.49,7453.08,  debit card  ,  Delivered  ,South,  online  ,No
ORD01013,CUST0192,PROD0068,23-04-2023,22-04-2023,4,3558.79,15,144.32,12244.21,COD,Shipped,North,Mobile App,No
ORD00080,CUST0068,PROD0085,"Oct 16, 2023",18-10-2023,2,4165.37,0,12.41,8343.15,debit card,processing,,online,No
ORD01053,CUST0136,PROD0021,18-04-2024,"Apr 22, 2024",2,6518.87,20,74.93,10505.12,  Cash on Delivery  ,Cancelled,,online,No
ORD00938,CUST0140,PROD0052,24-09-2023,26-09-2023,-1,3087.94,0,40.18,3128.12,Net Banking,returned,south,  online  ,
ORD00835,CUST0189,PROD0006,03-07-2023,,2,6650.61,5,33.16,12669.32,cod,In-Transit,West,Mobile App,yes
ORD00750,CUST0184,PROD0001,31-05-2024,10-06-2024,1,21533.94,,36.09,21570.03,net banking,processing,South,In-Store,No
ORD00891,CUST0135,PROD0051,"Apr 16, 2024",23-04-2024,4,4843.02,5,35.09,18438.57,  Cash on Delivery  ,shipped,  east  ,In-Store,No
ORD00255,CUST0108,PROD0022,"Dec 18, 2023","Dec 19, 2023",2,21812.68,0,197.39,43822.75,net banking,Returned,West,in-store,No
ORD01724,CUST0103,PROD0014,13-04-2024,,1,17479.16,20,160.83,14144.16,  CREDIT CARD  ,Delivered,  North  ,In-Store,No
ORD01483,CUST0110,PROD0064,22-03-2023,"Mar 23, 2023",5,13808.45,,183.59,69225.84,  Debit Card  ,Processing,south,  online  ,No
ORD01313,CUST0087,PROD0075,05-10-2024,,-1,5250.56,0,35.09,5285.65,  Credit Card  ,Shipped,South,Mobile App,
ORD01408,CUST0126,PROD0047,19-11-2024,23-11-2024,3,1927.67,20,153.4,4779.81,debit card,Processing,north,Mobile app,No
ORD01338,CUST0192,PROD0004,11-08-2024,20-08-2024,4,10787.53,0,29.14,43179.26,upi,cancelled,east,Online,No
ORD01109,CUST0033,PROD0085,09-07-2023,08-07-2023,1,4165.37,,59.21,4224.58,COD,returned,West,in-store,No
ORD00137,CUST0011,PROD0029,14-05-2024,"May 15, 2024",1,13437.78,10,92.36,12186.36,Net Banking,Delivered,  North  ,Mobile app,No
ORD01136,CUST0199,PROD0093,"Feb 05, 2023","Feb 06, 2023",2,6077.42,5,147.66,11694.76,cod,Cancelled,N/A,In-Store,No
ORD01219,CUST0189,PROD0048,24-03-2023,03-04-2023,4,₹14926.77,0,138.86,59845.94,cod,processing,east,In-Store,yes
ORD00853,CUST0075,PROD0031,"Jul 29, 2023",30-07-2023,2,15661.2,15,48.58,26672.62,CREDIT CARD,delivered,South,  Online  ,no
ORD01203,CUST0047,PROD0070,31-03-2023,"Mar 31, 2023",1,2262.55,20,55.55,1865.59,cod,cancelled,west,online,No
ORD00724,CUST0112,PROD0021,14-05-2024,22-05-2024,1,6518.87,15,240.36,5781.4,  Net Banking  ,Shipped,east,online,No
ORD00860,CUST0102,PROD0055,21-03-2024,31-03-2024,1,18803.89,0,29.13,18833.02,Credit Card,returned,West,Mobile App,No
ORD00970,CUST0045,PROD0035,16-05-2023,17-05-2023,-1,13720.55,5,148.1,13182.62,COD,processing,N/A,online,No
ORD00497,CUST0099,PROD0055,24-07-2023,31-07-2023,3,18803.89,15,224.47,48174.39,Cash on Delivery,  processing  ,N/A,Mobile App,No
ORD00951,CUST0067,PROD0041,"Nov 06, 2024",04-11-2024,1,1025.38,0,153.42,1178.8,Debit Card,In-Transit,east,Mobile app,No
ORD00806,CUST0002,PROD0068,23-08-2023,21-08-2023,2,3558.79,,59.74,7177.32,net banking,cancelled,North,in-store,yes
ORD00130,CUST0003,PROD0071,"Jul 22, 2024","Jul 22, 2024",1,1509.25,0,1.26,1510.51,cod,Cancelled,  West  ,online,
ORD00338,CUST0055,PROD0012,07-06-2024,,2,1389.5,15,189.26,2551.41,debit card,In-Transit,east,in-store,No
ORD01567,CUST0192,PROD0051,03-01-2023,"Jan 08, 2023",-1,4843.02,0,207.8,5050.82,credit card,  Returned  ,west,  Mobile App  ,No
ORD00609,CUST0007,PROD0070,01-10-2023,01-10-2023,2,2262.55,15,104.27,3950.61,cod,cancelled,West,  In-Store  ,No
ORD01149,CUST0007,PROD0087,18-05-2023,20-05-2023,3,3803.82,15,146.09,9845.83,UPI,returned,,Online,No
ORD00196,CUST0041,PROD0041,11-03-2023,17-03-2023,-1,1025.38,0,46.03,1071.41,Net Banking,In-Transit,north,In-Store,Yes
ORD01251,CUST0142,PROD0035,06-08-2024,11-08-2024,4,₹13720.55,0,62.48,54944.68,  upi  ,  Cancelled  ,East,Mobile app,No
ORD01293,CUST0077,PROD0064,06-11-2024,05-11-2024,-1,13808.45,0,222.36,14030.81,  debit card  ,In-Transit,  south  ,  In-Store  ,Yes
ORD01796,CUST0006,PROD0075,18-07-2023,,1,5250.56,0,101.6,5352.16,debit card,Delivered,West,  Mobile App  ,yes
ORD00910,CUST0069,PROD0054,06-05-2023,11-05-2023,5,16339.85,,54.72,81753.97,Net Banking,Processing,South,In-Store,
ORD00585,CUST0054,PROD0022,"Jan 03, 2023",13-01-2023,2,21812.68,5,,41466.92,Credit Card,DELIVERED,N/A,online,No
ORD00104,CUST0078,PROD0054,08-11-2024,07-11-2024,-1,16339.85,10,155.7,14861.57,credit card,Returned,West,in-store,No
ORD01839,CUST0025,PROD0070,05-04-2023,"Apr 08, 2023",-1,2262.55,0,96.19,2358.74,upi,  processing  ,south,Online,yes
ORD01670,CUST0181,PROD0098,09-03-2024,07-03-2024,1,16965.86,10,154.02,15423.29,UPI,Cancelled,,online,No
ORD00720,CUST0196,PROD0092,01-04-2024,"Mar 30, 2024",1,6775.54,15,147.03,5906.24,UPI,Returned,  south  ,Mobile app,yes
ORD00885,CUST0146,PROD0051,"Apr 12, 2024",22-04-2024,1,4843.02,10,58.8,4417.52,  CREDIT CARD  ,  Delivered  ,south,Online,No
ORD00777,CUST0044,PROD0029,22-08-2024,30-08-2024,-1,13437.78,5,211.48,12977.37,cod,returned,North,  Mobile App  ,No
ORD01570,CUST0164,PROD0040,16-08-2023,26-08-2023,4,18476.06,,164.31,74068.55,Credit Card,Processing,north,in-store,Yes
ORD00850,CUST0080,PROD0100,15-09-2023,14-09-2023,5,15869.36,0,205.51,79552.31,debit card,Delivered,East,online,yes
ORD00895,CUST0013,PROD0026,18-06-2024,27-06-2024,3,21234.71,5,67.28,60586.2,Net Banking,delivered,south,Mobile App,No
ORD00228,CUST0005,PROD0019,13-05-2024,"May 21, 2024",4,7411.92,0,21.17,29668.85,upi,returned,west,online,No
ORD00915,CUST0192,PROD0045,10-11-2024,"Nov 08, 2024",1,13766.6,10,49.71,12439.65,Credit Card,Processing,  east  ,online,No
ORD01326,CUST0063,PROD0092,"Nov 20, 2023","Nov 18, 2023",4,6775.54,,81.98,27184.14,Debit Card,Cancelled,  south  ,  Mobile app  ,No
ORD01300,CUST0081,PROD0002,16-10-2023,23-10-2023,2,10538.65,0,205.89,21283.19,upi,delivered,East,Online,No
ORD00127,CUST0180,PROD0095,21-03-2024,,1,14966.39,0,5.94,14972.33,credit card,Processing,West,Mobile App,No
ORD00406,CUST0079,PROD0001,22-06-2023,27-06-2023,1,21533.94,0,17.46,21551.4,cod,DELIVERED,West,online,No
ORD00776,CUST0183,PROD0003,03-02-2024,10-02-2024,3,5104.15,15,95.24,13110.82,Debit Card,shipped,south,Mobile App,No
ORD00822,CUST0001,PROD0015,"Feb 20, 2024","Feb 27, 2024",2,6720.45,10,172.82,12269.63,Credit Card,  Shipped  ,West,Mobile app,No
ORD00712,CUST0167,PROD0031,18-12-2024,,2,15661.2,,249.04,31571.44,credit card,Cancelled,N/A,Online,No
ORD00581,CUST0145,PROD0084,19-06-2023,19-06-2023,2,12225.64,5,200.7,23429.42,cod,In-Transit,East,In-Store,no
ORD01061,CUST0139,PROD0071,15-01-2024,13-01-2024,2,1509.25,10,222.56,2939.21,Debit Card,Shipped,north,online,No
ORD01164,CUST0007,PROD0007,29-03-2023,29-03-2023,-1,2136.66,5,130.59,2160.42,CREDIT CARD,Processing,east,Online,No
ORD00304,CUST0042,PROD0057,08-10-2024,11-10-2024,4,12771.68,0,68.51,51155.23,cod,cancelled,South,In-Store,
ORD00268,CUST0171,PROD0019,01-08-2024,10-08-2024,5,7411.92,15,172.29,31672.95,,Processing,West,online,No
ORD01558,CUST0154,PROD0081,12-06-2023,18-06-2023,5,3839.05,10,134.36,17410.09,  net banking  ,cancelled,East,online,No
ORD00546,CUST0028,PROD0071,"Feb 02, 2024",11-02-2024,2,1509.25,,105.96,3124.46,Debit Card,DELIVERED,North,Mobile App,yes
ORD00213,CUST0143,PROD0069,20-01-2023,21-01-2023,3,18001.79,15,16.55,45921.11,CREDIT CARD,Processing,,online,No
ORD00897,CUST0073,PROD0099,"Mar 31, 2023",29-03-2023,3,17888.32,0,114.16,53779.12,Cash on Delivery,  In-Transit  ,East,online,No
ORD01493,CUST0094,PROD0046,04-04-2024,04-04-2024,4,6541.32,0,104.64,26269.92,Cash on Delivery,  Shipped  ,N/A,Mobile app,
ORD01223,CUST0042,PROD0039,19-04-2024,18-04-2024,1,15091.15,5,95.58,14432.17,Net Banking,  processing  ,North,  Mobile App  ,No
ORD00917,CUST0014,PROD0015,12-09-2024,22-09-2024,1,₹6720.45,0,28.18,6748.63,CREDIT CARD,In-Transit,south,Mobile app,
ORD01552,CUST0193,PROD0058,23-03-2023,02-04-2023,1,9834.07,5,127.23,9469.6,UPI,In-Transit,  West  ,in-store,No
ORD00676,CUST0166,PROD0028,"May 29, 2023",27-05-2023,2,20039.63,5,241.15,38316.45,upi,  DELIVERED  ,N/A,in-store,No
ORD01290,CUST0007,PROD0078,04-01-2024,"Jan 08, 2024",5,13015.36,5,54.25,61877.21,Debit Card,  Processing  ,east,Mobile App,No
ORD00815,CUST0076,PROD0005,20-04-2023,18-04-2023,2,2915.38,0,173.98,6004.74,net banking,Cancelled,South,online,No
ORD01266,CUST0111,PROD0004,30-03-2024,08-04-2024,-1,10787.53,20,216.5,8846.52,Net Banking,cancelled,  south  ,  Online  ,
ORD00343,CUST0192,PROD0021,26-07-2024,29-07-2024,1,6518.87,20,27.58,5242.68,UPI,shipped,north,  online  ,No
ORD00550,CUST0149,PROD0041,12-02-2023,18-02-2023,2,1025.38,0,237.93,2288.69,cod,Delivered,,In-Store,No
ORD01411,CUST0169,PROD0048,05-01-2023,05-01-2023,1,14926.77,5,73.18,14253.61,Cash on Delivery,  Returned  ,East,Mobile App,No
ORD01215,CUST0190,PROD0033,15-05-2023,15-05-2023,1,14138.95,5,177.05,13609.05,CREDIT CARD,In-Transit,North,Mobile App,no
ORD00967,CUST0014,PROD0069,"Aug 04, 2023","Aug 10, 2023",3,18001.79,0,118.78,54124.15,cod,processing,south,In-Store,Yes
ORD01231,CUST0153,PROD0044,21-08-2023,27-08-2023,3,15370.27,15,120.43,39314.62,Cash on Delivery,  Delivered  ,North,in-store,no
ORD00296,CUST0132,PROD0059,"Nov 18, 2024","Nov 28, 2024",-1,2138.13,0,220.22,2358.35,Net Banking,shipped,N/A,  in-store  ,no
ORD00696,CUST0133,PROD0005,25-04-2024,30-04-2024,1,2915.38,0,57.16,2972.54,CREDIT CARD,Returned,,Online,
ORD01453,CUST0045,PROD0050,"Oct 28, 2024",06-11-2024,4,17713.67,0,64.89,70919.57,Credit Card,In-Transit,south,online,Yes
ORD00074,CUST0199,PROD0015,22-06-2024,25-06-2024,1,6720.45,15,176.13,5888.51,upi,processing,west,Mobile app,No
ORD00606,CUST0042,PROD0041,12-05-2023,19-05-2023,-1,1025.38,20,171.57,991.87,cod,processing,  South  ,in-store,no
ORD00105,CUST0068,PROD0067,"Jul 26, 2023",29-07-2023,4,12277.6,10,40.09,44239.45,  Credit Card  ,processing,  South  ,Online,no
ORD00646,CUST0110,PROD0020,23-09-2023,"Sep 24, 2023",3,9020.42,,163.4,27224.66,Cash on Delivery,DELIVERED,West,In-Store,No
ORD01405,CUST0179,PROD0020,07-09-2023,"Sep 16, 2023",1,9020.42,5,35.8,8605.2,Net Banking,returned,  north  ,Online,No
ORD01818,CUST0072,PROD0047,13-02-2024,21-02-2024,1,1927.67,0,90.01,2017.68,net banking,In-Transit,south,Mobile app,no
ORD01041,CUST0100,PROD0032,12-10-2024,22-10-2024,5,8752.87,5,16.67,41592.8,  Debit Card  ,  Delivered  ,west,Mobile app,No
ORD00440,CUST0042,PROD0018,29-12-2023,07-01-2024,4,₹21702.52,0,89.81,86899.89,Credit Card,DELIVERED,West,online,yes
ORD01020,CUST0043,PROD0059,14-07-2023,14-07-2023,1,2138.13,20,33.67,1744.17,cod,Cancelled,N/A,Mobile app,No
ORD00092,CUST0200,PROD0099,"Nov 29, 2024",27-11-2024,5,17888.32,0,161.84,89603.44,cod,processing,north,online,yes
ORD01113,CUST0118,PROD0026,24-09-2023,26-09-2023,2,21234.71,0,83.34,42552.76,credit card,delivered,West,  In-Store  ,
ORD01747,CUST0195,PROD0037,26-04-2024,,2,8588.37,10,111.71,15570.78,  credit card  ,Returned,  N/A  ,Mobile App,No
ORD00909,CUST0084,PROD0085,22-08-2024,21-08-2024,2,4165.37,5,138.28,8052.48,Cash on Delivery,returned,West,Mobile App,yes
ORD01475,CUST0096,PROD0026,27-02-2023,,2,21234.71,15,12.78,36111.79,Debit Card,returned,west,in-store,No
ORD00103,CUST0137,PROD0080,19-02-2023,,1,2998.2,0,163.39,3161.59,debit card,  Returned  ,East,In-Store,Yes
ORD00239,CUST0164,PROD0059,11-10-2023,21-10-2023,4,2138.13,15,64.33,7333.97,debit card,DELIVERED,west,  Online  ,No
ORD01809,CUST0191,PROD0061,10-01-2023,20-01-2023,1,18867.21,,11.66,18878.87,  cod  ,In-Transit,east,in-store,No
ORD00943,CUST0108,PROD0090,17-10-2024,19-10-2024,4,₹12088.33,20,136.7,38819.36,credit card,Returned,North,In-Store,Yes
ORD01271,CUST0142,PROD0052,01-12-2024,03-12-2024,1,3087.94,,133.54,3221.48,upi,shipped,  east  ,Mobile app,No
ORD00939,CUST0045,PROD0008,27-01-2023,29-01-2023,-1,15504.24,0,104.7,15608.94,Cash on Delivery,delivered,  north  ,  in-store  ,No
ORD01685,CUST0119,PROD0075,24-09-2023,"Oct 01, 2023",3,5250.56,0,234.07,15985.75,net banking,shipped,West,Mobile app,
ORD01182,CUST0010,PROD0050,08-09-2024,16-09-2024,4,₹17713.67,15,211.73,60438.21,UPI,delivered,east,in-store,No
ORD01504,CUST0194,PROD0048,08-01-2023,"Jan 17, 2023",2,14926.77,,102.84,29956.38,debit card,Delivered,,in-store,No
ORD00006,CUST0084,PROD0067,"Mar 28, 2024",27-03-2024,2,12277.6,,22.74,24577.94,  Credit Card  ,returned,west,Mobile app,Yes
ORD01807,CUST0025,PROD0021,30-03-2023,09-04-2023,-1,6518.87,0,137.65,6656.52,upi,processing,east,online,No
ORD00966,CUST0180,PROD0082,"Apr 17, 2023",23-04-2023,1,13459.02,20,110.14,10877.36,debit card,shipped,south,Mobile App,No
ORD00019,CUST0162,PROD0030,11-03-2023,"Mar 20, 2023",1,509.37,0,54.68,564.05,COD,Returned,North,Online,no
ORD01431,CUST0069,PROD0003,18-01-2023,25-01-2023,3,5104.15,0,40.37,15352.82,  Cash on Delivery  ,Shipped,East,In-Store,
ORD00122,CUST0048,PROD0023,"Jun 10, 2024",09-06-2024,4,24502.56,0,107.13,98117.37,  cod  ,DELIVERED,North,In-Store,
ORD00662,CUST0043,PROD0082,"Oct 11, 2024",18-10-2024,2,13459.02,0,135.21,27053.25,  debit card  ,cancelled,N/A,online,no
ORD01675,CUST0002,PROD0047,08-01-2024,14-01-2024,1,1927.67,,218.18,2145.85,  UPI  ,Delivered,east,Mobile app,
ORD00275,CUST0015,PROD0019,24-11-2023,29-11-2023,1,₹7411.92,15,40.83,6340.96,credit card,  returned  ,West,Mobile app,No
ORD00434,CUST0105,PROD0099,17-11-2023,16-11-2023,1,17888.32,0,182.49,18070.81,Credit Card,cancelled,N/A,Mobile app,No
ORD00812,CUST0027,PROD0066,17-02-2024,18-02-2024,1,16714.6,5,155.27,16034.14,Net Banking,returned,west,  online  ,No
ORD01301,CUST0141,PROD0075,21-12-2024,27-12-2024,1,5250.56,0,,5332.95,  CREDIT CARD  ,processing,west,online,No
ORD01336,CUST0145,PROD0071,15-03-2023,23-03-2023,2,1509.25,0,56.98,3075.48,debit card,  returned  ,West,Mobile app,No
ORD00848,CUST0161,PROD0094,22-09-2023,30-09-2023,1,5579.66,,124.61,5704.27,upi,shipped,West,In-Store,No
ORD01002,CUST0170,PROD0025,06-08-2024,,2,15641.95,15,215.47,26806.79,  CREDIT CARD  ,Cancelled,south,Online,No
ORD01571,CUST0125,PROD0052,11-12-2024,12-12-2024,2,3087.94,0,86.44,6262.32,credit card,Cancelled,north,online,No
ORD00182,CUST0163,PROD0056,"Nov 28, 2023",05-12-2023,2,24757.48,5,93.77,47132.98,Credit Card,In-Transit,North,Mobile App,
ORD00185,CUST0025,PROD0077,19-10-2024,21-10-2024,1,10379.71,20,19.62,8323.39,credit card,Shipped,,Online,no
ORD00407,CUST0029,PROD0058,03-08-2024,04-08-2024,1,9834.07,5,14.75,9357.12,COD,Processing,  South  ,Mobile app,No
ORD00866,CUST0094,PROD0075,29-01-2024,"Feb 06, 2024",2,5250.56,0,82.59,10583.71,Debit Card,  DELIVERED  ,West,Online,No
ORD01631,CUST0187,PROD0100,30-08-2023,"Sep 03, 2023",3,₹15869.36,0,,47618.76,Credit Card,  cancelled  ,north,online,No
ORD00521,CUST0079,PROD0011,01-11-2023,"Nov 08, 2023",5,13029,0,93.99,65238.99,cod,Cancelled,west,Mobile App,No
ORD01004,CUST0147,PROD0090,03-06-2023,,2,12088.33,10,,21841.75,upi,processing,North,  Mobile App  ,No
ORD00381,CUST0077,PROD0042,24-08-2024,"Aug 22, 2024",1,17560.96,0,38.42,17599.38,upi,  Shipped  ,east,  Online  ,No
ORD01435,CUST0024,PROD0033,29-01-2024,30-01-2024,-1,14138.95,20,,11557.4,Net Banking,In-Transit,East,Mobile app,No
ORD01659,CUST0020,PROD0039,11-01-2024,09-01-2024,2,15091.15,0,209.4,30391.7,Cash on Delivery,delivered,north,Online,No
ORD01394,CUST0075,PROD0046,05-07-2023,06-07-2023,1,₹6541.32,15,,5720.13,Cash on Delivery,cancelled,east,In-Store,
ORD01425,CUST0002,PROD0100,27-07-2023,25-07-2023,1,15869.36,15,51.13,13540.09,debit card,Cancelled,South,Mobile app,No
ORD01613,CUST0139,PROD0061,"Aug 02, 2024",08-08-2024,5,18867.21,0,229.92,94565.97,UPI,  cancelled  ,East,in-store,no
ORD00428,CUST0056,PROD0018,"Sep 08, 2024","Sep 14, 2024",2,21702.52,15,69.35,36963.63,upi,Returned,South,Mobile App,No
ORD00079,CUST0087,PROD0077,20-09-2024,25-09-2024,1,10379.71,20,235.61,8539.38,Debit Card,cancelled,N/A,Mobile app,
ORD01598,CUST0106,PROD0065,07-04-2024,,2,1226.5,0,32.39,2485.39,Debit Card,processing,  N/A  ,in-store,No
ORD01010,CUST0151,PROD0041,05-08-2024,"Aug 14, 2024",5,₹1025.38,,41.87,5168.77,UPI,Shipped,west,in-store,
ORD01176,CUST0122,PROD0015,04-09-2023,"Sep 03, 2023",5,6720.45,0,147.42,33749.67,COD,cancelled,East,Mobile App,
ORD01662,CUST0027,PROD0015,29-07-2024,06-08-2024,1,6720.45,10,2.43,6050.84,  Cash on Delivery  ,processing,North,Mobile App,No
ORD00608,CUST0158,PROD0094,10-04-2024,14-04-2024,1,5579.66,,70.43,5650.09,debit card,cancelled,south,Mobile app,No
ORD01775,CUST0082,PROD0075,04-08-2024,02-08-2024,1,5250.56,10,231.27,4956.77,CREDIT CARD,Cancelled,north,online,No
ORD01357,CUST0100,PROD0021,14-01-2024,24-01-2024,2,6518.87,0,154.9,13192.64,Debit Card,  cancelled  ,,Mobile app,No
ORD01814,CUST0086,PROD0012,19-03-2024,25-03-2024,3,1389.5,0,161.82,4330.32,Debit Card,Returned,,in-store,Yes
ORD01058,CUST0095,PROD0044,28-04-2024,,1,15370.27,0,9.32,15379.59,  credit card  ,DELIVERED,,In-Store,Yes
ORD01441,CUST0107,PROD0051,24-06-2023,30-06-2023,1,4843.02,0,35.08,4878.1,  Cash on Delivery  ,shipped,west,Mobile app,no
ORD01515,CUST0092,PROD0054,18-03-2024,"Mar 27, 2024",3,16339.85,0,,49182.7,Net Banking,processing,  north  ,Mobile App,No
ORD01586,CUST0171,PROD0098,13-12-2024,16-12-2024,1,16965.86,5,95.51,16213.08,  COD  ,  processing  ,N/A,Online,No
ORD01092,CUST0188,PROD0029,24-12-2023,24-12-2023,5,13437.78,0,132.09,67320.99,credit card,processing,North,  online  ,yes
ORD01561,CUST0122,PROD0084,"Oct 16, 2024","Oct 16, 2024",1,12225.64,10,36.15,11039.23,Cash on Delivery,DELIVERED,west,online,No
ORD01102,CUST0061,PROD0002,02-06-2023,,3,10538.65,0,11.81,31627.76,credit card,Processing,,Mobile App,Yes
ORD01130,CUST0174,PROD0079,13-02-2023,21-02-2023,1,14974.24,5,117.88,14343.41,upi,  cancelled  ,North,Mobile App,yes
ORD01236,CUST0007,PROD0051,09-05-2024,17-05-2024,5,4843.02,5,5.56,23009.91,upi,  cancelled  ,west,in-store,Yes
ORD01757,CUST0135,PROD0098,"Nov 14, 2023",14-11-2023,-1,16965.86,0,248.38,17214.24,credit card,processing,West,Mobile app,No
ORD00959,CUST0151,PROD0067,10-02-2024,"Feb 15, 2024",5,12277.6,0,48.97,61436.97,Credit Card,shipped,west,In-Store,no
ORD01663,CUST0010,PROD0065,05-01-2024,09-01-2024,1,1226.5,10,198.1,1301.95,credit card,Delivered,West,Online,No
ORD00560,CUST0046,PROD0066,25-08-2024,,1,16714.6,5,74.34,15953.21,upi,shipped,south,online,No
ORD00847,CUST0005,PROD0099,01-10-2024,11-10-2024,-1,17888.32,0,31.44,17919.76,net banking,delivered,N/A,in-store,yes
ORD00691,CUST0131,PROD0048,28-11-2024,07-12-2024,1,14926.77,5,24.66,14205.09,COD,Processing,North,Online,No
ORD01520,CUST0086,PROD0011,"Sep 17, 2024",25-09-2024,2,13029,0,189.77,26247.77,UPI,returned,east,  online  ,No
ORD01496,CUST0092,PROD0096,30-10-2023,02-11-2023,-1,1277.29,15,125.88,1211.58,credit card,DELIVERED,west,Mobile App,No
ORD00716,CUST0032,PROD0008,22-12-2024,,2,15504.24,0,46.39,31054.87,credit card,cancelled,south,  Mobile app  ,no
ORD00437,CUST0139,PROD0099,01-05-2023,,2,17888.32,,73.39,35850.03,  COD  ,returned,North,online,no
ORD00491,CUST0191,PROD0094,14-05-2023,"May 19, 2023",3,5579.66,0,59.93,16798.91,upi,  shipped  ,North,  Mobile App  ,No
ORD00872,CUST0171,PROD0066,20-03-2024,27-03-2024,4,16714.6,20,15.65,53502.37,Cash on Delivery,Cancelled,North,  Online  ,no
ORD01829,CUST0106,PROD0040,"Nov 08, 2023",18-11-2023,5,18476.06,5,166.12,87927.4,  upi  ,Delivered,,Mobile app,No
ORD01630,CUST0195,PROD0083,27-11-2023,04-12-2023,4,17414.05,20,227.9,55952.86,CREDIT CARD,  DELIVERED  ,east,In-Store,no
ORD01388,CUST0147,PROD0040,15-12-2024,"Dec 25, 2024",1,18476.06,10,46.64,16675.09,debit card,Cancelled,East,in-store,
ORD00070,CUST0123,PROD0070,11-05-2024,,-1,2262.55,15,,2020.27,  debit card  ,Delivered,west,  in-store  ,No
ORD01573,CUST0088,PROD0035,"Oct 25, 2024",03-11-2024,5,13720.55,10,23.81,61766.28,Debit Card,DELIVERED,N/A,Mobile App,yes
ORD00809,CUST0025,PROD0098,23-10-2023,25-10-2023,-1,16965.86,0,19.06,16984.92,  debit card  ,DELIVERED,South,online,No
ORD01185,CUST0028,PROD0095,11-03-2024,,1,14966.39,0,79.1,15045.49,cod,Cancelled,N/A,online,no
ORD00012,CUST0071,PROD0008,24-07-2024,31-07-2024,1,15504.24,20,138.96,12542.35,  CREDIT CARD  ,shipped,  east  ,In-Store,no
ORD00145,CUST0123,PROD0099,27-08-2023,26-08-2023,2,17888.32,20,64.45,28685.76,,processing,West,Mobile app,no
ORD00918,CUST0195,PROD0057,12-09-2023,13-09-2023,2,12771.68,0,,25616.76,  COD  ,processing,north,in-store,No
ORD01542,CUST0170,PROD0099,17-11-2023,20-11-2023,5,17888.32,20,185.36,71738.64,net banking,  In-Transit  ,East,in-store,No
ORD01452,CUST0047,PROD0021,"Aug 21, 2023",,4,6518.87,5,,24976.92,Net Banking,processing,West,  Online  ,yes
ORD00640,CUST0156,PROD0076,20-01-2024,18-01-2024,1,16298.66,0,159.91,16458.57,cod,delivered,south,  Mobile app  ,No
ORD00177,CUST0083,PROD0093,06-03-2023,14-03-2023,-1,6077.42,20,47.47,4909.41,credit card,delivered,N/A,Mobile app,No
ORD00995,CUST0175,PROD0050,25-02-2023,05-03-2023,1,17713.67,0,158.46,17872.13,  debit card  ,In-Transit,South,Mobile app,No
ORD00441,CUST0031,PROD0054,15-05-2024,21-05-2024,5,16339.85,0,81.22,81780.47,CREDIT CARD,  DELIVERED  ,south,in-store,No
ORD00522,CUST0108,PROD0053,17-04-2024,15-04-2024,-1,3950.23,0,239.37,4189.6,net banking,Cancelled,East,in-store,
ORD01799,CUST0088,PROD0022,27-05-2024,25-05-2024,1,21812.68,0,103.73,21916.41,debit card,In-Transit,  south  ,in-store,No
ORD01047,CUST0126,PROD0062,25-08-2023,24-08-2023,1,9273.98,0,109.46,9383.44,net banking,returned,,online,no
ORD01713,CUST0054,PROD0079,"Jun 12, 2024",15-06-2024,1,14974.24,,203.09,15177.33,Debit Card,processing,west,Mobile App,No
ORD01005,CUST0164,PROD0098,07-07-2024,13-07-2024,4,16965.86,10,60.74,61137.84,CREDIT CARD,Processing,North,Mobile App,yes
ORD01256,CUST0089,PROD0049,"Sep 16, 2024",23-09-2024,1,17373.31,5,53.83,16558.47,Cash on Delivery,DELIVERED,south,  online  ,No
ORD01235,CUST0144,PROD0050,21-01-2023,,2,17713.67,15,102.97,30216.21,debit card,cancelled,,in-store,No
ORD01665,CUST0068,PROD0034,25-09-2024,03-10-2024,-1,11290.33,,0.93,11291.26,Cash on Delivery,shipped,South,  In-Store  ,no
ORD00144,CUST0134,PROD0054,15-01-2024,13-01-2024,-1,16339.85,20,57.37,13129.25,cod,Processing,  South  ,online,No
ORD00754,CUST0155,PROD0061,05-02-2023,08-02-2023,2,18867.21,,54.14,37788.56,,returned,west,  Online  ,no
ORD00520,CUST0109,PROD0052,11-04-2023,13-04-2023,2,3087.94,10,43.33,5601.62,debit card,DELIVERED,east,in-store,No
ORD01533,CUST0137,PROD0055,28-06-2023,28-06-2023,1,18803.89,10,13.7,16937.2,debit card,Returned,West,  In-Store  ,Yes
ORD01323,CUST0021,PROD0020,"Sep 01, 2023",,4,9020.42,0,45.1,36126.78,net banking,delivered,East,in-store,
ORD00823,CUST0019,PROD0088,"Feb 09, 2024",,2,16043.08,10,239.85,29117.39,upi,  delivered  ,south,In-Store,No
ORD00429,CUST0138,PROD0027,"Mar 14, 2023","Mar 22, 2023",2,6491.69,5,178.61,12512.82,upi,cancelled,North,in-store,No
ORD00613,CUST0103,PROD0024,25-11-2024,27-11-2024,2,20116,0,101.8,40333.8,COD,  Cancelled  ,  South  ,In-Store,No
ORD01506,CUST0099,PROD0010,14-11-2024,"Nov 24, 2024",1,9930.05,0,160.75,10090.8,CREDIT CARD,Delivered,East,In-Store,No
ORD01033,CUST0155,PROD0039,"Aug 21, 2023",28-08-2023,1,15091.15,5,190.77,14527.36,credit card,Shipped,east,in-store,No
ORD00157,CUST0177,PROD0002,13-01-2023,21-01-2023,2,10538.65,20,145.25,17007.09,Cash on Delivery,  Cancelled  ,south,In-Store,No
ORD00540,CUST0112,PROD0008,"Sep 01, 2023",02-09-2023,1,15504.24,0,56.78,15561.02,Credit Card,DELIVERED,west,In-Store,No
ORD01531,CUST0185,PROD0060,20-08-2024,24-08-2024,4,21989,20,136.89,70501.69,UPI,Processing,,Mobile App,No
ORD01461,CUST0144,PROD0013,16-11-2023,"Nov 17, 2023",3,7082.45,5,221.18,20406.16,Debit Card,Shipped,west,in-store,yes
ORD01291,CUST0048,PROD0072,17-05-2023,"May 20, 2023",2,22878.54,0,203.87,45960.95,  Debit Card  ,Processing,East,  In-Store  ,yes
ORD00462,CUST0038,PROD0012,27-11-2023,27-11-2023,1,1389.5,20,88.15,1199.75,COD,Shipped,east,online,
ORD00577,CUST0162,PROD0011,08-04-2023,14-04-2023,1,13029,5,216.21,12593.76,  cod  ,  Processing  ,West,Online,yes
ORD01363,CUST0188,PROD0036,10-08-2024,11-08-2024,1,1072.18,0,244.8,1316.98,upi,DELIVERED,  south  ,Mobile app,No
ORD00256,CUST0119,PROD0036,15-01-2023,"Jan 24, 2023",4,1072.18,5,61.96,4136.24,upi,Delivered,North,online,
ORD00980,CUST0021,PROD0071,06-01-2023,"Jan 16, 2023",3,1509.25,0,235.19,4762.94,Net Banking,shipped,South,Mobile app,no
ORD01186,CUST0183,PROD0032,25-08-2023,02-09-2023,3,₹8752.87,5,77.46,25023.14,Net Banking,  cancelled  ,north,In-Store,No
ORD01007,CUST0062,PROD0054,18-11-2024,28-11-2024,1,16339.85,0,221.19,16561.04,Net Banking,Delivered,,In-Store,No
ORD01522,CUST0060,PROD0014,04-07-2024,03-07-2024,1,17479.16,5,55.59,16660.79,Net Banking,Shipped,South,online,No
ORD01690,CUST0066,PROD0093,07-04-2024,09-04-2024,1,₹6077.42,0,16.1,6093.52,UPI,cancelled,west,online,No
ORD00561,CUST0046,PROD0019,"Feb 12, 2023",21-02-2023,2,7411.92,20,129.78,11988.85,debit card,Returned,west,In-Store,yes
ORD00209,CUST0181,PROD0037,"Mar 13, 2024",20-03-2024,3,8588.37,10,131.35,23319.95,Net Banking,Returned,East,in-store,No
ORD00911,CUST0150,PROD0057,03-01-2023,"Jan 03, 2023",1,12771.68,,17.47,12789.15,credit card,Shipped,west,Mobile app,yes
ORD01312,CUST0011,PROD0060,"Jul 29, 2023",01-08-2023,4,21989,,74.79,88030.79,Debit Card,  Processing  ,north,Mobile app,No
ORD00002,CUST0076,PROD0073,21-11-2024,"Dec 01, 2024",2,10432.09,0,152.74,21016.92,CREDIT CARD,Returned,south,In-Store,No
ORD01366,CUST0173,PROD0004,26-02-2024,05-03-2024,-1,10787.53,5,54.61,10302.76,Cash on Delivery,  Delivered  ,South,online,No
ORD00270,CUST0155,PROD0078,07-06-2024,05-06-2024,3,₹13015.36,20,36.99,31273.85,  Net Banking  ,  returned  ,South,In-Store,no
ORD00266,CUST0011,PROD0041,11-08-2024,11-08-2024,5,1025.38,10,92.42,4706.63,Net Banking,returned,East,in-store,No
ORD00915,CUST0192,PROD0045,10-11-2024,"Nov 08, 2024",1,13766.6,10,49.71,12439.65,Credit Card,Processing,  east  ,online,No
ORD00231,CUST0014,PROD0044,01-07-2024,11-07-2024,1,15370.27,,113.51,15483.78,debit card,DELIVERED,North,Mobile app,yes
ORD01394,CUST0075,PROD0046,05-07-2023,06-07-2023,1,₹6541.32,15,,5720.13,Cash on Delivery,cancelled,east,In-Store,
ORD01120,CUST0194,PROD0067,10-05-2023,"May 16, 2023",1,12277.6,0,44.79,12322.39,COD,processing,South,In-Store,No
ORD00929,CUST0051,PROD0004,"Jan 18, 2023",25-01-2023,4,10787.53,0,87.23,43237.35,Credit Card,  Shipped  ,South,in-store,No
ORD00865,CUST0104,PROD0097,04-09-2024,"Sep 13, 2024",4,18995.32,20,217.39,61002.41,Net Banking,  delivered  ,N/A,Mobile App,No
ORD01067,CUST0193,PROD0041,13-09-2023,22-09-2023,1,1025.38,0,69.5,1094.88,Cash on Delivery,returned,north,online,No
ORD00874,CUST0165,PROD0053,04-10-2024,04-10-2024,1,3950.23,15,55.13,3412.83,Credit Card,In-Transit,west,In-Store,no
ORD01786,CUST0008,PROD0097,"Feb 20, 2024","Feb 23, 2024",-1,18995.32,,73.29,19068.61,Net Banking,Cancelled,,Mobile app,No
ORD00399,CUST0061,PROD0065,22-03-2023,26-03-2023,5,1226.5,10,41.04,5560.29,COD,Shipped,north,online,No
ORD01817,CUST0080,PROD0019,01-11-2024,,2,7411.92,0,51.1,14874.94,COD,delivered,N/A,in-store,No
ORD01653,CUST0008,PROD0004,"Aug 17, 2024",16-08-2024,2,10787.53,5,78.22,20574.53,debit card,  delivered  ,west,in-store,no
ORD00046,CUST0178,PROD0048,10-04-2024,15-04-2024,3,14926.77,0,217.23,44997.54,net banking,cancelled,West,online,no
ORD00162,CUST0043,PROD0082,12-12-2023,16-12-2023,4,13459.02,0,19.78,53855.86,upi,shipped,west,Mobile App,
ORD00992,CUST0078,PROD0023,22-11-2023,02-12-2023,2,24502.56,20,230.28,39434.38,Net Banking,shipped,  North  ,online,No
ORD00728,CUST0155,PROD0094,30-09-2023,29-09-2023,5,5579.66,20,194.36,22513,COD,  Delivered  ,south,  Mobile App  ,no
ORD00630,CUST0190,PROD0069,23-03-2023,02-04-2023,1,18001.79,,141.68,18143.47,cod,In-Transit,west,In-Store,No
ORD00289,CUST0099,PROD0058,19-11-2023,23-11-2023,5,9834.07,,9,49179.35,debit card,In-Transit,east,online,
ORD01614,CUST0171,PROD0074,06-02-2024,08-02-2024,2,4666.71,0,106.78,9440.2,  Credit Card  ,Cancelled,South,Mobile app,No
ORD01060,CUST0001,PROD0072,16-03-2024,"Mar 26, 2024",1,22878.54,5,236.1,21970.71,upi,  Shipped  ,South,Online,No
ORD00596,CUST0198,PROD0083,"Jun 19, 2024","Jun 24, 2024",1,17414.05,0,237.42,17651.47,COD,processing,north,  In-Store  ,No
ORD00576,CUST0128,PROD0094,"Feb 08, 2024",11-02-2024,-1,5579.66,0,113.07,5692.73,credit card,processing,north,Mobile App,No
ORD00851,CUST0088,PROD0070,30-11-2024,30-11-2024,2,2262.55,5,239.8,4538.65,debit card,returned,,  in-store  ,Yes
ORD01340,CUST0054,PROD0093,24-03-2024,28-03-2024,-1,6077.42,5,222.78,5996.33,UPI,DELIVERED,  north  ,Mobile App,Yes
ORD00912,CUST0036,PROD0075,25-07-2024,31-07-2024,2,5250.56,0,37.31,10538.43,net banking,Shipped,East,  Online  ,yes
ORD01255,CUST0066,PROD0024,11-09-2024,17-09-2024,4,₹20116.0,0,41.45,80505.45,Net Banking,Processing,,online,No
ORD01723,CUST0190,PROD0032,14-02-2024,"Feb 21, 2024",4,₹8752.87,0,237.01,35248.49,Credit Card,Processing,west,  Mobile App  ,Yes
ORD01810,CUST0010,PROD0064,24-12-2024,22-12-2024,-1,13808.45,5,68.24,13186.27,upi,processing,East,in-store,No
ORD01736,CUST0058,PROD0055,15-07-2024,22-07-2024,3,18803.89,,149.28,56560.95,credit card,delivered,North,  in-store  ,Yes
ORD00933,CUST0064,PROD0086,"Dec 25, 2024",24-12-2024,3,1008.99,0,10.57,3037.54,  Net Banking  ,cancelled,,in-store,No
ORD01101,CUST0143,PROD0070,09-08-2024,"Aug 15, 2024",2,2262.55,0,82.47,4607.57,debit card,In-Transit,South,in-store,No
ORD01658,CUST0073,PROD0039,07-11-2023,07-11-2023,1,15091.15,0,40.02,15131.17,cod,delivered,West,online,No
ORD01208,CUST0058,PROD0052,17-08-2024,23-08-2024,-1,3087.94,10,173.79,2952.94,upi,DELIVERED,,  online  ,No
ORD00248,CUST0037,PROD0097,"Mar 01, 2024",,3,18995.32,0,109.67,57095.63,  CREDIT CARD  ,Delivered,west,  Online  ,No
ORD00477,CUST0063,PROD0090,28-07-2024,26-07-2024,1,12088.33,0,72.67,12161,UPI,Returned,west,Mobile app,no
ORD01695,CUST0176,PROD0091,20-01-2023,"Jan 18, 2023",3,18810.69,0,8.09,56440.16,CREDIT CARD,Shipped,North,Online,No
ORD00086,CUST0151,PROD0075,13-04-2023,12-04-2023,1,5250.56,10,216.87,4942.37,Credit Card,DELIVERED,north,online,No
ORD00470,CUST0049,PROD0071,"Jul 26, 2023","Aug 03, 2023",1,1509.25,5,67.29,1501.08,credit card,  shipped  ,North,Mobile App,no
ORD00226,CUST0033,PROD0038,"Mar 05, 2023",08-03-2023,-1,7505.7,0,0.21,7505.91,upi,In-Transit,,online,no
ORD00775,CUST0104,PROD0027,12-08-2023,15-08-2023,3,6491.69,20,68.54,15648.6,,  Processing  ,West,Mobile app,no
ORD00332,CUST0013,PROD0057,"Apr 13, 2024",23-04-2024,1,12771.68,0,,12967.09,COD,delivered,West,Mobile App,No
ORD00234,CUST0040,PROD0064,27-02-2024,08-03-2024,4,13808.45,5,165.17,52637.28,Credit Card,DELIVERED,west,online,No
ORD00589,CUST0070,PROD0005,24-10-2024,26-10-2024,5,2915.38,20,10.98,11672.5,Net Banking,  Processing  ,west,online,No
ORD00476,CUST0105,PROD0080,"Nov 27, 2024",27-11-2024,5,2998.2,15,128.12,12870.47,COD,  Delivered  ,,  Mobile app  ,No
ORD01285,CUST0017,PROD0047,31-05-2024,03-06-2024,1,1927.67,0,93.61,2021.28,credit card,cancelled,  west  ,Online,No
ORD00961,CUST0151,PROD0094,31-01-2024,10-02-2024,-1,5579.66,0,115.3,5694.96,debit card,DELIVERED,  South  ,Mobile app,No
ORD00600,CUST0069,PROD0074,15-02-2024,"Feb 22, 2024",1,4666.71,0,128.05,4794.76,CREDIT CARD,processing,south,Online,yes
ORD00422,CUST0112,PROD0020,04-10-2024,13-10-2024,4,9020.42,5,8.5,34286.1,upi,In-Transit,South,online,no
ORD01712,CUST0099,PROD0082,18-12-2023,20-12-2023,2,13459.02,10,,24418.39,debit card,Shipped,south,in-store,
ORD00183,CUST0035,PROD0039,07-01-2023,09-01-2023,2,15091.15,5,213.93,28887.11,  Cash on Delivery  ,  DELIVERED  ,South,  Online  ,No
ORD00989,CUST0153,PROD0033,13-10-2023,"Oct 18, 2023",1,14138.95,20,209.08,11520.24,debit card,returned,South,In-Store,Yes
ORD01001,CUST0004,PROD0083,20-01-2023,24-01-2023,4,17414.05,0,18.42,69674.62,Net Banking,returned,north,Mobile app,No
ORD01642,CUST0020,PROD0040,"Jul 14, 2023",,2,18476.06,20,,29567.69,debit card,cancelled,South,  Online  ,
ORD01357,CUST0100,PROD0021,14-01-2024,24-01-2024,2,6518.87,0,154.9,13192.64,Debit Card,  cancelled  ,,Mobile app,No
ORD01463,CUST0173,PROD0049,"Jul 07, 2023",17-07-2023,3,17373.31,0,172.98,52292.91,UPI,shipped,south,Online,No
ORD00050,CUST0178,PROD0017,04-05-2024,03-05-2024,2,5329.54,20,22.33,8549.59,CREDIT CARD,  processing  ,East,Online,Yes
ORD01338,CUST0192,PROD0004,11-08-2024,20-08-2024,4,10787.53,0,29.14,43179.26,upi,cancelled,east,Online,No
ORD01030,CUST0118,PROD0034,01-10-2023,09-10-2023,5,11290.33,0,28.11,56479.76,  cod  ,returned,east,Mobile App,No
ORD00530,CUST0166,PROD0062,21-01-2024,"Jan 26, 2024",1,9273.98,10,32.36,8378.94,  Credit Card  ,Delivered,East,In-Store,No
ORD01259,CUST0019,PROD0028,"Nov 04, 2023",03-11-2023,1,20039.63,5,129.15,19166.8,  Credit Card  ,Processing,,in-store,No
ORD00487,CUST0121,PROD0016,26-12-2023,,5,9295.74,20,227,37409.96,COD,shipped,north,online,Yes
ORD00934,CUST0166,PROD0009,23-07-2023,28-07-2023,5,9274.78,0,203.42,46577.32,CREDIT CARD,Shipped,west,Mobile App,no
ORD00498,CUST0030,PROD0024,27-11-2023,01-12-2023,1,20116,15,61.33,17159.93,,In-Transit,North,Mobile app,No
ORD01647,CUST0096,PROD0014,18-10-2024,20-10-2024,3,17479.16,10,151.89,47345.62,upi,cancelled,N/A,  in-store  ,no
ORD00107,CUST0190,PROD0015,08-04-2023,18-04-2023,1,6720.45,0,213,6933.45,UPI,Cancelled,  East  ,Online,No
ORD00444,CUST0103,PROD0005,08-10-2023,09-10-2023,1,2915.38,20,4.42,2336.72,Debit Card,Shipped,south,online,No
ORD01513,CUST0097,PROD0067,20-03-2024,24-03-2024,5,12277.6,10,114.25,55363.45,,cancelled,,Online,No
ORD00647,CUST0047,PROD0013,27-01-2023,02-02-2023,1,7082.45,0,135.02,7217.47,CREDIT CARD,cancelled,  north  ,In-Store,No
ORD01037,CUST0048,PROD0050,13-09-2024,18-09-2024,1,₹17713.67,0,207.44,17921.11,UPI,processing,  N/A  ,  In-Store  ,
ORD01763,CUST0106,PROD0067,10-09-2024,19-09-2024,2,12277.6,,223.09,24778.29,net banking,delivered,south,in-store,No
ORD00727,CUST0059,PROD0091,30-08-2024,06-09-2024,2,18810.69,5,122.15,35862.46,Cash on Delivery,Cancelled,South,in-store,No
ORD00191,CUST0097,PROD0075,10-11-2024,"Nov 16, 2024",1,5250.56,10,42.58,4768.08,credit card,cancelled,  north  ,Mobile app,yes
ORD01789,CUST0005,PROD0005,22-09-2023,01-10-2023,2,2915.38,20,63.83,4728.44,  cod  ,Returned,north,Online,No
ORD00283,CUST0029,PROD0098,18-11-2023,17-11-2023,5,16965.86,0,,84959.23,  credit card  ,cancelled,north,  online  ,yes
ORD00030,CUST0178,PROD0026,05-05-2024,08-05-2024,1,21234.71,20,242.18,17229.95,  debit card  ,cancelled,south,  Online  ,No
ORD00170,CUST0004,PROD0064,11-08-2023,14-08-2023,4,13808.45,10,,49906.85,CREDIT CARD,Delivered,north,  online  ,No
ORD01002,CUST0170,PROD0025,06-08-2024,,2,15641.95,15,215.47,26806.79,  CREDIT CARD  ,Cancelled,south,Online,No
ORD01205,CUST0078,PROD0001,04-03-2024,"Mar 13, 2024",5,₹21533.94,15,188.38,91707.62,CREDIT CARD,Processing,  North  ,In-Store,No
ORD00101,CUST0099,PROD0065,25-08-2024,27-08-2024,1,1226.5,0,205.96,1432.46,  COD  ,DELIVERED,  south  ,online,No
ORD00198,CUST0122,PROD0018,17-06-2023,18-06-2023,2,21702.52,0,102.15,43507.19,Debit Card,delivered,East,online,no
ORD00496,CUST0045,PROD0026,"Dec 04, 2024",13-12-2024,2,21234.71,20,25.72,34001.26,upi,Processing,north,Mobile App,
ORD01746,CUST0068,PROD0020,21-12-2023,28-12-2023,5,9020.42,0,2.16,45104.26,Net Banking,  returned  ,South,Mobile app,Yes
ORD00648,CUST0198,PROD0046,28-01-2023,,5,6541.32,0,208.54,32915.14,Credit Card,Returned,west,online,No
ORD00988,CUST0180,PROD0084,30-03-2023,05-04-2023,2,12225.64,15,174.78,20958.37,net banking,Processing,West,  online  ,No
ORD00045,CUST0180,PROD0017,13-09-2023,"Sep 13, 2023",3,5329.54,5,190.37,15379.56,credit card,processing,South,  online  ,yes
ORD00026,CUST0069,PROD0020,25-01-2024,03-02-2024,1,9020.42,20,79.17,7295.51,credit card,DELIVERED,east,online,
ORD00711,CUST0183,PROD0011,"Dec 30, 2023",06-01-2024,5,13029,0,155.47,65300.47,net banking,Delivered,west,Mobile App,Yes
ORD00374,CUST0166,PROD0097,05-06-2024,08-06-2024,5,18995.32,,44.75,95021.35,upi,  processing  ,,Mobile app,No
ORD00679,CUST0159,PROD0057,24-05-2024,,4,12771.68,0,238.29,51325.01,Net Banking,In-Transit,East,Online,Yes
ORD00567,CUST0124,PROD0068,03-11-2024,03-11-2024,2,3558.79,5,218.76,6980.46,Debit Card,delivered,  north  ,online,yes
ORD01673,CUST0146,PROD0039,13-03-2024,22-03-2024,1,15091.15,10,126.64,13708.67,net banking,cancelled,south,Mobile app,No
ORD01822,CUST0061,PROD0022,07-04-2023,14-04-2023,-1,21812.68,15,189.39,18730.17,CREDIT CARD,Cancelled,North,online,No
ORD00848,CUST0161,PROD0094,22-09-2023,30-09-2023,1,5579.66,,124.61,5704.27,upi,shipped,West,In-Store,No
ORD00461,CUST0068,PROD0092,20-03-2023,30-03-2023,1,6775.54,0,194.45,6969.99,credit card,delivered,,online,yes
ORD01438,CUST0167,PROD0026,28-02-2023,08-03-2023,2,21234.71,5,80.07,40426.02,Debit Card,Delivered,South,Online,No
ORD01156,CUST0127,PROD0026,"Apr 12, 2024",,-1,₹21234.71,,185,21419.71,net banking,delivered,N/A,online,No
ORD00040,CUST0143,PROD0022,16-05-2024,18-05-2024,1,21812.68,0,78.65,21891.33,upi,returned,N/A,  Mobile app  ,No
ORD00435,CUST0128,PROD0066,"Dec 02, 2024",10-12-2024,-1,16714.6,0,101.37,16815.97,Debit Card,In-Transit,N/A,Mobile app,
ORD00974,CUST0108,PROD0097,17-07-2024,"Jul 25, 2024",1,18995.32,5,78.72,18124.27,Credit Card,Shipped,North,online,no
ORD01240,CUST0042,PROD0074,"Nov 23, 2024","Nov 21, 2024",5,4666.71,5,235.88,22402.75,net banking,DELIVERED,west,  Online  ,no
ORD01008,CUST0114,PROD0015,"Apr 04, 2023",,3,6720.45,0,56.41,20217.76,COD,Processing,East,Online,No
ORD01580,CUST0117,PROD0017,17-05-2023,23-05-2023,-1,5329.54,5,67.52,5130.58,Cash on Delivery,Delivered,South,Mobile App,No
ORD01591,CUST0100,PROD0039,01-11-2024,"Nov 04, 2024",4,15091.15,10,153.69,54481.83,  COD  ,Shipped,,Mobile app,No
ORD01787,CUST0148,PROD0064,10-07-2023,"Jul 10, 2023",-1,13808.45,15,228.33,11965.51,  credit card  ,Shipped,,Online,no
ORD01499,CUST0025,PROD0041,03-02-2024,"Feb 04, 2024",1,1025.38,5,2.17,976.28,Credit Card,processing,,online,yes
ORD00457,CUST0022,PROD0035,27-05-2023,04-06-2023,1,13720.55,0,239.4,13959.95,  Cash on Delivery  ,Returned,  East  ,  Mobile App  ,No
ORD01836,CUST0071,PROD0059,16-03-2024,25-03-2024,1,₹2138.13,0,106.51,2244.64,  COD  ,cancelled,south,Mobile App,no
ORD00261,CUST0180,PROD0027,19-08-2023,22-08-2023,3,6491.69,10,125.89,17653.45,credit card,Returned,N/A,Mobile app,yes
ORD01841,CUST0182,PROD0021,25-07-2024,03-08-2024,3,6518.87,0,122.6,19679.21,CREDIT CARD,delivered,West,  Mobile App  ,No
ORD00036,CUST0006,PROD0044,"Oct 25, 2024","Oct 24, 2024",1,15370.27,5,129,14730.76,COD,DELIVERED,East,Mobile app,no
ORD00828,CUST0066,PROD0089,12-04-2023,,-1,21184.51,10,186.6,19252.66,  debit card  ,Shipped,N/A,in-store,
ORD00310,CUST0176,PROD0083,14-04-2024,13-04-2024,1,17414.05,,33.3,17447.35,  cod  ,Processing,north,Online,No
ORD00277,CUST0125,PROD0053,15-12-2023,"Dec 15, 2023",1,3950.23,5,38.64,3791.36,net banking,In-Transit,N/A,Mobile app,Yes
ORD00637,CUST0059,PROD0034,28-04-2024,30-04-2024,3,11290.33,0,76.56,33947.55,upi,Delivered,east,  Online  ,yes
ORD00655,CUST0155,PROD0082,01-01-2023,"Jan 03, 2023",5,13459.02,,224.89,67519.99,Net Banking,Returned,,In-Store,No
ORD00623,CUST0031,PROD0092,13-09-2024,21-09-2024,-1,6775.54,0,109.63,6885.17,upi,In-Transit,N/A,Mobile app,no
ORD00145,CUST0123,PROD0099,27-08-2023,26-08-2023,2,17888.32,20,64.45,28685.76,,processing,West,Mobile app,no
ORD00845,CUST0170,PROD0034,"Sep 09, 2023",13-09-2023,3,11290.33,15,22.17,28812.51,  CREDIT CARD  ,shipped,N/A,In-Store,yes
ORD00394,CUST0027,PROD0092,"Jul 03, 2024",13-07-2024,1,6775.54,10,239.76,6337.75,  UPI  ,DELIVERED,south,Mobile app,No
ORD01770,CUST0007,PROD0044,28-11-2023,06-12-2023,2,15370.27,20,33.5,24625.93,debit card,delivered,N/A,In-Store,No
ORD00108,CUST0117,PROD0035,30-01-2024,08-02-2024,5,13720.55,20,162.21,55044.41,Cash on Delivery,Returned,,  Mobile app  ,No
ORD00350,CUST0082,PROD0019,27-02-2024,,2,7411.92,20,235.39,12094.46,net banking,returned,east,Online,No
ORD00525,CUST0125,PROD0080,"Dec 05, 2024","Dec 06, 2024",1,2998.2,0,0.01,2998.21,net banking,  Returned  ,east,  Online  ,yes
ORD00785,CUST0120,PROD0048,29-07-2023,03-08-2023,1,14926.77,20,239.9,12181.32,upi,processing,east,Online,yes
ORD00048,CUST0110,PROD0026,06-12-2024,06-12-2024,2,21234.71,0,218.61,42688.03,CREDIT CARD,  Delivered  ,  east  ,Mobile app,No
ORD00204,CUST0042,PROD0019,03-07-2023,13-07-2023,1,7411.92,20,77.02,6006.56,Cash on Delivery,shipped,  North  ,online,No
ORD01035,CUST0158,PROD0046,06-11-2024,14-11-2024,2,6541.32,5,37.09,12465.6,Cash on Delivery,Processing,East,  Online  ,No
ORD01656,CUST0145,PROD0095,"Feb 14, 2023",16-02-2023,1,14966.39,0,193.05,15159.44,cod,returned,South,In-Store,No
ORD00022,CUST0164,PROD0002,20-12-2024,20-12-2024,1,10538.65,,211.33,10749.98,cod,Processing,west,Mobile App,No
ORD00403,CUST0196,PROD0056,19-09-2023,29-09-2023,3,24757.48,,158.74,74431.18,Credit Card,Cancelled,North,Mobile app,No
ORD01108,CUST0044,PROD0013,26-08-2023,01-09-2023,2,7082.45,15,1.53,12041.69,cod,Processing,  North  ,Online,no
ORD01155,CUST0002,PROD0001,12-06-2024,18-06-2024,1,21533.94,0,63.03,21596.97,Cash on Delivery,In-Transit,East,In-Store,No
ORD01440,CUST0086,PROD0090,13-10-2023,12-10-2023,3,₹12088.33,0,156.25,36421.24,Net Banking,cancelled,  east  ,Online,No
ORD00990,CUST0010,PROD0034,"Dec 07, 2023",05-12-2023,1,11290.33,15,193.67,9790.45,cod,Cancelled,  west  ,Mobile App,No
ORD01306,CUST0176,PROD0065,"Feb 21, 2024",23-02-2024,3,1226.5,,166.38,3845.88,UPI,delivered,East,  Mobile App  ,No
ORD00742,CUST0117,PROD0027,04-05-2023,12-05-2023,1,6491.69,,43.65,6535.34,debit card,  shipped  ,North,Mobile app,Yes
ORD01722,CUST0128,PROD0063,05-07-2024,12-07-2024,2,6598.24,5,58.02,12594.68,upi,Delivered,North,in-store,No
ORD01311,CUST0156,PROD0061,02-09-2024,"Sep 07, 2024",5,18867.21,0,210.17,94546.22,debit card,returned,North,Mobile App,No
ORD01148,CUST0190,PROD0058,30-04-2024,30-04-2024,4,9834.07,0,52.06,39388.34,upi,delivered,west,in-store,
ORD00034,CUST0057,PROD0066,15-06-2024,"Jun 21, 2024",2,16714.6,,93.53,33522.73,Net Banking,  delivered  ,north,online,Yes
ORD00788,CUST0132,PROD0005,13-11-2024,23-11-2024,-1,2915.38,0,249.66,3165.04,COD,shipped,East,In-Store,No
ORD01541,CUST0014,PROD0009,25-11-2023,26-11-2023,1,9274.78,5,14.72,8825.76,  Credit Card  ,Processing,east,Mobile App,yes
ORD00924,CUST0041,PROD0088,08-10-2024,,1,16043.08,5,,15416.23,upi,Returned,,Mobile app,No
ORD01044,CUST0185,PROD0035,15-03-2023,14-03-2023,3,13720.55,15,107.07,35094.47,Cash on Delivery,Cancelled,west,in-store,No
ORD00016,CUST0079,PROD0034,04-01-2024,10-01-2024,5,11290.33,,24.65,56476.3,Cash on Delivery,  Shipped  ,East,Online,No
ORD01244,CUST0120,PROD0093,05-07-2024,04-07-2024,4,6077.42,,125.5,24435.18,  credit card  ,Cancelled,N/A,in-store,Yes
ORD01845,CUST0057,PROD0026,"Mar 02, 2023","Mar 02, 2023",3,21234.71,15,145.93,54294.44,CREDIT CARD,Shipped,South,Mobile App,yes
ORD00580,CUST0010,PROD0055,"May 22, 2024",22-05-2024,-1,18803.89,,34.97,18838.86,COD,  shipped  ,N/A,Mobile App,yes
ORD00482,CUST0051,PROD0010,14-11-2024,,1,9930.05,15,166.02,8606.56,UPI,delivered,east,Mobile App,Yes
ORD00932,CUST0032,PROD0033,"Feb 08, 2023",,2,14138.95,5,135.97,26999.98,COD,In-Transit,north,  in-store  ,No
ORD00357,CUST0050,PROD0057,10-01-2023,"Jan 11, 2023",1,12771.68,10,170.14,11664.65,Net Banking,Cancelled,North,Mobile App,No
ORD01686,CUST0112,PROD0065,26-04-2023,25-04-2023,1,1226.5,10,195.79,1299.64,UPI,returned,west,online,No
ORD01249,CUST0163,PROD0097,29-06-2023,"Jul 03, 2023",2,18995.32,10,70.15,34261.73,UPI,returned,  west  ,Online,No
ORD00760,CUST0035,PROD0096,19-12-2024,23-12-2024,1,1277.29,15,,1100.7,CREDIT CARD,Cancelled,West,online,No
ORD00093,CUST0118,PROD0033,12-08-2023,17-08-2023,2,14138.95,20,146.12,22768.44,  COD  ,delivered,west,Online,No
ORD01176,CUST0122,PROD0015,04-09-2023,"Sep 03, 2023",5,6720.45,0,147.42,33749.67,COD,cancelled,East,Mobile App,
ORD01416,CUST0086,PROD0082,"Nov 24, 2024","Nov 26, 2024",2,13459.02,20,219.18,21753.61,cod,Delivered,  South  ,In-Store,No
ORD01342,CUST0099,PROD0032,"May 16, 2024",26-05-2024,1,8752.87,20,54.55,7056.85,COD,Cancelled,south,in-store,No
ORD01473,CUST0042,PROD0066,"Apr 25, 2023","Apr 29, 2023",1,16714.6,0,185.91,16900.51,upi,Processing,South,Mobile App,No
ORD00804,CUST0071,PROD0068,05-02-2024,"Feb 11, 2024",2,3558.79,20,192.43,5886.49,Credit Card,  shipped  ,south,  Online  ,No
ORD00746,CUST0189,PROD0082,22-12-2023,26-12-2023,1,13459.02,20,93.03,10860.25,net banking,cancelled,south,online,No
ORD01547,CUST0127,PROD0095,12-05-2023,14-05-2023,2,14966.39,,234.82,30167.6,Credit Card,Cancelled,N/A,  Mobile app  ,No
ORD00280,CUST0169,PROD0066,30-08-2024,,5,16714.6,0,227.13,83800.13,Cash on Delivery,Shipped,,In-Store,No
ORD01608,CUST0065,PROD0036,24-01-2024,22-01-2024,4,1072.18,0,208.63,4497.35,,Processing,south,Mobile app,No
ORD00765,CUST0177,PROD0076,12-12-2024,"Dec 18, 2024",1,16298.66,,84.27,16382.93,debit card,shipped,north,in-store,yes
ORD00605,CUST0039,PROD0037,15-11-2023,19-11-2023,5,8588.37,0,65.25,43007.1,credit card,Cancelled,South,  Mobile app  ,Yes
ORD00264,CUST0134,PROD0083,"Dec 10, 2023",14-12-2023,3,17414.05,15,121.54,44527.37,debit card,DELIVERED,north,In-Store,No
ORD01374,CUST0110,PROD0025,11-09-2024,10-09-2024,2,15641.95,0,9.38,31293.28,debit card,DELIVERED,West,  Mobile app  ,No
ORD01399,CUST0132,PROD0095,"Jan 13, 2024",16-01-2024,2,14966.39,0,181.77,30114.55,cod,Shipped,East,Mobile app,No
ORD00401,CUST0153,PROD0069,06-06-2023,12-06-2023,1,18001.79,10,95.11,16296.72,cod,Returned,West,In-Store,Yes
ORD01729,CUST0190,PROD0035,17-05-2024,21-05-2024,1,13720.55,20,204.62,11181.06,UPI,DELIVERED,south,online,No
ORD00258,CUST0123,PROD0086,09-11-2023,09-11-2023,5,1008.99,0,244.11,5289.06,cod,processing,North,  Mobile app  ,No
ORD00945,CUST0158,PROD0006,"Mar 22, 2024","Mar 22, 2024",2,6650.61,20,,10760.86,credit card,shipped,South,In-Store,Yes
ORD00669,CUST0156,PROD0067,14-11-2024,18-11-2024,1,12277.6,0,147.59,12425.19,cod,  Processing  ,east,online,Yes
ORD01097,CUST0017,PROD0098,24-03-2024,"Mar 31, 2024",4,16965.86,,5.4,67868.84,  net banking  ,Cancelled,,in-store,No
ORD01220,CUST0115,PROD0023,19-07-2024,23-07-2024,2,24502.56,10,220.2,44324.81,debit card,Processing,,In-Store,Yes
ORD01508,CUST0160,PROD0030,09-11-2023,09-11-2023,2,509.37,0,73.51,1092.25,Debit Card,shipped,N/A,in-store,No
ORD01240,CUST0042,PROD0074,"Nov 23, 2024","Nov 21, 2024",5,4666.71,5,235.88,22402.75,net banking,DELIVERED,west,  Online  ,no
ORD01162,CUST0080,PROD0021,16-08-2023,19-08-2023,5,6518.87,0,2.11,32596.46,cod,Cancelled,South,in-store,No
ORD00495,CUST0084,PROD0018,14-08-2023,13-08-2023,1,21702.52,10,68.42,19600.69,Net Banking,cancelled,N/A,online,yes
ORD00773,CUST0079,PROD0056,16-08-2024,23-08-2024,4,24757.48,,53.35,99083.27,  upi  ,Processing,east,Online,yes
ORD00551,CUST0020,PROD0065,30-03-2024,29-03-2024,-1,1226.5,0,59.24,1285.74,Credit Card,Cancelled,,Mobile App,No
ORD01487,CUST0068,PROD0062,"Jan 28, 2023","Jan 30, 2023",4,9273.98,15,94.28,31625.81,net banking,returned,West,Online,No
ORD00202,CUST0035,PROD0051,"Feb 28, 2024",02-03-2024,5,4843.02,0,44.72,24259.82,COD,In-Transit,East,Mobile app,Yes
ORD00313,CUST0192,PROD0047,16-03-2024,18-03-2024,2,1927.67,10,129.24,3599.05,net banking,processing,west,Online,No
ORD00291,CUST0152,PROD0006,12-05-2023,15-05-2023,3,6650.61,0,191.3,20143.13,COD,  Shipped  ,West,In-Store,
ORD01214,CUST0185,PROD0099,23-05-2023,22-05-2023,1,17888.32,10,59.44,16158.93,debit card,Returned,,In-Store,No
ORD00764,CUST0199,PROD0019,18-10-2024,16-10-2024,3,7411.92,10,98.32,20110.5,debit card,Returned,N/A,online,No
ORD01137,CUST0104,PROD0037,01-05-2024,"May 06, 2024",1,8588.37,10,23.57,7753.1,net banking,processing,east,Online,No
ORD00950,CUST0140,PROD0055,"Sep 23, 2024","Oct 01, 2024",-1,18803.89,5,174.72,18038.42,Cash on Delivery,shipped,South,Mobile App,No
ORD00184,CUST0040,PROD0018,29-09-2023,02-10-2023,2,21702.52,5,64.06,41298.85,UPI,Returned,East,online,
ORD01177,CUST0193,PROD0007,03-06-2024,05-06-2024,1,2136.66,10,211.35,2134.34,credit card,Shipped,west,Mobile App,No
ORD01849,CUST0129,PROD0005,28-02-2024,28-02-2024,5,2915.38,10,85.12,13204.33,UPI,Processing,North,online,No
ORD01350,CUST0014,PROD0024,19-07-2023,17-07-2023,1,20116,20,218.57,16311.37,debit card,In-Transit,South,Online,No
ORD01728,CUST0039,PROD0021,10-12-2024,"Dec 18, 2024",-1,6518.87,0,240,6758.87,cod,cancelled,south,in-store,No
ORD01069,CUST0042,PROD0085,16-05-2023,18-05-2023,1,4165.37,15,14.62,3555.18,credit card,Returned,west,Mobile App,no
ORD01469,CUST0143,PROD0068,09-02-2023,11-02-2023,-1,3558.79,15,212.55,3237.52,upi,shipped,south,Online,No
ORD01812,CUST0151,PROD0035,25-05-2024,30-05-2024,3,13720.55,0,214.78,41376.43,upi,DELIVERED,east,in-store,No
ORD01031,CUST0057,PROD0057,18-04-2024,23-04-2024,1,12771.68,20,100.08,10317.42,COD,  Delivered  ,south,In-Store,
ORD00251,CUST0161,PROD0085,02-08-2023,04-08-2023,1,4165.37,5,28.17,3985.27,Credit Card,processing,south,  Mobile App  ,No
ORD00824,CUST0038,PROD0093,25-10-2024,"Nov 04, 2024",1,6077.42,15,81.28,5247.09,COD,  DELIVERED  ,West,online,No
ORD01100,CUST0042,PROD0052,"May 23, 2023",28-05-2023,1,₹3087.94,20,100.05,2570.4,debit card,  Cancelled  ,N/A,Online,Yes
ORD01537,CUST0031,PROD0063,"Jul 17, 2024",,3,6598.24,15,219.21,17044.72,credit card,DELIVERED,N/A,online,No
ORD00941,CUST0171,PROD0082,21-02-2023,23-02-2023,1,13459.02,15,57.33,11497.5,Credit Card,Returned,N/A,  Mobile app  ,No
ORD00392,CUST0171,PROD0022,21-06-2023,19-06-2023,4,21812.68,0,203.91,87454.63,upi,delivered,  West  ,In-Store,No
ORD01322,CUST0156,PROD0098,"Dec 30, 2024",07-01-2025,4,16965.86,0,101.25,67964.69,Credit Card,DELIVERED,North,  Mobile app  ,No
ORD01457,CUST0122,PROD0047,21-06-2024,"Jun 26, 2024",1,1927.67,10,60.93,1795.83,debit card,Shipped,east,in-store,
ORD01093,CUST0149,PROD0022,07-01-2023,15-01-2023,-1,21812.68,0,214.08,22026.76,upi,delivered,west,in-store,yes
ORD01192,CUST0012,PROD0058,02-03-2024,06-03-2024,2,9834.07,0,2.57,19670.71,Debit Card,Cancelled,  West  ,  Mobile app  ,no
ORD00905,CUST0097,PROD0095,09-01-2023,"Jan 08, 2023",-1,14966.39,5,,14321.91,Net Banking,cancelled,N/A,Mobile app,No
ORD00731,CUST0041,PROD0077,30-03-2024,"Apr 09, 2024",3,10379.71,0,234.23,31373.36,Credit Card,delivered,North,  Mobile App  ,yes
ORD00555,CUST0178,PROD0031,"Mar 31, 2024",09-04-2024,4,15661.2,15,19.92,53268,upi,Shipped,,In-Store,No
ORD00367,CUST0121,PROD0040,"Sep 09, 2024",12-09-2024,2,18476.06,15,242.57,31651.87,Credit Card,cancelled,south,In-Store,No
ORD00346,CUST0102,PROD0044,07-07-2024,"Jul 05, 2024",5,15370.27,10,161.48,69327.7,COD,  delivered  ,N/A,Online,No
ORD01609,CUST0088,PROD0057,04-07-2024,08-07-2024,3,12771.68,0,149.7,38464.74,upi,shipped,north,in-store,
ORD00536,CUST0041,PROD0037,18-03-2023,24-03-2023,2,8588.37,10,99.8,15558.87,COD,Delivered,North,Mobile App,No
ORD01423,CUST0092,PROD0083,06-07-2024,05-07-2024,3,17414.05,20,81.79,41875.51,COD,Processing,N/A,In-Store,No
ORD01210,CUST0154,PROD0079,18-05-2023,16-05-2023,1,14974.24,0,60.68,15034.92,CREDIT CARD,delivered,North,  online  ,No
ORD01373,CUST0024,PROD0016,16-05-2023,22-05-2023,5,9295.74,10,79.28,41910.11,Net Banking,returned,south,online,No
ORD01640,CUST0072,PROD0053,09-09-2023,07-09-2023,4,3950.23,0,186.25,15987.17,cod,cancelled,West,Mobile App,No
ORD00920,CUST0074,PROD0049,12-05-2023,10-05-2023,2,17373.31,15,248.64,29783.27,,Shipped,,in-store,No
ORD00212,CUST0087,PROD0087,05-05-2024,"May 10, 2024",1,3803.82,0,120.37,3924.19,cod,Delivered,N/A,Mobile App,yes
ORD01604,CUST0087,PROD0035,27-11-2024,25-11-2024,2,13720.55,0,152.21,27593.31,upi,cancelled,,Mobile app,no
ORD00503,CUST0058,PROD0007,11-01-2023,11-01-2023,1,2136.66,15,215.35,2031.51,net banking,Delivered,North,Mobile App,Yes
ORD00538,CUST0021,PROD0071,05-05-2024,05-05-2024,2,1509.25,0,26.02,3044.52,Debit Card,Delivered,North,Online,No
ORD01221,CUST0156,PROD0090,01-11-2024,,4,12088.33,0,,48561.19,UPI,Delivered,,Mobile App,No
ORD00176,CUST0154,PROD0071,14-06-2023,13-06-2023,-1,₹1509.25,0,112.35,1621.6,CREDIT CARD,Delivered,,Mobile App,No
